name,maxt,device,model_id,TTFT,TBT,total_new_tokens,total_time
Rpi,50,cuda,drush8/Qwen3-0.6B-INT4,0.046112775802612305,0.01031216066710803,200,2.067296266555786
Rpi,50,cuda,drush8/Qwen3-1.7B-INT4,0.0729377269744873,0.010873731301755321,200,2.2041890621185303
Rpi,50,cuda,drush8/Qwen3-0.6B-INT4,0.0817723274230957,0.011064643762549576,200,2.2504425048828125
Rpi,50,cuda,drush8/Qwen3-1.7B-INT4,0.14824700355529785,0.013377263837931107,200,2.770190715789795
Rpi,50,cuda,drush8/Qwen3-0.6B-INT4,0.15422296524047852,0.018365767537331094,200,3.753913402557373
Rpi,50,cuda,drush8/Qwen3-1.7B-INT4,0.3078148365020752,0.023668072661575005,200,4.946757078170776
