name,maxt,device,model_id,TTFT,TBT,total_new_tokens,total_time
desktop_5070,32,cpu,Qwen/Qwen3-0.6B,0.22616815567016602,0.05649439173360025,128,7.231472730636597
desktop_5070,32,cpu,Qwen/Qwen3-1.7B,0.5064573287963867,0.11532318207525438,128,14.80653190612793
desktop_5070,32,cpu,Qwen/Qwen3-4B,0.980412483215332,0.2295500309236588,128,29.444616317749023
desktop_5070,32,cpu,Qwen/Qwen3-8B,19.710569858551025,5.05546473879968,128,646.5881974697113
