{
  "batch": 5,
  "seq_len": 256,
  "ref_host": "Xiaomi_3",
  "capacity": {
    "4060_0": 1.3258789999999998,
    "4050_1": 1.1869999999999998,
    "Samsung_2": 1.0577777777777777,
    "Xiaomi_3": 1.0
  }
}