{
  "batch": 8,
  "seq_len": 256,
  "ref_host": "4050_3",
  "capacity": {
    "4060_0": 1.117,
    "Samsung_1": 0.8911354488439578,
    "Xiaomi_2": 0.8424599831508004,
    "4050_3": 1.0
  }
}