{
  "batch": 8,
  "seq_len": 256,
  "ref_host": "V100_3",
  "capacity": {
    "A40_0": 1.5257857796765333,
    "A40_1": 1.5257857796765333,
    "V100_2": 1.0,
    "V100_3": 1.0
  }
}