{
  "model": {
    "model_name": "google-bert/bert-base-uncased",
    "num_layers": 12,
    "parameters": {
      "total_parameters_bytes": 433981440,
      "parameters_per_layer_bytes": [
        28351488,
        28351488,
        28351488,
        28351488,
        28351488,
        28351488,
        28351488,
        28351488,
        28351488,
        28351488,
        28351488,
        28351488
      ]
    }
  },
  "execution_time": {
    "total_time_ms": 1146.1641839996446,
    "forward_backward_time_ms": 1096.616232796805,
    "batch_generator_time_ms": 99.74147798493505,
    "layernorm_grads_all_reduce_time_ms": 0.02,
    "embedding_grads_all_reduce_time_ms": 0.04,
    "optimizer_time_ms": -50.253526782095435,
    "layer_compute_total_ms": [
      89.749114762526,
      97.14948128385004,
      95.5418140074471,
      90.31444226275198,
      87.48524799011648,
      89.14661995368078,
      100.7876670191763,
      98.5286057839403,
      83.12002148886677,
      94.15150625864044,
      89.42074597871397,
      81.22096600709483
    ]
  },
  "execution_memory": {
    "total_memory": 5280.732421875,
    "layer_memory_total_mb": [
      432.609375,
      432.609375,
      432.609375,
      432.609375,
      432.609375,
      432.609375,
      432.609375,
      432.609375,
      432.609375,
      432.609375,
      432.609375,
      432.609375
    ]
  }
}