{
  "model": {
    "model_name": "Qwen/Qwen3-0.6B",
    "num_layers": 28,
    "parameters": {
      "total_parameters_bytes": 3006529536,
      "parameters_per_layer_bytes": [
        62923776,
        62923776,
        62923776,
        62923776,
        62923776,
        62923776,
        62923776,
        62923776,
        62923776,
        62923776,
        62923776,
        62923776,
        62923776,
        62923776,
        62923776,
        62923776,
        62923776,
        62923776,
        62923776,
        62923776,
        62923776,
        62923776,
        62923776,
        62923776,
        62923776,
        62923776,
        62923776,
        62923776
      ]
    }
  },
  "execution_time": {
    "total_time_ms": 3251.16551850806,
    "forward_backward_time_ms": 3457.5575427588774,
    "batch_generator_time_ms": 14.090181008214131,
    "layernorm_grads_all_reduce_time_ms": 0.02,
    "embedding_grads_all_reduce_time_ms": 0.04,
    "optimizer_time_ms": -220.54220525903162,
    "layer_compute_total_ms": [
      134.44456998695387,
      125.93323675537249,
      122.33494649262866,
      119.48109751392622,
      118.97346725163516,
      121.21456624299753,
      119.49672076298157,
      124.4498377564014,
      128.7134872545721,
      129.77876349759754,
      122.63224073831225,
      121.30938100017374,
      125.12787601008313,
      127.13153450022219,
      127.73269800527487,
      129.9542404958629,
      129.1926084741135,
      125.61739875673084,
      128.495174983982,
      125.12286024866626,
      122.09929276286857,
      124.79336675460218,
      123.96800450369483,
      119.68004974914948,
      122.2516449925024,
      120.73415501072304,
      112.07458800345194,
      104.81973425339675
    ]
  },
  "execution_memory": {
    "total_memory": 28070.94140625,
    "layer_memory_total_mb": [
      960.140625,
      960.140625,
      960.140625,
      960.140625,
      960.140625,
      960.140625,
      960.140625,
      960.140625,
      960.140625,
      960.140625,
      960.140625,
      960.140625,
      960.140625,
      960.140625,
      960.140625,
      960.140625,
      960.140625,
      960.140625,
      960.140625,
      960.140625,
      960.140625,
      960.140625,
      960.140625,
      960.140625,
      960.140625,
      960.140625,
      960.140625,
      960.140625
    ]
  }
}