{
  "model": {
    "model_name": "Qwen/Qwen3-0.6B",
    "num_layers": 28,
    "parameters": {
      "total_parameters_bytes": 3006529536,
      "parameters_per_layer_bytes": [
        62923776,
        62923776,
        62923776,
        62923776,
        62923776,
        62923776,
        62923776,
        62923776,
        62923776,
        62923776,
        62923776,
        62923776,
        62923776,
        62923776,
        62923776,
        62923776,
        62923776,
        62923776,
        62923776,
        62923776,
        62923776,
        62923776,
        62923776,
        62923776,
        62923776,
        62923776,
        62923776,
        62923776
      ]
    }
  },
  "execution_time": {
    "total_time_ms": 2288.6227654962568,
    "forward_backward_time_ms": 2048.7203875745763,
    "batch_generator_time_ms": 7.656696980120614,
    "layernorm_grads_all_reduce_time_ms": 0.02,
    "embedding_grads_all_reduce_time_ms": 0.04,
    "optimizer_time_ms": 232.18568094155984,
    "layer_compute_total_ms": [
      84.03444151190342,
      92.04847449291265,
      98.66788873478072,
      76.39017624023836,
      75.90989576419815,
      76.97286926850211,
      77.7426002532593,
      77.22034699690994,
      78.79198500450002,
      78.2627837616019,
      96.09476800687844,
      96.18752300593769,
      96.80740499607055,
      91.87632724933792,
      66.43009649997111,
      62.81873799889581,
      62.84820524888346,
      63.40299149451312,
      63.9182054947014,
      62.987353769131005,
      59.50833926181076,
      60.731890764145646,
      61.65210476319771,
      61.45647176163038,
      61.04012175637763,
      58.16741673334036,
      52.92710724461358,
      53.82385949633317
    ]
  },
  "execution_memory": {
    "total_memory": 28070.94140625,
    "layer_memory_total_mb": [
      960.140625,
      960.140625,
      960.140625,
      960.140625,
      960.140625,
      960.140625,
      960.140625,
      960.140625,
      960.140625,
      960.140625,
      960.140625,
      960.140625,
      960.140625,
      960.140625,
      960.140625,
      960.140625,
      960.140625,
      960.140625,
      960.140625,
      960.140625,
      960.140625,
      960.140625,
      960.140625,
      960.140625,
      960.140625,
      960.140625,
      960.140625,
      960.140625
    ]
  }
}