{
  "model": {
    "model_name": "google-bert/bert-base-uncased",
    "num_layers": 12,
    "parameters": {
      "total_parameters_bytes": 433981440,
      "parameters_per_layer_bytes": [
        28351488,
        28351488,
        28351488,
        28351488,
        28351488,
        28351488,
        28351488,
        28351488,
        28351488,
        28351488,
        28351488,
        28351488
      ]
    }
  },
  "execution_time": {
    "total_time_ms": 2504.2730034911074,
    "forward_backward_time_ms": 2351.576926012058,
    "batch_generator_time_ms": 136.88688800903037,
    "layernorm_grads_all_reduce_time_ms": 0.02,
    "embedding_grads_all_reduce_time_ms": 0.04,
    "optimizer_time_ms": 15.749189470019193,
    "layer_compute_total_ms": [
      200.45099273556843,
      193.3372982603032,
      203.65734075312503,
      191.44560827407986,
      195.78628573799506,
      191.3806252705399,
      187.19896324910223,
      198.84006975917146,
      194.86875874281395,
      196.1764212610433,
      199.09664847364184,
      199.33791349467356
    ]
  },
  "execution_memory": {
    "total_memory": 5280.732421875,
    "layer_memory_total_mb": [
      432.609375,
      432.609375,
      432.609375,
      432.609375,
      432.609375,
      432.609375,
      432.609375,
      432.609375,
      432.609375,
      432.609375,
      432.609375,
      432.609375
    ]
  }
}