{
  "model": {
    "model_name": "google-bert/bert-base-uncased",
    "num_layers": 12,
    "parameters": {
      "total_parameters_bytes": 433981440,
      "parameters_per_layer_bytes": [
        28351488,
        28351488,
        28351488,
        28351488,
        28351488,
        28351488,
        28351488,
        28351488,
        28351488,
        28351488,
        28351488,
        28351488
      ]
    }
  },
  "execution_time": {
    "total_time_ms": 2567.0078780094627,
    "forward_backward_time_ms": 2356.1330779484706,
    "batch_generator_time_ms": 227.2209519869648,
    "layernorm_grads_all_reduce_time_ms": 0.02,
    "embedding_grads_all_reduce_time_ms": 0.04,
    "optimizer_time_ms": -16.40615192597266,
    "layer_compute_total_ms": [
      193.61613677756395,
      186.75055674975738,
      193.1938074849313,
      185.13138325943146,
      204.0472534717992,
      186.05326574470382,
      210.7848837331403,
      189.23569124308415,
      198.18145150202326,
      211.75815774768125,
      211.6673890122911,
      185.71310122206341
    ]
  },
  "execution_memory": {
    "total_memory": 5280.732421875,
    "layer_memory_total_mb": [
      432.609375,
      432.609375,
      432.609375,
      432.609375,
      432.609375,
      432.609375,
      432.609375,
      432.609375,
      432.609375,
      432.609375,
      432.609375,
      432.609375
    ]
  }
}