{
  "model": {
    "model_name": "google-bert/bert-base-uncased",
    "num_layers": 12,
    "parameters": {
      "total_parameters_bytes": 433981440,
      "parameters_per_layer_bytes": [
        28351488,
        28351488,
        28351488,
        28351488,
        28351488,
        28351488,
        28351488,
        28351488,
        28351488,
        28351488,
        28351488,
        28351488
      ]
    }
  },
  "execution_time": {
    "total_time_ms": 1033.646715019131,
    "forward_backward_time_ms": 861.2246605334803,
    "batch_generator_time_ms": 19.951179972849786,
    "layernorm_grads_all_reduce_time_ms": 0.02,
    "embedding_grads_all_reduce_time_ms": 0.04,
    "optimizer_time_ms": 152.41087451280094,
    "layer_compute_total_ms": [
      91.87849426234607,
      67.71082199702505,
      67.64036073582247,
      76.20929897530004,
      65.76251525257248,
      85.97817750705872,
      61.113789037335664,
      65.83397775830235,
      71.15432897990104,
      72.23633152898401,
      63.89969699375797,
      71.80686750507448
    ]
  },
  "execution_memory": {
    "total_memory": 5280.732421875,
    "layer_memory_total_mb": [
      432.609375,
      432.609375,
      432.609375,
      432.609375,
      432.609375,
      432.609375,
      432.609375,
      432.609375,
      432.609375,
      432.609375,
      432.609375,
      432.609375
    ]
  }
}