{
  "model": {
    "model_name": "google-bert/bert-base-uncased",
    "num_layers": 12,
    "parameters": {
      "total_parameters_bytes": 433981440,
      "parameters_per_layer_bytes": [
        28351488,
        28351488,
        28351488,
        28351488,
        28351488,
        28351488,
        28351488,
        28351488,
        28351488,
        28351488,
        28351488,
        28351488
      ]
    }
  },
  "execution_time": {
    "total_time_ms": 926.5570444986224,
    "forward_backward_time_ms": 791.443762704148,
    "batch_generator_time_ms": 133.5519890417345,
    "layernorm_grads_all_reduce_time_ms": 0.02,
    "embedding_grads_all_reduce_time_ms": 0.04,
    "optimizer_time_ms": 1.5012927527399733,
    "layer_compute_total_ms": [
      69.73386350728106,
      66.14757150236983,
      67.49316900095437,
      67.00836497475393,
      67.88399074866902,
      69.32576299004722,
      64.61038324050605,
      66.73519624746405,
      63.285458760219626,
      62.02368774393108,
      63.722413760842755,
      63.47390022710897
    ]
  },
  "execution_memory": {
    "total_memory": 5280.732421875,
    "layer_memory_total_mb": [
      432.609375,
      432.609375,
      432.609375,
      432.609375,
      432.609375,
      432.609375,
      432.609375,
      432.609375,
      432.609375,
      432.609375,
      432.609375,
      432.609375
    ]
  }
}