{
  "model": {
    "model_name": "google-bert/bert-base-uncased",
    "num_layers": 12,
    "parameters": {
      "total_parameters_bytes": 433981440,
      "parameters_per_layer_bytes": [
        28351488,
        28351488,
        28351488,
        28351488,
        28351488,
        28351488,
        28351488,
        28351488,
        28351488,
        28351488,
        28351488,
        28351488
      ]
    }
  },
  "execution_time": {
    "total_time_ms": 3202.1160365256947,
    "forward_backward_time_ms": 2890.0505347555736,
    "batch_generator_time_ms": 172.29739303002134,
    "layernorm_grads_all_reduce_time_ms": 0.02,
    "embedding_grads_all_reduce_time_ms": 0.04,
    "optimizer_time_ms": 139.7081087400997,
    "layer_compute_total_ms": [
      243.05737875693012,
      235.68329401314259,
      253.78505200205836,
      248.95656926673837,
      247.90588924952317,
      234.99627673299983,
      228.98587498639245,
      241.63917926489376,
      241.6405337426113,
      240.09838426718488,
      232.22665798675735,
      241.07544448634144
    ]
  },
  "execution_memory": {
    "total_memory": 5280.732421875,
    "layer_memory_total_mb": [
      432.609375,
      432.609375,
      432.609375,
      432.609375,
      432.609375,
      432.609375,
      432.609375,
      432.609375,
      432.609375,
      432.609375,
      432.609375,
      432.609375
    ]
  }
}