{
  "model": {
    "model_name": "google-bert/bert-base-uncased",
    "num_layers": 12,
    "parameters": {
      "total_parameters_bytes": 433981440,
      "parameters_per_layer_bytes": [
        28351488,
        28351488,
        28351488,
        28351488,
        28351488,
        28351488,
        28351488,
        28351488,
        28351488,
        28351488,
        28351488,
        28351488
      ]
    }
  },
  "execution_time": {
    "total_time_ms": 3628.618707996793,
    "forward_backward_time_ms": 3592.9712510696845,
    "batch_generator_time_ms": 227.7234279899858,
    "layernorm_grads_all_reduce_time_ms": 0.02,
    "embedding_grads_all_reduce_time_ms": 0.04,
    "optimizer_time_ms": -192.13597106287722,
    "layer_compute_total_ms": [
      284.39928525767755,
      283.5432595165912,
      306.6970595245948,
      314.4114702445222,
      313.87176328280475,
      290.7990632375004,
      296.72420301358216,
      306.0479732666863,
      298.5195717337774,
      300.7072840118781,
      299.1868902463466,
      298.0634277337231
    ]
  },
  "execution_memory": {
    "total_memory": 5280.732421875,
    "layer_memory_total_mb": [
      432.609375,
      432.609375,
      432.609375,
      432.609375,
      432.609375,
      432.609375,
      432.609375,
      432.609375,
      432.609375,
      432.609375,
      432.609375,
      432.609375
    ]
  }
}