{
  "model": {
    "model_name": "google-bert/bert-base-uncased",
    "num_layers": 12,
    "parameters": {
      "total_parameters_bytes": 433981440,
      "parameters_per_layer_bytes": [
        28351488,
        28351488,
        28351488,
        28351488,
        28351488,
        28351488,
        28351488,
        28351488,
        28351488,
        28351488,
        28351488,
        28351488
      ]
    }
  },
  "execution_time": {
    "total_time_ms": 2344.292828493053,
    "forward_backward_time_ms": 2206.041233468568,
    "batch_generator_time_ms": 135.9774469747208,
    "layernorm_grads_all_reduce_time_ms": 0.02,
    "embedding_grads_all_reduce_time_ms": 0.04,
    "optimizer_time_ms": 2.214148049764335,
    "layer_compute_total_ms": [
      179.67775899160188,
      187.13007075712085,
      183.76794022333343,
      186.01627423777245,
      207.8520430077333,
      179.84349202015437,
      183.79730300512165,
      195.66270524228457,
      180.7780770031968,
      167.42313701251987,
      175.0883249915205,
      179.00410697620828
    ]
  },
  "execution_memory": {
    "total_memory": 5280.732421875,
    "layer_memory_total_mb": [
      432.609375,
      432.609375,
      432.609375,
      432.609375,
      432.609375,
      432.609375,
      432.609375,
      432.609375,
      432.609375,
      432.609375,
      432.609375,
      432.609375
    ]
  }
}