{
  "model": {
    "model_name": "Qwen/Qwen3-0.6B",
    "num_layers": 28,
    "parameters": {
      "total_parameters_bytes": 3006529536,
      "parameters_per_layer_bytes": [
        62923776,
        62923776,
        62923776,
        62923776,
        62923776,
        62923776,
        62923776,
        62923776,
        62923776,
        62923776,
        62923776,
        62923776,
        62923776,
        62923776,
        62923776,
        62923776,
        62923776,
        62923776,
        62923776,
        62923776,
        62923776,
        62923776,
        62923776,
        62923776,
        62923776,
        62923776,
        62923776,
        62923776
      ]
    }
  },
  "execution_time": {
    "total_time_ms": 3146.3671594974585,
    "forward_backward_time_ms": 3824.463020559051,
    "batch_generator_time_ms": 8.813477004878223,
    "layernorm_grads_all_reduce_time_ms": 0.02,
    "embedding_grads_all_reduce_time_ms": 0.04,
    "optimizer_time_ms": -686.9693380664708,
    "layer_compute_total_ms": [
      132.31668825028464,
      143.66268199228216,
      139.1182730003493,
      139.41015575255733,
      137.8114077670034,
      141.18349373165984,
      138.39917175209848,
      140.80896849918645,
      138.78927849873435,
      136.26205425680382,
      128.91848474100698,
      132.01944026513956,
      131.75040701025864,
      131.9794602386537,
      130.0168270172435,
      133.8092687437893,
      138.84512898948742,
      140.47428125923034,
      139.47655500669498,
      136.9327825086657,
      137.80074274836807,
      139.54130026104394,
      138.34270475490484,
      138.68288500088966,
      138.58941199578112,
      131.51017201016657,
      131.76944549923064,
      136.24154900753638
    ]
  },
  "execution_memory": {
    "total_memory": 28070.94140625,
    "layer_memory_total_mb": [
      960.140625,
      960.140625,
      960.140625,
      960.140625,
      960.140625,
      960.140625,
      960.140625,
      960.140625,
      960.140625,
      960.140625,
      960.140625,
      960.140625,
      960.140625,
      960.140625,
      960.140625,
      960.140625,
      960.140625,
      960.140625,
      960.140625,
      960.140625,
      960.140625,
      960.140625,
      960.140625,
      960.140625,
      960.140625,
      960.140625,
      960.140625,
      960.140625
    ]
  }
}