{
  "model": {
    "model_name": "google-bert/bert-base-uncased",
    "num_layers": 12,
    "parameters": {
      "total_parameters_bytes": 433981440,
      "parameters_per_layer_bytes": [
        28351488,
        28351488,
        28351488,
        28351488,
        28351488,
        28351488,
        28351488,
        28351488,
        28351488,
        28351488,
        28351488,
        28351488
      ]
    }
  },
  "execution_time": {
    "total_time_ms": 535.8897674886975,
    "forward_backward_time_ms": 413.2080006675096,
    "batch_generator_time_ms": 26.201735017821193,
    "layernorm_grads_all_reduce_time_ms": 0.02,
    "embedding_grads_all_reduce_time_ms": 0.04,
    "optimizer_time_ms": 96.42003180336673,
    "layer_compute_total_ms": [
      34.78395499405451,
      32.768857752671465,
      33.43113197479397,
      33.12845923937857,
      34.244776994455606,
      34.869417766458355,
      34.4724074966507,
      34.43054975650739,
      34.29186799621675,
      34.62171123828739,
      34.55022173875477,
      37.61464371928014
    ]
  },
  "execution_memory": {
    "total_memory": 5280.732421875,
    "layer_memory_total_mb": [
      432.609375,
      432.609375,
      432.609375,
      432.609375,
      432.609375,
      432.609375,
      432.609375,
      432.609375,
      432.609375,
      432.609375,
      432.609375,
      432.609375
    ]
  }
}