{
  "model": {
    "model_name": "google-bert/bert-base-uncased",
    "num_layers": 12,
    "parameters": {
      "total_parameters_bytes": 433981440,
      "parameters_per_layer_bytes": [
        28351488,
        28351488,
        28351488,
        28351488,
        28351488,
        28351488,
        28351488,
        28351488,
        28351488,
        28351488,
        28351488,
        28351488
      ]
    }
  },
  "execution_time": {
    "total_time_ms": 1690.7547549926676,
    "forward_backward_time_ms": 1300.49584225344,
    "batch_generator_time_ms": 80.8637659647502,
    "layernorm_grads_all_reduce_time_ms": 0.02,
    "embedding_grads_all_reduce_time_ms": 0.04,
    "optimizer_time_ms": 309.3351467744773,
    "layer_compute_total_ms": [
      101.32906325452495,
      104.03311923437286,
      110.03667101613246,
      117.515859004925,
      95.64418699301314,
      126.10818874964025,
      106.26767147914506,
      104.81365898158401,
      105.07377174508292,
      114.58310777379666,
      110.88935277075507,
      104.20119125046767
    ]
  },
  "execution_memory": {
    "total_memory": 5280.732421875,
    "layer_memory_total_mb": [
      432.609375,
      432.609375,
      432.609375,
      432.609375,
      432.609375,
      432.609375,
      432.609375,
      432.609375,
      432.609375,
      432.609375,
      432.609375,
      432.609375
    ]
  }
}