{
  "model": {
    "model_name": "google-bert/bert-base-uncased",
    "num_layers": 12,
    "parameters": {
      "total_parameters_bytes": 433981440,
      "parameters_per_layer_bytes": [
        28351488,
        28351488,
        28351488,
        28351488,
        28351488,
        28351488,
        28351488,
        28351488,
        28351488,
        28351488,
        28351488,
        28351488
      ]
    }
  },
  "execution_time": {
    "total_time_ms": 4119.253838493023,
    "forward_backward_time_ms": 3745.867508696392,
    "batch_generator_time_ms": 290.02168495208025,
    "layernorm_grads_all_reduce_time_ms": 0.02,
    "embedding_grads_all_reduce_time_ms": 0.04,
    "optimizer_time_ms": 83.30464484455064,
    "layer_compute_total_ms": [
      291.0748892609263,
      334.3927850073669,
      309.7480882279342,
      305.2968574920669,
      290.00876349164173,
      333.6993322445778,
      306.45659772562794,
      309.74616699677426,
      324.34465050755534,
      332.0289372350089,
      313.3282527414849,
      295.74218776542693
    ]
  },
  "execution_memory": {
    "total_memory": 5280.732421875,
    "layer_memory_total_mb": [
      432.609375,
      432.609375,
      432.609375,
      432.609375,
      432.609375,
      432.609375,
      432.609375,
      432.609375,
      432.609375,
      432.609375,
      432.609375,
      432.609375
    ]
  }
}