{
  "model": {
    "model_name": "google-bert/bert-base-uncased",
    "num_layers": 12,
    "parameters": {
      "total_parameters_bytes": 433981440,
      "parameters_per_layer_bytes": [
        28351488,
        28351488,
        28351488,
        28351488,
        28351488,
        28351488,
        28351488,
        28351488,
        28351488,
        28351488,
        28351488,
        28351488
      ]
    }
  },
  "execution_time": {
    "total_time_ms": 803.4550485026557,
    "forward_backward_time_ms": 643.6571306257974,
    "batch_generator_time_ms": 82.09579501999542,
    "layernorm_grads_all_reduce_time_ms": 0.02,
    "embedding_grads_all_reduce_time_ms": 0.04,
    "optimizer_time_ms": 77.64212285686284,
    "layer_compute_total_ms": [
      57.002694258699194,
      52.30574478628114,
      51.68315948685631,
      51.523696500225924,
      52.27583031228278,
      55.09091877320316,
      55.19494251348078,
      54.48829174565617,
      53.423907491378486,
      53.338102748966776,
      53.3567250095075,
      53.97311699925922
    ]
  },
  "execution_memory": {
    "total_memory": 5280.732421875,
    "layer_memory_total_mb": [
      432.609375,
      432.609375,
      432.609375,
      432.609375,
      432.609375,
      432.609375,
      432.609375,
      432.609375,
      432.609375,
      432.609375,
      432.609375,
      432.609375
    ]
  }
}