{
  "model": {
    "model_name": "google-bert/bert-base-uncased",
    "num_layers": 12,
    "parameters": {
      "total_parameters_bytes": 433981440,
      "parameters_per_layer_bytes": [
        28351488,
        28351488,
        28351488,
        28351488,
        28351488,
        28351488,
        28351488,
        28351488,
        28351488,
        28351488,
        28351488,
        28351488
      ]
    }
  },
  "execution_time": {
    "total_time_ms": 3970.8316290052608,
    "forward_backward_time_ms": 3776.3391096523264,
    "batch_generator_time_ms": 291.325545986183,
    "layernorm_grads_all_reduce_time_ms": 0.02,
    "embedding_grads_all_reduce_time_ms": 0.04,
    "optimizer_time_ms": -96.89302663324867,
    "layer_compute_total_ms": [
      322.393942027702,
      317.50494775769766,
      320.1621664920822,
      320.80074850819074,
      316.81447228766046,
      322.9277422215091,
      309.3281070177909,
      305.3973692585714,
      310.70395052665845,
      307.86193753010593,
      303.43221027578693,
      319.0115157485707
    ]
  },
  "execution_memory": {
    "total_memory": 5280.732421875,
    "layer_memory_total_mb": [
      432.609375,
      432.609375,
      432.609375,
      432.609375,
      432.609375,
      432.609375,
      432.609375,
      432.609375,
      432.609375,
      432.609375,
      432.609375,
      432.609375
    ]
  }
}