{
  "model": {
    "model_name": "google-bert/bert-base-uncased",
    "num_layers": 12,
    "parameters": {
      "total_parameters_bytes": 433981440,
      "parameters_per_layer_bytes": [
        28351488,
        28351488,
        28351488,
        28351488,
        28351488,
        28351488,
        28351488,
        28351488,
        28351488,
        28351488,
        28351488,
        28351488
      ]
    }
  },
  "execution_time": {
    "total_time_ms": 4694.798074517166,
    "forward_backward_time_ms": 4000.9220077772625,
    "batch_generator_time_ms": 209.92084400495514,
    "layernorm_grads_all_reduce_time_ms": 0.02,
    "embedding_grads_all_reduce_time_ms": 0.04,
    "optimizer_time_ms": 483.8952227349486,
    "layer_compute_total_ms": [
      337.7957310003694,
      319.0611095051281,
      331.77789102774113,
      295.3252692386741,
      313.45159151533153,
      339.45121499709785,
      355.64135799359065,
      337.17346424236894,
      346.04759624926373,
      346.24211001209915,
      353.9433590194676,
      325.0113129761303
    ]
  },
  "execution_memory": {
    "total_memory": 5280.732421875,
    "layer_memory_total_mb": [
      432.609375,
      432.609375,
      432.609375,
      432.609375,
      432.609375,
      432.609375,
      432.609375,
      432.609375,
      432.609375,
      432.609375,
      432.609375,
      432.609375
    ]
  }
}