{
  "model": {
    "model_name": "google-bert/bert-base-uncased",
    "num_layers": 12,
    "parameters": {
      "total_parameters_bytes": 433981440,
      "parameters_per_layer_bytes": [
        28351488,
        28351488,
        28351488,
        28351488,
        28351488,
        28351488,
        28351488,
        28351488,
        28351488,
        28351488,
        28351488,
        28351488
      ]
    }
  },
  "execution_time": {
    "total_time_ms": 2128.4549804986455,
    "forward_backward_time_ms": 2014.2520125518786,
    "batch_generator_time_ms": 387.2005229932256,
    "layernorm_grads_all_reduce_time_ms": 0.02,
    "embedding_grads_all_reduce_time_ms": 0.04,
    "optimizer_time_ms": -273.05755504645873,
    "layer_compute_total_ms": [
      172.24696499761194,
      161.7094040120719,
      163.55064148956444,
      177.45538651070092,
      179.1710032557603,
      170.97719926096033,
      168.6620602849871,
      165.40356799669098,
      168.68500027339906,
      160.1894524792442,
      160.73402627080213,
      165.46730572008528
    ]
  },
  "execution_memory": {
    "total_memory": 5280.732421875,
    "layer_memory_total_mb": [
      432.609375,
      432.609375,
      432.609375,
      432.609375,
      432.609375,
      432.609375,
      432.609375,
      432.609375,
      432.609375,
      432.609375,
      432.609375,
      432.609375
    ]
  }
}