{
  "model": {
    "model_name": "google-bert/bert-base-uncased",
    "num_layers": 12,
    "parameters": {
      "total_parameters_bytes": 433981440,
      "parameters_per_layer_bytes": [
        28351488,
        28351488,
        28351488,
        28351488,
        28351488,
        28351488,
        28351488,
        28351488,
        28351488,
        28351488,
        28351488,
        28351488
      ]
    }
  },
  "execution_time": {
    "total_time_ms": 3704.6304325049277,
    "forward_backward_time_ms": 3272.463596716989,
    "batch_generator_time_ms": 211.65549498982728,
    "layernorm_grads_all_reduce_time_ms": 0.02,
    "embedding_grads_all_reduce_time_ms": 0.04,
    "optimizer_time_ms": 220.45134079811163,
    "layer_compute_total_ms": [
      273.5147925122874,
      276.93782751157414,
      278.8062777253799,
      281.0897787567228,
      280.9688194975024,
      281.19897698343266,
      276.0210064734565,
      269.74799124582205,
      269.06057527230587,
      262.5648287066724,
      263.9608365279855,
      258.59188550384715
    ]
  },
  "execution_memory": {
    "total_memory": 5280.732421875,
    "layer_memory_total_mb": [
      432.609375,
      432.609375,
      432.609375,
      432.609375,
      432.609375,
      432.609375,
      432.609375,
      432.609375,
      432.609375,
      432.609375,
      432.609375,
      432.609375
    ]
  }
}