{
  "model": {
    "model_name": "google-bert/bert-base-uncased",
    "num_layers": 12,
    "parameters": {
      "total_parameters_bytes": 433981440,
      "parameters_per_layer_bytes": [
        28351488,
        28351488,
        28351488,
        28351488,
        28351488,
        28351488,
        28351488,
        28351488,
        28351488,
        28351488,
        28351488,
        28351488
      ]
    }
  },
  "execution_time": {
    "total_time_ms": 997.2356380021665,
    "forward_backward_time_ms": 819.036447268445,
    "batch_generator_time_ms": 26.342142024077475,
    "layernorm_grads_all_reduce_time_ms": 0.02,
    "embedding_grads_all_reduce_time_ms": 0.04,
    "optimizer_time_ms": 151.797048709644,
    "layer_compute_total_ms": [
      69.9326320172986,
      64.06047349446453,
      82.58886450494174,
      64.56300574063789,
      62.78957000176888,
      81.2694835185539,
      69.22898623452056,
      61.70044426107779,
      64.50747672352009,
      74.5426864887122,
      61.413096511387266,
      62.43972777156159
    ]
  },
  "execution_memory": {
    "total_memory": 5280.732421875,
    "layer_memory_total_mb": [
      432.609375,
      432.609375,
      432.609375,
      432.609375,
      432.609375,
      432.609375,
      432.609375,
      432.609375,
      432.609375,
      432.609375,
      432.609375,
      432.609375
    ]
  }
}