{
  "model": {
    "model_name": "google-bert/bert-base-uncased",
    "num_layers": 12,
    "parameters": {
      "total_parameters_bytes": 433981440,
      "parameters_per_layer_bytes": [
        28351488,
        28351488,
        28351488,
        28351488,
        28351488,
        28351488,
        28351488,
        28351488,
        28351488,
        28351488,
        28351488,
        28351488
      ]
    }
  },
  "execution_time": {
    "total_time_ms": 2791.7097939935047,
    "forward_backward_time_ms": 2329.589179047616,
    "batch_generator_time_ms": 134.634061018005,
    "layernorm_grads_all_reduce_time_ms": 0.02,
    "embedding_grads_all_reduce_time_ms": 0.04,
    "optimizer_time_ms": 327.4265539278835,
    "layer_compute_total_ms": [
      182.00799627811648,
      201.83124575123657,
      193.75392225629184,
      209.45992498309352,
      188.42394277453423,
      201.32476875733119,
      198.61738399777096,
      198.000981748919,
      186.7339590098709,
      193.01438727416098,
      201.43517621909268,
      174.98548999719787
    ]
  },
  "execution_memory": {
    "total_memory": 5280.732421875,
    "layer_memory_total_mb": [
      432.609375,
      432.609375,
      432.609375,
      432.609375,
      432.609375,
      432.609375,
      432.609375,
      432.609375,
      432.609375,
      432.609375,
      432.609375,
      432.609375
    ]
  }
}