{
  "model": {
    "model_name": "google-bert/bert-base-uncased",
    "num_layers": 12,
    "parameters": {
      "total_parameters_bytes": 433981440,
      "parameters_per_layer_bytes": [
        28351488,
        28351488,
        28351488,
        28351488,
        28351488,
        28351488,
        28351488,
        28351488,
        28351488,
        28351488,
        28351488,
        28351488
      ]
    }
  },
  "execution_time": {
    "total_time_ms": 1793.6073245073203,
    "forward_backward_time_ms": 1771.6971592599293,
    "batch_generator_time_ms": 170.42281804606318,
    "layernorm_grads_all_reduce_time_ms": 0.02,
    "embedding_grads_all_reduce_time_ms": 0.04,
    "optimizer_time_ms": -148.5726527986722,
    "layer_compute_total_ms": [
      157.06866649270523,
      144.67746199807152,
      156.15215948491823,
      150.99034752347507,
      150.31217248179018,
      141.71885450195987,
      147.6658442406915,
      151.89443026611116,
      142.70293299341574,
      158.06175477337092,
      142.8707115119323,
      127.58182299148757
    ]
  },
  "execution_memory": {
    "total_memory": 5280.732421875,
    "layer_memory_total_mb": [
      432.609375,
      432.609375,
      432.609375,
      432.609375,
      432.609375,
      432.609375,
      432.609375,
      432.609375,
      432.609375,
      432.609375,
      432.609375,
      432.609375
    ]
  }
}