{
  "model": {
    "model_name": "google-bert/bert-base-uncased",
    "num_layers": 12,
    "parameters": {
      "total_parameters_bytes": 433981440,
      "parameters_per_layer_bytes": [
        28351488,
        28351488,
        28351488,
        28351488,
        28351488,
        28351488,
        28351488,
        28351488,
        28351488,
        28351488,
        28351488,
        28351488
      ]
    }
  },
  "execution_time": {
    "total_time_ms": 5645.616884488845,
    "forward_backward_time_ms": 4846.674918444478,
    "batch_generator_time_ms": 253.1321040005423,
    "layernorm_grads_all_reduce_time_ms": 0.02,
    "embedding_grads_all_reduce_time_ms": 0.04,
    "optimizer_time_ms": 545.749862043825,
    "layer_compute_total_ms": [
      396.1213192087598,
      409.5727537351195,
      417.70979324064683,
      431.0599410237046,
      398.61530222697183,
      420.8139719994506,
      417.7308774960693,
      418.3483575179707,
      376.0529139981372,
      383.3379607385723,
      387.1116277296096,
      390.20009952946566
    ]
  },
  "execution_memory": {
    "total_memory": 5280.732421875,
    "layer_memory_total_mb": [
      432.609375,
      432.609375,
      432.609375,
      432.609375,
      432.609375,
      432.609375,
      432.609375,
      432.609375,
      432.609375,
      432.609375,
      432.609375,
      432.609375
    ]
  }
}