{
  "model": {
    "model_name": "google-bert/bert-base-uncased",
    "num_layers": 12,
    "parameters": {
      "total_parameters_bytes": 433981440,
      "parameters_per_layer_bytes": [
        28351488,
        28351488,
        28351488,
        28351488,
        28351488,
        28351488,
        28351488,
        28351488,
        28351488,
        28351488,
        28351488,
        28351488
      ]
    }
  },
  "execution_time": {
    "total_time_ms": 1022.7257899823599,
    "forward_backward_time_ms": 845.1106019201688,
    "batch_generator_time_ms": 99.25045701675117,
    "layernorm_grads_all_reduce_time_ms": 0.02,
    "embedding_grads_all_reduce_time_ms": 0.04,
    "optimizer_time_ms": 78.30473104543984,
    "layer_compute_total_ms": [
      73.948508957983,
      69.51684725936502,
      72.30233447626233,
      69.11827297881246,
      68.69753422506619,
      73.50589326233603,
      73.14910752756987,
      70.68681574310176,
      69.57689076079987,
      70.421207768959,
      66.11828847962897,
      68.06890048028436
    ]
  },
  "execution_memory": {
    "total_memory": 5280.732421875,
    "layer_memory_total_mb": [
      432.609375,
      432.609375,
      432.609375,
      432.609375,
      432.609375,
      432.609375,
      432.609375,
      432.609375,
      432.609375,
      432.609375,
      432.609375,
      432.609375
    ]
  }
}