{
  "model": {
    "model_name": "google-bert/bert-base-uncased",
    "num_layers": 12,
    "parameters": {
      "total_parameters_bytes": 433981440,
      "parameters_per_layer_bytes": [
        28351488,
        28351488,
        28351488,
        28351488,
        28351488,
        28351488,
        28351488,
        28351488,
        28351488,
        28351488,
        28351488,
        28351488
      ]
    }
  },
  "execution_time": {
    "total_time_ms": 3301.0468110151123,
    "forward_backward_time_ms": 3017.8816968691535,
    "batch_generator_time_ms": 210.57727397419512,
    "layernorm_grads_all_reduce_time_ms": 0.02,
    "embedding_grads_all_reduce_time_ms": 0.04,
    "optimizer_time_ms": 72.52784017176367,
    "layer_compute_total_ms": [
      247.70966549112927,
      254.6753722563153,
      251.65157875744626,
      251.05703200097196,
      243.74122801236808,
      244.76606427924708,
      241.43276001268532,
      248.4219069883693,
      250.89070848480333,
      266.30526677763555,
      264.28856028360315,
      252.94155352457892
    ]
  },
  "execution_memory": {
    "total_memory": 5280.732421875,
    "layer_memory_total_mb": [
      432.609375,
      432.609375,
      432.609375,
      432.609375,
      432.609375,
      432.609375,
      432.609375,
      432.609375,
      432.609375,
      432.609375,
      432.609375,
      432.609375
    ]
  }
}