{
  "model": {
    "model_name": "Qwen/Qwen3-0.6B",
    "num_layers": 28,
    "parameters": {
      "total_parameters_bytes": 3006529536,
      "parameters_per_layer_bytes": [
        62923776,
        62923776,
        62923776,
        62923776,
        62923776,
        62923776,
        62923776,
        62923776,
        62923776,
        62923776,
        62923776,
        62923776,
        62923776,
        62923776,
        62923776,
        62923776,
        62923776,
        62923776,
        62923776,
        62923776,
        62923776,
        62923776,
        62923776,
        62923776,
        62923776,
        62923776,
        62923776,
        62923776
      ]
    }
  },
  "execution_time": {
    "total_time_ms": 7064.880613004789,
    "forward_backward_time_ms": 6180.351654489641,
    "batch_generator_time_ms": 15.023139014374465,
    "layernorm_grads_all_reduce_time_ms": 0.02,
    "embedding_grads_all_reduce_time_ms": 0.04,
    "optimizer_time_ms": 869.4458195007733,
    "layer_compute_total_ms": [
      234.4574110029498,
      224.43894075695425,
      241.4125309951487,
      245.30950799089624,
      236.09187550027855,
      240.39509599970188,
      245.24095599917928,
      248.63515399192693,
      243.90508624492213,
      242.9801284961286,
      217.91006024432136,
      217.59239424864063,
      228.44429975521052,
      226.55832376040053,
      215.48046926181996,
      224.97611599828815,
      211.63030724710552,
      207.65776998450747,
      199.2041327393963,
      199.21962849912234,
      203.4347282460658,
      202.4268187378766,
      201.30204401357332,
      200.41598175885156,
      207.4981557598221,
      208.93512674956582,
      196.38369600579608,
      208.41491450119065
    ]
  },
  "execution_memory": {
    "total_memory": 28070.94140625,
    "layer_memory_total_mb": [
      960.140625,
      960.140625,
      960.140625,
      960.140625,
      960.140625,
      960.140625,
      960.140625,
      960.140625,
      960.140625,
      960.140625,
      960.140625,
      960.140625,
      960.140625,
      960.140625,
      960.140625,
      960.140625,
      960.140625,
      960.140625,
      960.140625,
      960.140625,
      960.140625,
      960.140625,
      960.140625,
      960.140625,
      960.140625,
      960.140625,
      960.140625,
      960.140625
    ]
  }
}