{
  "model": {
    "model_name": "google-bert/bert-base-uncased",
    "num_layers": 12,
    "parameters": {
      "total_parameters_bytes": 433981440,
      "parameters_per_layer_bytes": [
        28351488,
        28351488,
        28351488,
        28351488,
        28351488,
        28351488,
        28351488,
        28351488,
        28351488,
        28351488,
        28351488,
        28351488
      ]
    }
  },
  "execution_time": {
    "total_time_ms": 4396.658031502739,
    "forward_backward_time_ms": 3915.833114326233,
    "batch_generator_time_ms": 338.0311239743605,
    "layernorm_grads_all_reduce_time_ms": 0.02,
    "embedding_grads_all_reduce_time_ms": 0.04,
    "optimizer_time_ms": 142.73379320214502,
    "layer_compute_total_ms": [
      336.91455773077905,
      340.0643617642345,
      337.41407225898,
      324.0748055250151,
      321.768988709664,
      318.53554701956455,
      330.45804701396264,
      332.0482535054907,
      329.6261810173746,
      327.3575367638841,
      306.5628752519842,
      311.00788776529953
    ]
  },
  "execution_memory": {
    "total_memory": 5280.732421875,
    "layer_memory_total_mb": [
      432.609375,
      432.609375,
      432.609375,
      432.609375,
      432.609375,
      432.609375,
      432.609375,
      432.609375,
      432.609375,
      432.609375,
      432.609375,
      432.609375
    ]
  }
}