{
  "model": {
    "model_name": "Qwen/Qwen3-0.6B",
    "num_layers": 28,
    "parameters": {
      "total_parameters_bytes": 3006529536,
      "parameters_per_layer_bytes": [
        62923776,
        62923776,
        62923776,
        62923776,
        62923776,
        62923776,
        62923776,
        62923776,
        62923776,
        62923776,
        62923776,
        62923776,
        62923776,
        62923776,
        62923776,
        62923776,
        62923776,
        62923776,
        62923776,
        62923776,
        62923776,
        62923776,
        62923776,
        62923776,
        62923776,
        62923776,
        62923776,
        62923776
      ]
    }
  },
  "execution_time": {
    "total_time_ms": 4894.69983500021,
    "forward_backward_time_ms": 4890.68580752064,
    "batch_generator_time_ms": 13.211683981353417,
    "layernorm_grads_all_reduce_time_ms": 0.02,
    "embedding_grads_all_reduce_time_ms": 0.04,
    "optimizer_time_ms": -9.257656501783057,
    "layer_compute_total_ms": [
      206.43540874880273,
      190.4965302455821,
      186.59180250688223,
      189.15461276628776,
      190.43283726205118,
      186.7874879972078,
      186.0269600074389,
      184.88775673904456,
      182.35997251031222,
      180.74822824564762,
      175.6460074975621,
      174.7127845083014,
      165.1840974955121,
      163.70831448875833,
      166.72997475689044,
      162.19545975036453,
      163.8345927494811,
      171.30314950918546,
      173.9820292496006,
      166.4065412405762,
      166.10787124955095,
      158.25039799528895,
      158.497791744594,
      158.53495175542776,
      171.56002400588477,
      182.11275174689945,
      161.97789873695,
      166.01957201055484
    ]
  },
  "execution_memory": {
    "total_memory": 28070.94140625,
    "layer_memory_total_mb": [
      960.140625,
      960.140625,
      960.140625,
      960.140625,
      960.140625,
      960.140625,
      960.140625,
      960.140625,
      960.140625,
      960.140625,
      960.140625,
      960.140625,
      960.140625,
      960.140625,
      960.140625,
      960.140625,
      960.140625,
      960.140625,
      960.140625,
      960.140625,
      960.140625,
      960.140625,
      960.140625,
      960.140625,
      960.140625,
      960.140625,
      960.140625,
      960.140625
    ]
  }
}