{
  "model": {
    "model_name": "Qwen/Qwen3-0.6B",
    "num_layers": 28,
    "parameters": {
      "total_parameters_bytes": 3006529536,
      "parameters_per_layer_bytes": [
        62923776,
        62923776,
        62923776,
        62923776,
        62923776,
        62923776,
        62923776,
        62923776,
        62923776,
        62923776,
        62923776,
        62923776,
        62923776,
        62923776,
        62923776,
        62923776,
        62923776,
        62923776,
        62923776,
        62923776,
        62923776,
        62923776,
        62923776,
        62923776,
        62923776,
        62923776,
        62923776,
        62923776
      ]
    }
  },
  "execution_time": {
    "total_time_ms": 7959.348985998076,
    "forward_backward_time_ms": 7669.525515477289,
    "batch_generator_time_ms": 8.397481025895104,
    "layernorm_grads_all_reduce_time_ms": 0.02,
    "embedding_grads_all_reduce_time_ms": 0.04,
    "optimizer_time_ms": 281.36598949489183,
    "layer_compute_total_ms": [
      251.30126198928338,
      286.7172607584507,
      269.06745476298966,
      304.30674325180007,
      286.73916550178546,
      294.76795974187553,
      270.836220253841,
      307.88719126576325,
      296.9873972469941,
      300.26457624626346,
      246.03493224276463,
      298.32203649857547,
      274.67703049478587,
      268.9543070009677,
      266.1859337531496,
      266.96573374647414,
      254.03018749784678,
      289.5681162481196,
      266.39802849967964,
      268.95795125165023,
      260.9413979880628,
      282.6607472379692,
      281.0840982492664,
      241.6684619965963,
      259.20589624729473,
      254.72482924669748,
      260.4113665074692,
      259.85922975087306
    ]
  },
  "execution_memory": {
    "total_memory": 28070.94140625,
    "layer_memory_total_mb": [
      960.140625,
      960.140625,
      960.140625,
      960.140625,
      960.140625,
      960.140625,
      960.140625,
      960.140625,
      960.140625,
      960.140625,
      960.140625,
      960.140625,
      960.140625,
      960.140625,
      960.140625,
      960.140625,
      960.140625,
      960.140625,
      960.140625,
      960.140625,
      960.140625,
      960.140625,
      960.140625,
      960.140625,
      960.140625,
      960.140625,
      960.140625,
      960.140625
    ]
  }
}