{
  "model": {
    "model_name": "google-bert/bert-base-uncased",
    "num_layers": 12,
    "parameters": {
      "total_parameters_bytes": 433981440,
      "parameters_per_layer_bytes": [
        28351488,
        28351488,
        28351488,
        28351488,
        28351488,
        28351488,
        28351488,
        28351488,
        28351488,
        28351488,
        28351488,
        28351488
      ]
    }
  },
  "execution_time": {
    "total_time_ms": 1972.0081329869572,
    "forward_backward_time_ms": 1809.4313140027225,
    "batch_generator_time_ms": 132.60398496640846,
    "layernorm_grads_all_reduce_time_ms": 0.02,
    "embedding_grads_all_reduce_time_ms": 0.04,
    "optimizer_time_ms": 29.912834017826246,
    "layer_compute_total_ms": [
      140.79825674707536,
      145.08638701227028,
      144.77250976779032,
      145.0712457881309,
      146.7481942672748,
      147.06931223918218,
      147.52226023119874,
      151.3567427318776,
      153.40400249988306,
      158.6561794829322,
      161.7320670047775,
      167.21415623032954
    ]
  },
  "execution_memory": {
    "total_memory": 5280.732421875,
    "layer_memory_total_mb": [
      432.609375,
      432.609375,
      432.609375,
      432.609375,
      432.609375,
      432.609375,
      432.609375,
      432.609375,
      432.609375,
      432.609375,
      432.609375,
      432.609375
    ]
  }
}