{
  "model": {
    "model_name": "google-bert/bert-base-uncased",
    "num_layers": 12,
    "parameters": {
      "total_parameters_bytes": 433981440,
      "parameters_per_layer_bytes": [
        28351488,
        28351488,
        28351488,
        28351488,
        28351488,
        28351488,
        28351488,
        28351488,
        28351488,
        28351488,
        28351488,
        28351488
      ]
    }
  },
  "execution_time": {
    "total_time_ms": 660.8637404860929,
    "forward_backward_time_ms": 528.1136372504989,
    "batch_generator_time_ms": 19.532434991560876,
    "layernorm_grads_all_reduce_time_ms": 0.02,
    "embedding_grads_all_reduce_time_ms": 0.04,
    "optimizer_time_ms": 113.15766824403312,
    "layer_compute_total_ms": [
      46.134056014125235,
      42.769980485900305,
      41.176074228133075,
      44.7433852677932,
      50.29690350056626,
      38.81489927880466,
      52.273249719291925,
      45.70107575273141,
      34.52062275027856,
      39.0828764939215,
      48.0740202619927,
      44.52649349696003
    ]
  },
  "execution_memory": {
    "total_memory": 5280.732421875,
    "layer_memory_total_mb": [
      432.609375,
      432.609375,
      432.609375,
      432.609375,
      432.609375,
      432.609375,
      432.609375,
      432.609375,
      432.609375,
      432.609375,
      432.609375,
      432.609375
    ]
  }
}