{
  "model": {
    "model_name": "google-bert/bert-base-uncased",
    "num_layers": 12,
    "parameters": {
      "total_parameters_bytes": 433981440,
      "parameters_per_layer_bytes": [
        28351488,
        28351488,
        28351488,
        28351488,
        28351488,
        28351488,
        28351488,
        28351488,
        28351488,
        28351488,
        28351488,
        28351488
      ]
    }
  },
  "execution_time": {
    "total_time_ms": 2062.6114470069297,
    "forward_backward_time_ms": 1842.3652337514795,
    "batch_generator_time_ms": 336.78733103442937,
    "layernorm_grads_all_reduce_time_ms": 0.02,
    "embedding_grads_all_reduce_time_ms": 0.04,
    "optimizer_time_ms": -116.60111777897924,
    "layer_compute_total_ms": [
      148.82830299029592,
      155.9655542660039,
      155.67169174028095,
      158.2496344926767,
      157.4128514912445,
      156.22906427597627,
      157.03561151167378,
      150.10578601504676,
      147.63432020845357,
      149.7272120177513,
      149.87962400482502,
      155.62558073725086
    ]
  },
  "execution_memory": {
    "total_memory": 5280.732421875,
    "layer_memory_total_mb": [
      432.609375,
      432.609375,
      432.609375,
      432.609375,
      432.609375,
      432.609375,
      432.609375,
      432.609375,
      432.609375,
      432.609375,
      432.609375,
      432.609375
    ]
  }
}