{
  "model": {
    "model_name": "google-bert/bert-base-uncased",
    "num_layers": 12,
    "parameters": {
      "total_parameters_bytes": 433981440,
      "parameters_per_layer_bytes": [
        28351488,
        28351488,
        28351488,
        28351488,
        28351488,
        28351488,
        28351488,
        28351488,
        28351488,
        28351488,
        28351488,
        28351488
      ]
    }
  },
  "execution_time": {
    "total_time_ms": 2398.7069130234886,
    "forward_backward_time_ms": 2037.9276636667782,
    "batch_generator_time_ms": 292.96978400088847,
    "layernorm_grads_all_reduce_time_ms": 0.02,
    "embedding_grads_all_reduce_time_ms": 0.04,
    "optimizer_time_ms": 67.74946535582188,
    "layer_compute_total_ms": [
      167.86521422909573,
      176.76981174736284,
      190.26422324532177,
      166.56478100048844,
      168.67205074231606,
      163.00880898779724,
      163.45050049130805,
      176.7647014639806,
      166.10402600781526,
      164.5701649831608,
      160.1838645146927,
      173.70951625343878
    ]
  },
  "execution_memory": {
    "total_memory": 5280.732421875,
    "layer_memory_total_mb": [
      432.609375,
      432.609375,
      432.609375,
      432.609375,
      432.609375,
      432.609375,
      432.609375,
      432.609375,
      432.609375,
      432.609375,
      432.609375,
      432.609375
    ]
  }
}