{
  "model": {
    "model_name": "Qwen/Qwen3-0.6B",
    "num_layers": 28,
    "parameters": {
      "total_parameters_bytes": 3006529536,
      "parameters_per_layer_bytes": [
        62923776,
        62923776,
        62923776,
        62923776,
        62923776,
        62923776,
        62923776,
        62923776,
        62923776,
        62923776,
        62923776,
        62923776,
        62923776,
        62923776,
        62923776,
        62923776,
        62923776,
        62923776,
        62923776,
        62923776,
        62923776,
        62923776,
        62923776,
        62923776,
        62923776,
        62923776,
        62923776,
        62923776
      ]
    }
  },
  "execution_time": {
    "total_time_ms": 8646.665789492545,
    "forward_backward_time_ms": 7314.380643234472,
    "batch_generator_time_ms": 18.33286799956113,
    "layernorm_grads_all_reduce_time_ms": 0.02,
    "embedding_grads_all_reduce_time_ms": 0.04,
    "optimizer_time_ms": 1313.8922782585119,
    "layer_compute_total_ms": [
      285.3855932626175,
      289.68535023886943,
      271.3057199798641,
      273.48791849362897,
      266.7736144940136,
      268.1185675173765,
      263.2669757367694,
      269.50353900610935,
      252.84571873635286,
      253.86617774347542,
      251.11072800063994,
      254.7882224971545,
      260.16272400011076,
      262.2078570057056,
      251.64422849775292,
      261.99595075740945,
      268.23941999464296,
      260.03682050213683,
      251.60077099280898,
      260.267897247104,
      259.85031375603285,
      255.81256800796837,
      251.01546775840688,
      262.2127887661918,
      260.96558124845615,
      252.13086725125322,
      243.35910224181134,
      252.74015949980821
    ]
  },
  "execution_memory": {
    "total_memory": 28070.94140625,
    "layer_memory_total_mb": [
      960.140625,
      960.140625,
      960.140625,
      960.140625,
      960.140625,
      960.140625,
      960.140625,
      960.140625,
      960.140625,
      960.140625,
      960.140625,
      960.140625,
      960.140625,
      960.140625,
      960.140625,
      960.140625,
      960.140625,
      960.140625,
      960.140625,
      960.140625,
      960.140625,
      960.140625,
      960.140625,
      960.140625,
      960.140625,
      960.140625,
      960.140625,
      960.140625
    ]
  }
}