{
  "model": {
    "model_name": "google-bert/bert-base-uncased",
    "num_layers": 12,
    "parameters": {
      "total_parameters_bytes": 433981440,
      "parameters_per_layer_bytes": [
        28351488,
        28351488,
        28351488,
        28351488,
        28351488,
        28351488,
        28351488,
        28351488,
        28351488,
        28351488,
        28351488,
        28351488
      ]
    }
  },
  "execution_time": {
    "total_time_ms": 1473.9705254905857,
    "forward_backward_time_ms": 1316.8693318002624,
    "batch_generator_time_ms": 181.1100110062398,
    "layernorm_grads_all_reduce_time_ms": 0.02,
    "embedding_grads_all_reduce_time_ms": 0.04,
    "optimizer_time_ms": -24.06881731591653,
    "layer_compute_total_ms": [
      106.97387851541862,
      118.45956128672697,
      110.74163601733744,
      121.6834392544115,
      99.17133025010116,
      108.07603046123404,
      110.92414976155851,
      100.5527915112907,
      115.95440249948297,
      110.28444676776417,
      110.63225475663785,
      103.41541071829852
    ]
  },
  "execution_memory": {
    "total_memory": 5280.732421875,
    "layer_memory_total_mb": [
      432.609375,
      432.609375,
      432.609375,
      432.609375,
      432.609375,
      432.609375,
      432.609375,
      432.609375,
      432.609375,
      432.609375,
      432.609375,
      432.609375
    ]
  }
}