{
  "model": {
    "model_name": "google-bert/bert-base-uncased",
    "num_layers": 12,
    "parameters": {
      "total_parameters_bytes": 433981440,
      "parameters_per_layer_bytes": [
        28351488,
        28351488,
        28351488,
        28351488,
        28351488,
        28351488,
        28351488,
        28351488,
        28351488,
        28351488,
        28351488,
        28351488
      ]
    }
  },
  "execution_time": {
    "total_time_ms": 1252.092538488796,
    "forward_backward_time_ms": 1200.2615132951178,
    "batch_generator_time_ms": 81.78653102368116,
    "layernorm_grads_all_reduce_time_ms": 0.02,
    "embedding_grads_all_reduce_time_ms": 0.04,
    "optimizer_time_ms": -30.015505830002947,
    "layer_compute_total_ms": [
      99.45977351162583,
      99.34808149409946,
      99.32263049995527,
      102.01934022188652,
      100.08270252728835,
      98.76793924195226,
      99.55139650264755,
      98.38332327490207,
      100.25435326679144,
      101.08657325326931,
      101.42973250185605,
      100.55566699884366
    ]
  },
  "execution_memory": {
    "total_memory": 5280.732421875,
    "layer_memory_total_mb": [
      432.609375,
      432.609375,
      432.609375,
      432.609375,
      432.609375,
      432.609375,
      432.609375,
      432.609375,
      432.609375,
      432.609375,
      432.609375,
      432.609375
    ]
  }
}