{
  "model": {
    "model_name": "google-bert/bert-base-uncased",
    "num_layers": 12,
    "parameters": {
      "total_parameters_bytes": 433981440,
      "parameters_per_layer_bytes": [
        28351488,
        28351488,
        28351488,
        28351488,
        28351488,
        28351488,
        28351488,
        28351488,
        28351488,
        28351488,
        28351488,
        28351488
      ]
    }
  },
  "execution_time": {
    "total_time_ms": 2266.1743360222317,
    "forward_backward_time_ms": 1870.5179852695437,
    "batch_generator_time_ms": 264.70702700316906,
    "layernorm_grads_all_reduce_time_ms": 0.02,
    "embedding_grads_all_reduce_time_ms": 0.04,
    "optimizer_time_ms": 130.88932374951895,
    "layer_compute_total_ms": [
      139.821793010924,
      152.84166899800766,
      167.81869852275122,
      152.82015099364799,
      169.76685024565086,
      148.75080023193732,
      162.91648730111774,
      151.8378207256319,
      161.33461450226605,
      152.59061899269,
      169.2103432433214,
      140.80813850159757
    ]
  },
  "execution_memory": {
    "total_memory": 5280.732421875,
    "layer_memory_total_mb": [
      432.609375,
      432.609375,
      432.609375,
      432.609375,
      432.609375,
      432.609375,
      432.609375,
      432.609375,
      432.609375,
      432.609375,
      432.609375,
      432.609375
    ]
  }
}