{
  "model": {
    "model_name": "google-bert/bert-base-uncased",
    "num_layers": 12,
    "parameters": {
      "total_parameters_bytes": 433981440,
      "parameters_per_layer_bytes": [
        28351488,
        28351488,
        28351488,
        28351488,
        28351488,
        28351488,
        28351488,
        28351488,
        28351488,
        28351488,
        28351488,
        28351488
      ]
    }
  },
  "execution_time": {
    "total_time_ms": 1021.9902834796812,
    "forward_backward_time_ms": 756.5878108143806,
    "batch_generator_time_ms": 26.298550015781075,
    "layernorm_grads_all_reduce_time_ms": 0.02,
    "embedding_grads_all_reduce_time_ms": 0.04,
    "optimizer_time_ms": 239.04392264951952,
    "layer_compute_total_ms": [
      50.45688229438383,
      55.824388487963006,
      69.86913626315072,
      49.38655675505288,
      87.45838174945675,
      49.278544742264785,
      58.8792610069504,
      81.42361901991535,
      58.74462297651917,
      69.26266325172037,
      66.90892003825866,
      59.09483422874473
    ]
  },
  "execution_memory": {
    "total_memory": 5280.732421875,
    "layer_memory_total_mb": [
      432.609375,
      432.609375,
      432.609375,
      432.609375,
      432.609375,
      432.609375,
      432.609375,
      432.609375,
      432.609375,
      432.609375,
      432.609375,
      432.609375
    ]
  }
}