{
  "model": {
    "model_name": "google-bert/bert-base-uncased",
    "num_layers": 12,
    "parameters": {
      "total_parameters_bytes": 433981440,
      "parameters_per_layer_bytes": [
        28351488,
        28351488,
        28351488,
        28351488,
        28351488,
        28351488,
        28351488,
        28351488,
        28351488,
        28351488,
        28351488,
        28351488
      ]
    }
  },
  "execution_time": {
    "total_time_ms": 5912.4261739780195,
    "forward_backward_time_ms": 5222.032151737949,
    "batch_generator_time_ms": 294.0438570221886,
    "layernorm_grads_all_reduce_time_ms": 0.02,
    "embedding_grads_all_reduce_time_ms": 0.04,
    "optimizer_time_ms": 396.290165217882,
    "layer_compute_total_ms": [
      454.1223587584682,
      457.19366350385826,
      433.95046998921316,
      452.26435900258366,
      424.7169822192518,
      436.50471727596596,
      434.1043564782012,
      432.9781710112002,
      430.5114454764407,
      440.3009717789246,
      419.12144649541005,
      406.2632097484311
    ]
  },
  "execution_memory": {
    "total_memory": 5280.732421875,
    "layer_memory_total_mb": [
      432.609375,
      432.609375,
      432.609375,
      432.609375,
      432.609375,
      432.609375,
      432.609375,
      432.609375,
      432.609375,
      432.609375,
      432.609375,
      432.609375
    ]
  }
}