{
  "model": {
    "model_name": "google-bert/bert-base-uncased",
    "num_layers": 12,
    "parameters": {
      "total_parameters_bytes": 433981440,
      "parameters_per_layer_bytes": [
        28351488,
        28351488,
        28351488,
        28351488,
        28351488,
        28351488,
        28351488,
        28351488,
        28351488,
        28351488,
        28351488,
        28351488
      ]
    }
  },
  "execution_time": {
    "total_time_ms": 3003.4468120138627,
    "forward_backward_time_ms": 2744.970172032481,
    "batch_generator_time_ms": 136.3198829931207,
    "layernorm_grads_all_reduce_time_ms": 0.02,
    "embedding_grads_all_reduce_time_ms": 0.04,
    "optimizer_time_ms": 122.09675698826089,
    "layer_compute_total_ms": [
      252.5248854944948,
      228.98076551791746,
      235.84613601269666,
      241.42929748632014,
      228.91446300491225,
      220.58755751641002,
      233.82354025670793,
      214.24674399895594,
      226.3034457428148,
      221.27690199704375,
      210.1448144967435,
      230.8916205074638
    ]
  },
  "execution_memory": {
    "total_memory": 5280.732421875,
    "layer_memory_total_mb": [
      432.609375,
      432.609375,
      432.609375,
      432.609375,
      432.609375,
      432.609375,
      432.609375,
      432.609375,
      432.609375,
      432.609375,
      432.609375,
      432.609375
    ]
  }
}