{
  "model": {
    "model_name": "google-bert/bert-base-uncased",
    "num_layers": 12,
    "parameters": {
      "total_parameters_bytes": 433981440,
      "parameters_per_layer_bytes": [
        28351488,
        28351488,
        28351488,
        28351488,
        28351488,
        28351488,
        28351488,
        28351488,
        28351488,
        28351488,
        28351488,
        28351488
      ]
    }
  },
  "execution_time": {
    "total_time_ms": 3078.3558464900125,
    "forward_backward_time_ms": 2683.0671510251705,
    "batch_generator_time_ms": 176.55012902105227,
    "layernorm_grads_all_reduce_time_ms": 0.02,
    "embedding_grads_all_reduce_time_ms": 0.04,
    "optimizer_time_ms": 218.67856644378975,
    "layer_compute_total_ms": [
      221.86761927150656,
      222.65558275103103,
      229.89911350305192,
      230.13875175092835,
      219.89813372783829,
      226.70857298362534,
      223.48396651796065,
      223.51066900591832,
      220.707710730494,
      223.50981601630338,
      217.4559919949388,
      223.2312227715738
    ]
  },
  "execution_memory": {
    "total_memory": 5280.732421875,
    "layer_memory_total_mb": [
      432.609375,
      432.609375,
      432.609375,
      432.609375,
      432.609375,
      432.609375,
      432.609375,
      432.609375,
      432.609375,
      432.609375,
      432.609375,
      432.609375
    ]
  }
}