{
  "model": {
    "model_name": "google-bert/bert-base-uncased",
    "num_layers": 12,
    "parameters": {
      "total_parameters_bytes": 433981440,
      "parameters_per_layer_bytes": [
        28351488,
        28351488,
        28351488,
        28351488,
        28351488,
        28351488,
        28351488,
        28351488,
        28351488,
        28351488,
        28351488,
        28351488
      ]
    }
  },
  "execution_time": {
    "total_time_ms": 2103.739301499445,
    "forward_backward_time_ms": 1931.9581104937242,
    "batch_generator_time_ms": 134.20613895868883,
    "layernorm_grads_all_reduce_time_ms": 0.02,
    "embedding_grads_all_reduce_time_ms": 0.04,
    "optimizer_time_ms": 37.51505204703193,
    "layer_compute_total_ms": [
      167.24203573539853,
      152.97148474201094,
      161.72181576257572,
      158.92808903299738,
      160.0440705078654,
      158.6806774721481,
      175.31746324675623,
      154.8707982583437,
      172.83108073752373,
      153.4594144759467,
      164.94862076069694,
      150.94255976146087
    ]
  },
  "execution_memory": {
    "total_memory": 5280.732421875,
    "layer_memory_total_mb": [
      432.609375,
      432.609375,
      432.609375,
      432.609375,
      432.609375,
      432.609375,
      432.609375,
      432.609375,
      432.609375,
      432.609375,
      432.609375,
      432.609375
    ]
  }
}