{
  "model": {
    "model_name": "Qwen/Qwen3-0.6B",
    "num_layers": 28,
    "parameters": {
      "total_parameters_bytes": 3006529536,
      "parameters_per_layer_bytes": [
        62923776,
        62923776,
        62923776,
        62923776,
        62923776,
        62923776,
        62923776,
        62923776,
        62923776,
        62923776,
        62923776,
        62923776,
        62923776,
        62923776,
        62923776,
        62923776,
        62923776,
        62923776,
        62923776,
        62923776,
        62923776,
        62923776,
        62923776,
        62923776,
        62923776,
        62923776,
        62923776,
        62923776
      ]
    }
  },
  "execution_time": {
    "total_time_ms": 1966.183821001323,
    "forward_backward_time_ms": 1788.420818236773,
    "batch_generator_time_ms": 7.012852001935244,
    "layernorm_grads_all_reduce_time_ms": 0.02,
    "embedding_grads_all_reduce_time_ms": 0.04,
    "optimizer_time_ms": 170.6901507626148,
    "layer_compute_total_ms": [
      94.78159025456989,
      81.97011275478872,
      75.29373700526776,
      60.08555849257391,
      58.662772265961394,
      55.22754302364774,
      54.98564750450896,
      54.72241849201964,
      56.499545004044194,
      57.77359198691556,
      75.57448650186416,
      71.34232099633664,
      69.67056423309259,
      69.14718325424474,
      68.84469425131101,
      67.0732529979432,
      64.21803549164906,
      63.60333575139521,
      64.82885798322968,
      61.065418740327004,
      62.39557798835449,
      58.86585025291424,
      61.52149401168572,
      57.516451488481835,
      55.50710250099655,
      56.46385524596553,
      54.862217999470886,
      55.91760176321259
    ]
  },
  "execution_memory": {
    "total_memory": 28070.94140625,
    "layer_memory_total_mb": [
      960.140625,
      960.140625,
      960.140625,
      960.140625,
      960.140625,
      960.140625,
      960.140625,
      960.140625,
      960.140625,
      960.140625,
      960.140625,
      960.140625,
      960.140625,
      960.140625,
      960.140625,
      960.140625,
      960.140625,
      960.140625,
      960.140625,
      960.140625,
      960.140625,
      960.140625,
      960.140625,
      960.140625,
      960.140625,
      960.140625,
      960.140625,
      960.140625
    ]
  }
}