{
  "model": {
    "model_name": "google-bert/bert-base-uncased",
    "num_layers": 12,
    "parameters": {
      "total_parameters_bytes": 433981440,
      "parameters_per_layer_bytes": [
        28351488,
        28351488,
        28351488,
        28351488,
        28351488,
        28351488,
        28351488,
        28351488,
        28351488,
        28351488,
        28351488,
        28351488
      ]
    }
  },
  "execution_time": {
    "total_time_ms": 1059.9113160278648,
    "forward_backward_time_ms": 893.2576654915465,
    "batch_generator_time_ms": 81.3254959648475,
    "layernorm_grads_all_reduce_time_ms": 0.02,
    "embedding_grads_all_reduce_time_ms": 0.04,
    "optimizer_time_ms": 85.2681545714708,
    "layer_compute_total_ms": [
      77.86562023102306,
      68.50622074853163,
      69.61036776192486,
      84.28789998288266,
      77.60229975974653,
      75.55310901079793,
      74.3061620160006,
      71.02442224277183,
      79.2100472463062,
      77.20714175957255,
      65.62075650435872,
      72.46361822762992
    ]
  },
  "execution_memory": {
    "total_memory": 5280.732421875,
    "layer_memory_total_mb": [
      432.609375,
      432.609375,
      432.609375,
      432.609375,
      432.609375,
      432.609375,
      432.609375,
      432.609375,
      432.609375,
      432.609375,
      432.609375,
      432.609375
    ]
  }
}