{
  "model": {
    "model_name": "Qwen/Qwen3-0.6B",
    "num_layers": 28,
    "parameters": {
      "total_parameters_bytes": 3006529536,
      "parameters_per_layer_bytes": [
        62923776,
        62923776,
        62923776,
        62923776,
        62923776,
        62923776,
        62923776,
        62923776,
        62923776,
        62923776,
        62923776,
        62923776,
        62923776,
        62923776,
        62923776,
        62923776,
        62923776,
        62923776,
        62923776,
        62923776,
        62923776,
        62923776,
        62923776,
        62923776,
        62923776,
        62923776,
        62923776,
        62923776
      ]
    }
  },
  "execution_time": {
    "total_time_ms": 6076.825394498883,
    "forward_backward_time_ms": 5696.072422491852,
    "batch_generator_time_ms": 15.994582994608209,
    "layernorm_grads_all_reduce_time_ms": 0.02,
    "embedding_grads_all_reduce_time_ms": 0.04,
    "optimizer_time_ms": 364.6983890124224,
    "layer_compute_total_ms": [
      204.18521950341528,
      197.8620790032437,
      220.0212042516796,
      230.08325549744768,
      223.12362825323362,
      219.7120362543501,
      230.31696998805273,
      221.83504424174316,
      225.6224102602573,
      226.20531725988258,
      189.56929475825746,
      197.97465774900047,
      202.38374549808213,
      187.51353249535896,
      202.2675532498397,
      200.23659850266995,
      196.73817700095242,
      201.0442872560816,
      196.9514387383242,
      188.14678875060054,
      192.81366474024253,
      183.04553598864004,
      183.75303423817968,
      186.95859175932128,
      193.20818923733896,
      195.45445375115378,
      196.16373025928624,
      202.8819840052165
    ]
  },
  "execution_memory": {
    "total_memory": 28070.94140625,
    "layer_memory_total_mb": [
      960.140625,
      960.140625,
      960.140625,
      960.140625,
      960.140625,
      960.140625,
      960.140625,
      960.140625,
      960.140625,
      960.140625,
      960.140625,
      960.140625,
      960.140625,
      960.140625,
      960.140625,
      960.140625,
      960.140625,
      960.140625,
      960.140625,
      960.140625,
      960.140625,
      960.140625,
      960.140625,
      960.140625,
      960.140625,
      960.140625,
      960.140625,
      960.140625
    ]
  }
}