{
  "model": {
    "model_name": "Qwen/Qwen3-0.6B",
    "num_layers": 28,
    "parameters": {
      "total_parameters_bytes": 3006529536,
      "parameters_per_layer_bytes": [
        62923776,
        62923776,
        62923776,
        62923776,
        62923776,
        62923776,
        62923776,
        62923776,
        62923776,
        62923776,
        62923776,
        62923776,
        62923776,
        62923776,
        62923776,
        62923776,
        62923776,
        62923776,
        62923776,
        62923776,
        62923776,
        62923776,
        62923776,
        62923776,
        62923776,
        62923776,
        62923776,
        62923776
      ]
    }
  },
  "execution_time": {
    "total_time_ms": 2815.550807499676,
    "forward_backward_time_ms": 2501.43964747258,
    "batch_generator_time_ms": 13.606685999548063,
    "layernorm_grads_all_reduce_time_ms": 0.02,
    "embedding_grads_all_reduce_time_ms": 0.04,
    "optimizer_time_ms": 300.444474027548,
    "layer_compute_total_ms": [
      105.22035074973246,
      112.32430875679711,
      92.04107525147265,
      94.78989348281175,
      93.19807376596145,
      95.90136251063086,
      94.64587725233287,
      93.93213899602415,
      95.54340424074326,
      101.10144299687818,
      99.8296929828939,
      98.04411150253145,
      100.23212447413243,
      100.99641999113373,
      101.75625124247745,
      99.52274926035898,
      99.31298224546481,
      92.45816549810115,
      74.59254199784482,
      72.50034600292565,
      72.2716947493609,
      72.29531450866489,
      71.42436401045416,
      72.8113269797177,
      69.40501600911375,
      70.61581800371641,
      74.42038899898762,
      80.25241101131542
    ]
  },
  "execution_memory": {
    "total_memory": 28070.94140625,
    "layer_memory_total_mb": [
      960.140625,
      960.140625,
      960.140625,
      960.140625,
      960.140625,
      960.140625,
      960.140625,
      960.140625,
      960.140625,
      960.140625,
      960.140625,
      960.140625,
      960.140625,
      960.140625,
      960.140625,
      960.140625,
      960.140625,
      960.140625,
      960.140625,
      960.140625,
      960.140625,
      960.140625,
      960.140625,
      960.140625,
      960.140625,
      960.140625,
      960.140625,
      960.140625
    ]
  }
}