{
  "model": {
    "model_name": "google-bert/bert-base-uncased",
    "num_layers": 12,
    "parameters": {
      "total_parameters_bytes": 433981440,
      "parameters_per_layer_bytes": [
        28351488,
        28351488,
        28351488,
        28351488,
        28351488,
        28351488,
        28351488,
        28351488,
        28351488,
        28351488,
        28351488,
        28351488
      ]
    }
  },
  "execution_time": {
    "total_time_ms": 2322.6459135184996,
    "forward_backward_time_ms": 2161.3771703268867,
    "batch_generator_time_ms": 180.21842499729246,
    "layernorm_grads_all_reduce_time_ms": 0.02,
    "embedding_grads_all_reduce_time_ms": 0.04,
    "optimizer_time_ms": -19.009681805679573,
    "layer_compute_total_ms": [
      179.68421097612008,
      182.82128276769072,
      173.96186299447436,
      178.69876776239835,
      183.4161922306521,
      187.14870151598006,
      177.85569475381635,
      180.2514927694574,
      178.41660877456889,
      177.344989249832,
      177.28643375448883,
      184.49093277740758
    ]
  },
  "execution_memory": {
    "total_memory": 5280.732421875,
    "layer_memory_total_mb": [
      432.609375,
      432.609375,
      432.609375,
      432.609375,
      432.609375,
      432.609375,
      432.609375,
      432.609375,
      432.609375,
      432.609375,
      432.609375,
      432.609375
    ]
  }
}