{
  "model": {
    "model_name": "google-bert/bert-base-uncased",
    "num_layers": 12,
    "parameters": {
      "total_parameters_bytes": 433981440,
      "parameters_per_layer_bytes": [
        28351488,
        28351488,
        28351488,
        28351488,
        28351488,
        28351488,
        28351488,
        28351488,
        28351488,
        28351488,
        28351488,
        28351488
      ]
    }
  },
  "execution_time": {
    "total_time_ms": 3464.073004986858,
    "forward_backward_time_ms": 3432.845613482641,
    "batch_generator_time_ms": 278.5793599905446,
    "layernorm_grads_all_reduce_time_ms": 0.02,
    "embedding_grads_all_reduce_time_ms": 0.04,
    "optimizer_time_ms": -247.41196848632768,
    "layer_compute_total_ms": [
      282.3745717323618,
      286.24514797411393,
      287.0103312743595,
      288.4529199945973,
      285.8800132526085,
      284.2360640061088,
      288.11518973088823,
      297.3376825248124,
      290.06840726651717,
      289.9177044891985,
      271.3496132491855,
      281.8579679878894
    ]
  },
  "execution_memory": {
    "total_memory": 5280.732421875,
    "layer_memory_total_mb": [
      432.609375,
      432.609375,
      432.609375,
      432.609375,
      432.609375,
      432.609375,
      432.609375,
      432.609375,
      432.609375,
      432.609375,
      432.609375,
      432.609375
    ]
  }
}