{
  "model": {
    "model_name": "google-bert/bert-base-uncased",
    "num_layers": 12,
    "parameters": {
      "total_parameters_bytes": 433981440,
      "parameters_per_layer_bytes": [
        28351488,
        28351488,
        28351488,
        28351488,
        28351488,
        28351488,
        28351488,
        28351488,
        28351488,
        28351488,
        28351488,
        28351488
      ]
    }
  },
  "execution_time": {
    "total_time_ms": 1934.788780490635,
    "forward_backward_time_ms": 1708.2474869530415,
    "batch_generator_time_ms": 100.51286703674123,
    "layernorm_grads_all_reduce_time_ms": 0.02,
    "embedding_grads_all_reduce_time_ms": 0.04,
    "optimizer_time_ms": 125.96842650085222,
    "layer_compute_total_ms": [
      127.71614850498736,
      162.24072049953975,
      137.81114750599954,
      144.71814323042054,
      135.135781718418,
      150.8976232726127,
      125.56884001241997,
      156.79552851361223,
      165.43552174698561,
      126.92150499788113,
      166.17227671667933,
      108.83425023348536
    ]
  },
  "execution_memory": {
    "total_memory": 5280.732421875,
    "layer_memory_total_mb": [
      432.609375,
      432.609375,
      432.609375,
      432.609375,
      432.609375,
      432.609375,
      432.609375,
      432.609375,
      432.609375,
      432.609375,
      432.609375,
      432.609375
    ]
  }
}