{
  "model": {
    "model_name": "google-bert/bert-base-uncased",
    "num_layers": 12,
    "parameters": {
      "total_parameters_bytes": 433981440,
      "parameters_per_layer_bytes": [
        28351488,
        28351488,
        28351488,
        28351488,
        28351488,
        28351488,
        28351488,
        28351488,
        28351488,
        28351488,
        28351488,
        28351488
      ]
    }
  },
  "execution_time": {
    "total_time_ms": 1428.9043715107255,
    "forward_backward_time_ms": 1259.092418011278,
    "batch_generator_time_ms": 171.29542300244793,
    "layernorm_grads_all_reduce_time_ms": 0.02,
    "embedding_grads_all_reduce_time_ms": 0.04,
    "optimizer_time_ms": -1.5434695030003787,
    "layer_compute_total_ms": [
      107.06597175158095,
      103.88150972721633,
      113.40909849968739,
      104.13251773570664,
      106.64891522901598,
      106.89131676917896,
      100.26519375969656,
      100.52852075023111,
      106.07572400476784,
      107.07510476640891,
      100.53686350875068,
      102.58168150903657
    ]
  },
  "execution_memory": {
    "total_memory": 5280.732421875,
    "layer_memory_total_mb": [
      432.609375,
      432.609375,
      432.609375,
      432.609375,
      432.609375,
      432.609375,
      432.609375,
      432.609375,
      432.609375,
      432.609375,
      432.609375,
      432.609375
    ]
  }
}