{
  "model": {
    "model_name": "google-bert/bert-base-uncased",
    "num_layers": 12,
    "parameters": {
      "total_parameters_bytes": 433981440,
      "parameters_per_layer_bytes": [
        28351488,
        28351488,
        28351488,
        28351488,
        28351488,
        28351488,
        28351488,
        28351488,
        28351488,
        28351488,
        28351488,
        28351488
      ]
    }
  },
  "execution_time": {
    "total_time_ms": 4101.218536001397,
    "forward_backward_time_ms": 3750.2506138116587,
    "batch_generator_time_ms": 294.30071701062843,
    "layernorm_grads_all_reduce_time_ms": 0.02,
    "embedding_grads_all_reduce_time_ms": 0.04,
    "optimizer_time_ms": 56.60720517911017,
    "layer_compute_total_ms": [
      316.52516027679667,
      313.47139076387975,
      310.7943119684933,
      316.490401775809,
      320.13108374667354,
      304.61288275546394,
      305.82036153646186,
      308.30933699326124,
      320.2240015089046,
      315.2524092292879,
      308.1207562790951,
      310.49851697753184
    ]
  },
  "execution_memory": {
    "total_memory": 5280.732421875,
    "layer_memory_total_mb": [
      432.609375,
      432.609375,
      432.609375,
      432.609375,
      432.609375,
      432.609375,
      432.609375,
      432.609375,
      432.609375,
      432.609375,
      432.609375,
      432.609375
    ]
  }
}