{
  "model": {
    "model_name": "google-bert/bert-base-uncased",
    "num_layers": 12,
    "parameters": {
      "total_parameters_bytes": 433981440,
      "parameters_per_layer_bytes": [
        28351488,
        28351488,
        28351488,
        28351488,
        28351488,
        28351488,
        28351488,
        28351488,
        28351488,
        28351488,
        28351488,
        28351488
      ]
    }
  },
  "execution_time": {
    "total_time_ms": 3770.158809988061,
    "forward_backward_time_ms": 3343.7627000676002,
    "batch_generator_time_ms": 333.83452595444396,
    "layernorm_grads_all_reduce_time_ms": 0.02,
    "embedding_grads_all_reduce_time_ms": 0.04,
    "optimizer_time_ms": 92.50158396601677,
    "layer_compute_total_ms": [
      282.7354570181342,
      255.272909780615,
      274.3989772425266,
      283.0015157815069,
      273.7905264948495,
      298.59223327366635,
      300.14700049650855,
      275.83957475144416,
      294.0243049961282,
      280.17049352638423,
      278.610604480491,
      247.17910222534556
    ]
  },
  "execution_memory": {
    "total_memory": 5280.732421875,
    "layer_memory_total_mb": [
      432.609375,
      432.609375,
      432.609375,
      432.609375,
      432.609375,
      432.609375,
      432.609375,
      432.609375,
      432.609375,
      432.609375,
      432.609375,
      432.609375
    ]
  }
}