{
  "model": {
    "model_name": "Qwen/Qwen3-0.6B",
    "num_layers": 28,
    "parameters": {
      "total_parameters_bytes": 3006529536,
      "parameters_per_layer_bytes": [
        62923776,
        62923776,
        62923776,
        62923776,
        62923776,
        62923776,
        62923776,
        62923776,
        62923776,
        62923776,
        62923776,
        62923776,
        62923776,
        62923776,
        62923776,
        62923776,
        62923776,
        62923776,
        62923776,
        62923776,
        62923776,
        62923776,
        62923776,
        62923776,
        62923776,
        62923776,
        62923776,
        62923776
      ]
    }
  },
  "execution_time": {
    "total_time_ms": 3276.8820464989403,
    "forward_backward_time_ms": 2684.3536689775647,
    "batch_generator_time_ms": 9.02945501729846,
    "layernorm_grads_all_reduce_time_ms": 0.02,
    "embedding_grads_all_reduce_time_ms": 0.04,
    "optimizer_time_ms": 583.4389225040773,
    "layer_compute_total_ms": [
      119.40537773625692,
      113.95865000667982,
      99.0332972505712,
      114.57848250574898,
      114.60404100216692,
      111.27591424883576,
      112.46104499878129,
      114.91733150614891,
      108.62330923555419,
      110.28434250329155,
      95.68525599024724,
      105.17973199603148,
      99.36477876181016,
      94.42748974106507,
      93.19187499204418,
      82.60135526506929,
      82.97401349409483,
      81.98068775527645,
      81.67617049912224,
      83.40461200714344,
      83.82457026164047,
      82.47535524424165,
      80.64225699490635,
      79.22252398566343,
      84.8919804993784,
      84.78102152002975,
      85.79654874483822,
      83.09165023092646
    ]
  },
  "execution_memory": {
    "total_memory": 28070.94140625,
    "layer_memory_total_mb": [
      960.140625,
      960.140625,
      960.140625,
      960.140625,
      960.140625,
      960.140625,
      960.140625,
      960.140625,
      960.140625,
      960.140625,
      960.140625,
      960.140625,
      960.140625,
      960.140625,
      960.140625,
      960.140625,
      960.140625,
      960.140625,
      960.140625,
      960.140625,
      960.140625,
      960.140625,
      960.140625,
      960.140625,
      960.140625,
      960.140625,
      960.140625,
      960.140625
    ]
  }
}