{
  "model": {
    "model_name": "google-bert/bert-base-uncased",
    "num_layers": 12,
    "parameters": {
      "total_parameters_bytes": 433981440,
      "parameters_per_layer_bytes": [
        28351488,
        28351488,
        28351488,
        28351488,
        28351488,
        28351488,
        28351488,
        28351488,
        28351488,
        28351488,
        28351488,
        28351488
      ]
    }
  },
  "execution_time": {
    "total_time_ms": 1151.1600849917158,
    "forward_backward_time_ms": 1133.6604662064929,
    "batch_generator_time_ms": 178.86232503224164,
    "layernorm_grads_all_reduce_time_ms": 0.02,
    "embedding_grads_all_reduce_time_ms": 0.04,
    "optimizer_time_ms": -161.42270624701865,
    "layer_compute_total_ms": [
      101.10957850702107,
      100.02209199592471,
      91.64310024061706,
      96.42481774790213,
      97.54561397130601,
      96.2481025053421,
      95.61503848817665,
      96.47693726583384,
      93.21224049199373,
      88.6170522426255,
      86.14381124789361,
      90.60208150185645
    ]
  },
  "execution_memory": {
    "total_memory": 5280.732421875,
    "layer_memory_total_mb": [
      432.609375,
      432.609375,
      432.609375,
      432.609375,
      432.609375,
      432.609375,
      432.609375,
      432.609375,
      432.609375,
      432.609375,
      432.609375,
      432.609375
    ]
  }
}