{
  "model": {
    "model_name": "google-bert/bert-base-uncased",
    "num_layers": 12,
    "parameters": {
      "total_parameters_bytes": 433981440,
      "parameters_per_layer_bytes": [
        28351488,
        28351488,
        28351488,
        28351488,
        28351488,
        28351488,
        28351488,
        28351488,
        28351488,
        28351488,
        28351488,
        28351488
      ]
    }
  },
  "execution_time": {
    "total_time_ms": 3797.589607012924,
    "forward_backward_time_ms": 3585.7540082506603,
    "batch_generator_time_ms": 336.34047699160874,
    "layernorm_grads_all_reduce_time_ms": 0.02,
    "embedding_grads_all_reduce_time_ms": 0.04,
    "optimizer_time_ms": -124.5648782293452,
    "layer_compute_total_ms": [
      294.7364965075394,
      299.90059600095265,
      298.7947457440896,
      301.3992410269566,
      301.1941527511226,
      300.4857102787355,
      295.0257269840222,
      300.2788132580463,
      303.53685925365426,
      298.1123779900372,
      292.67369023000356,
      299.61559822550043
    ]
  },
  "execution_memory": {
    "total_memory": 5280.732421875,
    "layer_memory_total_mb": [
      432.609375,
      432.609375,
      432.609375,
      432.609375,
      432.609375,
      432.609375,
      432.609375,
      432.609375,
      432.609375,
      432.609375,
      432.609375,
      432.609375
    ]
  }
}