{
  "model": {
    "model_name": "google-bert/bert-base-uncased",
    "num_layers": 12,
    "parameters": {
      "total_parameters_bytes": 433981440,
      "parameters_per_layer_bytes": [
        28351488,
        28351488,
        28351488,
        28351488,
        28351488,
        28351488,
        28351488,
        28351488,
        28351488,
        28351488,
        28351488,
        28351488
      ]
    }
  },
  "execution_time": {
    "total_time_ms": 1664.096256979974,
    "forward_backward_time_ms": 1693.834148492897,
    "batch_generator_time_ms": 248.58651199610904,
    "layernorm_grads_all_reduce_time_ms": 0.02,
    "embedding_grads_all_reduce_time_ms": 0.04,
    "optimizer_time_ms": -278.384403509032,
    "layer_compute_total_ms": [
      155.66738598863594,
      146.8963047809666,
      140.45225724112242,
      138.14425823511556,
      136.47246301115956,
      145.00522200250998,
      139.87777700822335,
      141.96115848608315,
      136.8821422365727,
      137.87467200018,
      135.47060525161214,
      139.12990225071553
    ]
  },
  "execution_memory": {
    "total_memory": 5280.732421875,
    "layer_memory_total_mb": [
      432.609375,
      432.609375,
      432.609375,
      432.609375,
      432.609375,
      432.609375,
      432.609375,
      432.609375,
      432.609375,
      432.609375,
      432.609375,
      432.609375
    ]
  }
}