{
  "model": {
    "model_name": "google-bert/bert-base-uncased",
    "num_layers": 12,
    "parameters": {
      "total_parameters_bytes": 433981440,
      "parameters_per_layer_bytes": [
        28351488,
        28351488,
        28351488,
        28351488,
        28351488,
        28351488,
        28351488,
        28351488,
        28351488,
        28351488,
        28351488,
        28351488
      ]
    }
  },
  "execution_time": {
    "total_time_ms": 2044.2041794885881,
    "forward_backward_time_ms": 1749.8617418168578,
    "batch_generator_time_ms": 82.05947803799063,
    "layernorm_grads_all_reduce_time_ms": 0.02,
    "embedding_grads_all_reduce_time_ms": 0.04,
    "optimizer_time_ms": 212.22295963373966,
    "layer_compute_total_ms": [
      144.1655312810326,
      143.06601726275403,
      140.91320424631704,
      139.9199207808124,
      155.29839452938177,
      126.53510474774521,
      145.32408448576462,
      159.3631382274907,
      142.60027452837676,
      157.736775741796,
      138.6329307424603,
      156.3063652429264
    ]
  },
  "execution_memory": {
    "total_memory": 5280.732421875,
    "layer_memory_total_mb": [
      432.609375,
      432.609375,
      432.609375,
      432.609375,
      432.609375,
      432.609375,
      432.609375,
      432.609375,
      432.609375,
      432.609375,
      432.609375,
      432.609375
    ]
  }
}