{
  "model": {
    "model_name": "google-bert/bert-base-uncased",
    "num_layers": 12,
    "parameters": {
      "total_parameters_bytes": 433981440,
      "parameters_per_layer_bytes": [
        28351488,
        28351488,
        28351488,
        28351488,
        28351488,
        28351488,
        28351488,
        28351488,
        28351488,
        28351488,
        28351488,
        28351488
      ]
    }
  },
  "execution_time": {
    "total_time_ms": 2886.3520485174377,
    "forward_backward_time_ms": 2674.4126560224686,
    "batch_generator_time_ms": 173.3826119452715,
    "layernorm_grads_all_reduce_time_ms": 0.02,
    "embedding_grads_all_reduce_time_ms": 0.04,
    "optimizer_time_ms": 38.496780549697576,
    "layer_compute_total_ms": [
      231.52793302142527,
      233.22647674649488,
      227.2034122433979,
      220.9063357731793,
      222.87374376901425,
      217.1576245018514,
      218.1609692343045,
      217.5210112472996,
      221.72928326472174,
      214.67573824338615,
      220.95238248584792,
      228.47774549154565
    ]
  },
  "execution_memory": {
    "total_memory": 5280.732421875,
    "layer_memory_total_mb": [
      432.609375,
      432.609375,
      432.609375,
      432.609375,
      432.609375,
      432.609375,
      432.609375,
      432.609375,
      432.609375,
      432.609375,
      432.609375,
      432.609375
    ]
  }
}