{
  "model": {
    "model_name": "Qwen/Qwen3-0.6B",
    "num_layers": 28,
    "parameters": {
      "total_parameters_bytes": 3006529536,
      "parameters_per_layer_bytes": [
        62923776,
        62923776,
        62923776,
        62923776,
        62923776,
        62923776,
        62923776,
        62923776,
        62923776,
        62923776,
        62923776,
        62923776,
        62923776,
        62923776,
        62923776,
        62923776,
        62923776,
        62923776,
        62923776,
        62923776,
        62923776,
        62923776,
        62923776,
        62923776,
        62923776,
        62923776,
        62923776,
        62923776
      ]
    }
  },
  "execution_time": {
    "total_time_ms": 2598.546115492354,
    "forward_backward_time_ms": 3013.792673686112,
    "batch_generator_time_ms": 15.313422016333789,
    "layernorm_grads_all_reduce_time_ms": 0.02,
    "embedding_grads_all_reduce_time_ms": 0.04,
    "optimizer_time_ms": -430.61998021009146,
    "layer_compute_total_ms": [
      105.54129049705807,
      117.16290799813578,
      116.38026873697527,
      118.42959324712865,
      121.9930482620839,
      120.16711699106963,
      118.78441450244281,
      120.06135674164398,
      119.29252775007626,
      116.55461724149063,
      101.47697774664266,
      101.27577825187473,
      102.82143951189937,
      104.75270099414047,
      105.75967673503328,
      105.14464123843936,
      104.74507275648648,
      103.2369484892115,
      105.22768450755393,
      104.48024525976507,
      105.73513324197847,
      105.15777000546223,
      107.56916100945091,
      97.7295859993319,
      98.04840623110067,
      93.75598875340074,
      92.99534623278305,
      99.512974753452
    ]
  },
  "execution_memory": {
    "total_memory": 28070.94140625,
    "layer_memory_total_mb": [
      960.140625,
      960.140625,
      960.140625,
      960.140625,
      960.140625,
      960.140625,
      960.140625,
      960.140625,
      960.140625,
      960.140625,
      960.140625,
      960.140625,
      960.140625,
      960.140625,
      960.140625,
      960.140625,
      960.140625,
      960.140625,
      960.140625,
      960.140625,
      960.140625,
      960.140625,
      960.140625,
      960.140625,
      960.140625,
      960.140625,
      960.140625,
      960.140625
    ]
  }
}