{
  "model": {
    "model_name": "google-bert/bert-base-uncased",
    "num_layers": 12,
    "parameters": {
      "total_parameters_bytes": 433981440,
      "parameters_per_layer_bytes": [
        28351488,
        28351488,
        28351488,
        28351488,
        28351488,
        28351488,
        28351488,
        28351488,
        28351488,
        28351488,
        28351488,
        28351488
      ]
    }
  },
  "execution_time": {
    "total_time_ms": 2985.167631501099,
    "forward_backward_time_ms": 2906.0798529390013,
    "batch_generator_time_ms": 209.1259039589204,
    "layernorm_grads_all_reduce_time_ms": 0.02,
    "embedding_grads_all_reduce_time_ms": 0.04,
    "optimizer_time_ms": -130.09812539682258,
    "layer_compute_total_ms": [
      243.84248272690456,
      278.0663924932014,
      277.426645741798,
      239.20445200928953,
      252.11961175955366,
      245.73529676126782,
      248.89656498271506,
      242.6781250105705,
      216.0613685118733,
      235.86987447924912,
      203.21234624134377,
      222.96669222123455
    ]
  },
  "execution_memory": {
    "total_memory": 5280.732421875,
    "layer_memory_total_mb": [
      432.609375,
      432.609375,
      432.609375,
      432.609375,
      432.609375,
      432.609375,
      432.609375,
      432.609375,
      432.609375,
      432.609375,
      432.609375,
      432.609375
    ]
  }
}