{
  "model": {
    "model_name": "Qwen/Qwen3-0.6B",
    "num_layers": 28,
    "parameters": {
      "total_parameters_bytes": 3006529536,
      "parameters_per_layer_bytes": [
        62923776,
        62923776,
        62923776,
        62923776,
        62923776,
        62923776,
        62923776,
        62923776,
        62923776,
        62923776,
        62923776,
        62923776,
        62923776,
        62923776,
        62923776,
        62923776,
        62923776,
        62923776,
        62923776,
        62923776,
        62923776,
        62923776,
        62923776,
        62923776,
        62923776,
        62923776,
        62923776,
        62923776
      ]
    }
  },
  "execution_time": {
    "total_time_ms": 6400.886379007716,
    "forward_backward_time_ms": 5862.234947919205,
    "batch_generator_time_ms": 7.990789017640054,
    "layernorm_grads_all_reduce_time_ms": 0.02,
    "embedding_grads_all_reduce_time_ms": 0.04,
    "optimizer_time_ms": 530.6006420708704,
    "layer_compute_total_ms": [
      208.2518189708935,
      207.6395464828238,
      229.37484698195476,
      281.3827189820586,
      243.95011200977024,
      241.3667992441333,
      252.70846774219535,
      228.9616800044314,
      250.3388022450963,
      266.4683200127911,
      208.500324486522,
      187.71515700791497,
      178.8544547453057,
      228.5378824963118,
      178.81886550458148,
      198.54683324956568,
      181.73791200388223,
      208.42565624479903,
      201.90943100169534,
      203.59110575373052,
      206.19317048840458,
      180.72191025567008,
      191.44707050872967,
      177.59888575528748,
      189.00958825543057,
      191.44083149149083,
      175.93226249300642,
      162.81049350072863
    ]
  },
  "execution_memory": {
    "total_memory": 28070.94140625,
    "layer_memory_total_mb": [
      960.140625,
      960.140625,
      960.140625,
      960.140625,
      960.140625,
      960.140625,
      960.140625,
      960.140625,
      960.140625,
      960.140625,
      960.140625,
      960.140625,
      960.140625,
      960.140625,
      960.140625,
      960.140625,
      960.140625,
      960.140625,
      960.140625,
      960.140625,
      960.140625,
      960.140625,
      960.140625,
      960.140625,
      960.140625,
      960.140625,
      960.140625,
      960.140625
    ]
  }
}