{
  "model": {
    "model_name": "google-bert/bert-base-uncased",
    "num_layers": 12,
    "parameters": {
      "total_parameters_bytes": 433981440,
      "parameters_per_layer_bytes": [
        28351488,
        28351488,
        28351488,
        28351488,
        28351488,
        28351488,
        28351488,
        28351488,
        28351488,
        28351488,
        28351488,
        28351488
      ]
    }
  },
  "execution_time": {
    "total_time_ms": 1154.5515799953137,
    "forward_backward_time_ms": 1018.6020169785479,
    "batch_generator_time_ms": 137.8241390339099,
    "layernorm_grads_all_reduce_time_ms": 0.02,
    "embedding_grads_all_reduce_time_ms": 0.04,
    "optimizer_time_ms": -1.9345760171441362,
    "layer_compute_total_ms": [
      87.90494150889572,
      89.4637664896436,
      85.72885123430751,
      82.83771974674892,
      82.01080950675532,
      82.61460074572824,
      83.61342399439309,
      82.72536726144608,
      84.10345048469026,
      85.77419699577149,
      84.48853978188708,
      87.3363492282806
    ]
  },
  "execution_memory": {
    "total_memory": 5280.732421875,
    "layer_memory_total_mb": [
      432.609375,
      432.609375,
      432.609375,
      432.609375,
      432.609375,
      432.609375,
      432.609375,
      432.609375,
      432.609375,
      432.609375,
      432.609375,
      432.609375
    ]
  }
}