{
  "model": {
    "model_name": "google-bert/bert-base-uncased",
    "num_layers": 12,
    "parameters": {
      "total_parameters_bytes": 433981440,
      "parameters_per_layer_bytes": [
        28351488,
        28351488,
        28351488,
        28351488,
        28351488,
        28351488,
        28351488,
        28351488,
        28351488,
        28351488,
        28351488,
        28351488
      ]
    }
  },
  "execution_time": {
    "total_time_ms": 2780.871422000928,
    "forward_backward_time_ms": 2519.1943013778655,
    "batch_generator_time_ms": 392.89559004828334,
    "layernorm_grads_all_reduce_time_ms": 0.02,
    "embedding_grads_all_reduce_time_ms": 0.04,
    "optimizer_time_ms": -131.27846942522098,
    "layer_compute_total_ms": [
      223.7963247753214,
      224.55500875366852,
      218.65917449758854,
      204.84374424268026,
      206.69844925578218,
      208.3754245104501,
      208.18670952576213,
      211.4388087647967,
      209.46912177896593,
      214.97716577141546,
      194.48037775873672,
      193.71399174269754
    ]
  },
  "execution_memory": {
    "total_memory": 5280.732421875,
    "layer_memory_total_mb": [
      432.609375,
      432.609375,
      432.609375,
      432.609375,
      432.609375,
      432.609375,
      432.609375,
      432.609375,
      432.609375,
      432.609375,
      432.609375,
      432.609375
    ]
  }
}