{
  "model": {
    "model_name": "google-bert/bert-base-uncased",
    "num_layers": 12,
    "parameters": {
      "total_parameters_bytes": 433981440,
      "parameters_per_layer_bytes": [
        28351488,
        28351488,
        28351488,
        28351488,
        28351488,
        28351488,
        28351488,
        28351488,
        28351488,
        28351488,
        28351488,
        28351488
      ]
    }
  },
  "execution_time": {
    "total_time_ms": 2566.207021009177,
    "forward_backward_time_ms": 2315.880035763257,
    "batch_generator_time_ms": 253.16360703436658,
    "layernorm_grads_all_reduce_time_ms": 0.02,
    "embedding_grads_all_reduce_time_ms": 0.04,
    "optimizer_time_ms": -2.8966217884467915,
    "layer_compute_total_ms": [
      188.71875600598287,
      181.60484224790707,
      202.8476432315074,
      184.90442974143662,
      198.2965144998161,
      177.7123079955345,
      202.84149497456383,
      192.54511524923146,
      192.52086902270094,
      192.5106362614315,
      204.32086926302873,
      197.05655727011617
    ]
  },
  "execution_memory": {
    "total_memory": 5280.732421875,
    "layer_memory_total_mb": [
      432.609375,
      432.609375,
      432.609375,
      432.609375,
      432.609375,
      432.609375,
      432.609375,
      432.609375,
      432.609375,
      432.609375,
      432.609375,
      432.609375
    ]
  }
}