{
  "model": {
    "model_name": "google-bert/bert-base-uncased",
    "num_layers": 12,
    "parameters": {
      "total_parameters_bytes": 433981440,
      "parameters_per_layer_bytes": [
        28351488,
        28351488,
        28351488,
        28351488,
        28351488,
        28351488,
        28351488,
        28351488,
        28351488,
        28351488,
        28351488,
        28351488
      ]
    }
  },
  "execution_time": {
    "total_time_ms": 1455.4117649968248,
    "forward_backward_time_ms": 1365.5766053270781,
    "batch_generator_time_ms": 61.73723196843639,
    "layernorm_grads_all_reduce_time_ms": 0.02,
    "embedding_grads_all_reduce_time_ms": 0.04,
    "optimizer_time_ms": 28.037927701310256,
    "layer_compute_total_ms": [
      117.6052695227554,
      106.69216922542546,
      118.60263648850378,
      107.60880225279834,
      111.10583452682476,
      122.34216374054085,
      110.38653121795505,
      116.75909777113702,
      119.23936901439447,
      103.83720199752133,
      123.36150578630622,
      108.03602378291544
    ]
  },
  "execution_memory": {
    "total_memory": 5280.732421875,
    "layer_memory_total_mb": [
      432.609375,
      432.609375,
      432.609375,
      432.609375,
      432.609375,
      432.609375,
      432.609375,
      432.609375,
      432.609375,
      432.609375,
      432.609375,
      432.609375
    ]
  }
}