{
  "model": {
    "model_name": "Qwen/Qwen3-0.6B",
    "num_layers": 28,
    "parameters": {
      "total_parameters_bytes": 3006529536,
      "parameters_per_layer_bytes": [
        62923776,
        62923776,
        62923776,
        62923776,
        62923776,
        62923776,
        62923776,
        62923776,
        62923776,
        62923776,
        62923776,
        62923776,
        62923776,
        62923776,
        62923776,
        62923776,
        62923776,
        62923776,
        62923776,
        62923776,
        62923776,
        62923776,
        62923776,
        62923776,
        62923776,
        62923776,
        62923776,
        62923776
      ]
    }
  },
  "execution_time": {
    "total_time_ms": 3040.029391500866,
    "forward_backward_time_ms": 2901.5552255150396,
    "batch_generator_time_ms": 6.926988979103044,
    "layernorm_grads_all_reduce_time_ms": 0.02,
    "embedding_grads_all_reduce_time_ms": 0.04,
    "optimizer_time_ms": 131.48717700672336,
    "layer_compute_total_ms": [
      127.00554148614174,
      110.42608025309164,
      117.86420873977477,
      99.18173125333851,
      108.15788400213933,
      125.73840024560923,
      129.76302050810773,
      120.13733774801949,
      130.46223150013248,
      121.96694425074384,
      100.8819444978144,
      98.65396600071108,
      123.3163992583286,
      89.29090126184747,
      94.89228473830735,
      110.63963601191062,
      89.3763010026305,
      104.77917748357868,
      87.54049174604006,
      91.22934299375629,
      90.39895549358334,
      86.70084075129125,
      95.79125825257506,
      91.40060450590681,
      89.0658445059671,
      95.89389375469182,
      77.00052576547023,
      93.99947750353022
    ]
  },
  "execution_memory": {
    "total_memory": 28070.94140625,
    "layer_memory_total_mb": [
      960.140625,
      960.140625,
      960.140625,
      960.140625,
      960.140625,
      960.140625,
      960.140625,
      960.140625,
      960.140625,
      960.140625,
      960.140625,
      960.140625,
      960.140625,
      960.140625,
      960.140625,
      960.140625,
      960.140625,
      960.140625,
      960.140625,
      960.140625,
      960.140625,
      960.140625,
      960.140625,
      960.140625,
      960.140625,
      960.140625,
      960.140625,
      960.140625
    ]
  }
}