{
  "model": {
    "model_name": "google-bert/bert-base-uncased",
    "num_layers": 12,
    "parameters": {
      "total_parameters_bytes": 433981440,
      "parameters_per_layer_bytes": [
        28351488,
        28351488,
        28351488,
        28351488,
        28351488,
        28351488,
        28351488,
        28351488,
        28351488,
        28351488,
        28351488,
        28351488
      ]
    }
  },
  "execution_time": {
    "total_time_ms": 757.879166980274,
    "forward_backward_time_ms": 707.5482377113076,
    "batch_generator_time_ms": 26.243250991683453,
    "layernorm_grads_all_reduce_time_ms": 0.02,
    "embedding_grads_all_reduce_time_ms": 0.04,
    "optimizer_time_ms": 24.027678277282977,
    "layer_compute_total_ms": [
      69.44677425781265,
      59.20058549963869,
      58.391542988829315,
      59.54408276011236,
      59.53223000688013,
      59.80513924441766,
      58.91728799906559,
      58.292183981393464,
      55.99744850769639,
      55.384275983669795,
      56.56225576240104,
      56.47443071939051
    ]
  },
  "execution_memory": {
    "total_memory": 5280.732421875,
    "layer_memory_total_mb": [
      432.609375,
      432.609375,
      432.609375,
      432.609375,
      432.609375,
      432.609375,
      432.609375,
      432.609375,
      432.609375,
      432.609375,
      432.609375,
      432.609375
    ]
  }
}