{
  "model": {
    "model_name": "google-bert/bert-base-uncased",
    "num_layers": 12,
    "parameters": {
      "total_parameters_bytes": 433981440,
      "parameters_per_layer_bytes": [
        28351488,
        28351488,
        28351488,
        28351488,
        28351488,
        28351488,
        28351488,
        28351488,
        28351488,
        28351488,
        28351488,
        28351488
      ]
    }
  },
  "execution_time": {
    "total_time_ms": 5162.720983993495,
    "forward_backward_time_ms": 4666.662493546028,
    "batch_generator_time_ms": 386.63914502831176,
    "layernorm_grads_all_reduce_time_ms": 0.02,
    "embedding_grads_all_reduce_time_ms": 0.04,
    "optimizer_time_ms": 109.35934541915543,
    "layer_compute_total_ms": [
      395.7880417292472,
      412.6093140075682,
      392.69273399258964,
      386.264455752098,
      396.5072890132433,
      394.37048975378275,
      390.70113249181304,
      376.42296627745964,
      381.47775252582505,
      392.6151104969904,
      380.61370950890705,
      366.5994979965035
    ]
  },
  "execution_memory": {
    "total_memory": 5280.732421875,
    "layer_memory_total_mb": [
      432.609375,
      432.609375,
      432.609375,
      432.609375,
      432.609375,
      432.609375,
      432.609375,
      432.609375,
      432.609375,
      432.609375,
      432.609375,
      432.609375
    ]
  }
}