{
  "model": {
    "model_name": "google-bert/bert-base-uncased",
    "num_layers": 12,
    "parameters": {
      "total_parameters_bytes": 433981440,
      "parameters_per_layer_bytes": [
        28351488,
        28351488,
        28351488,
        28351488,
        28351488,
        28351488,
        28351488,
        28351488,
        28351488,
        28351488,
        28351488,
        28351488
      ]
    }
  },
  "execution_time": {
    "total_time_ms": 1938.681475498015,
    "forward_backward_time_ms": 1744.711425693822,
    "batch_generator_time_ms": 332.8205340076238,
    "layernorm_grads_all_reduce_time_ms": 0.02,
    "embedding_grads_all_reduce_time_ms": 0.04,
    "optimizer_time_ms": -138.91048420343083,
    "layer_compute_total_ms": [
      137.42743725015316,
      148.0076514853863,
      147.38710325036664,
      155.39631599676795,
      153.83848101191688,
      158.24890600924846,
      148.42479898652527,
      140.5254497221904,
      138.59356800094247,
      135.88028398226015,
      135.11550248949789,
      145.86592750856653
    ]
  },
  "execution_memory": {
    "total_memory": 5280.732421875,
    "layer_memory_total_mb": [
      432.609375,
      432.609375,
      432.609375,
      432.609375,
      432.609375,
      432.609375,
      432.609375,
      432.609375,
      432.609375,
      432.609375,
      432.609375,
      432.609375
    ]
  }
}