{
  "model": {
    "model_name": "google-bert/bert-base-uncased",
    "num_layers": 12,
    "parameters": {
      "total_parameters_bytes": 433981440,
      "parameters_per_layer_bytes": [
        28351488,
        28351488,
        28351488,
        28351488,
        28351488,
        28351488,
        28351488,
        28351488,
        28351488,
        28351488,
        28351488,
        28351488
      ]
    }
  },
  "execution_time": {
    "total_time_ms": 613.8572795025539,
    "forward_backward_time_ms": 447.65686403843574,
    "batch_generator_time_ms": 26.0454110102728,
    "layernorm_grads_all_reduce_time_ms": 0.02,
    "embedding_grads_all_reduce_time_ms": 0.04,
    "optimizer_time_ms": 140.09500445384532,
    "layer_compute_total_ms": [
      36.4600744942436,
      36.11189698858652,
      37.128432508325204,
      37.7264455310069,
      36.93079002550803,
      37.39247948396951,
      37.19414926308673,
      35.89674974500667,
      39.038254515617155,
      35.72882799198851,
      38.204035998205654,
      39.84472749289125
    ]
  },
  "execution_memory": {
    "total_memory": 5280.732421875,
    "layer_memory_total_mb": [
      432.609375,
      432.609375,
      432.609375,
      432.609375,
      432.609375,
      432.609375,
      432.609375,
      432.609375,
      432.609375,
      432.609375,
      432.609375,
      432.609375
    ]
  }
}