{
  "model": {
    "model_name": "Qwen/Qwen3-0.6B",
    "num_layers": 28,
    "parameters": {
      "total_parameters_bytes": 1761865728,
      "parameters_per_layer_bytes": [
        62923776,
        62923776,
        62923776,
        62923776,
        62923776,
        62923776,
        62923776,
        62923776,
        62923776,
        62923776,
        62923776,
        62923776,
        62923776,
        62923776,
        62923776,
        62923776,
        62923776,
        62923776,
        62923776,
        62923776,
        62923776,
        62923776,
        62923776,
        62923776,
        62923776,
        62923776,
        62923776,
        62923776
      ]
    }
  },
  "execution_time": {
    "total_time_ms": 17440.220543998294,
    "forward_backward_time_ms": 15283.821899429313,
    "batch_generator_time_ms": 11.861892999149859,
    "layernorm_grads_all_reduce_time_ms": 0.02,
    "embedding_grads_all_reduce_time_ms": 0.04,
    "optimizer_time_ms": 2144.476751569831,
    "layer_compute_total_ms": [
      626.217399010784,
      621.8121934944065,
      625.5384554970078,
      626.3918309850851,
      634.3417999887606,
      602.6660269999411,
      585.7902610005112,
      586.1686925054528,
      622.408244991675,
      621.1892390128924,
      571.6331829898991,
      507.7140839857748,
      508.6106820090208,
      510.49158701789565,
      514.628006494604,
      515.9990090032807,
      511.01257698610425,
      505.60419099929277,
      505.021303484682,
      511.7440184985753,
      496.4879445033148,
      501.7967170133488,
      502.26945997565053,
      502.2778760030633,
      505.29030348116066,
      495.6964140001219,
      490.3157119988464,
      474.70468749816064
    ]
  },
  "execution_memory": {
    "total_memory": 28189851648,
    "layer_memory_total_mb": [
      1006780416,
      1006780416,
      1006780416,
      1006780416,
      1006780416,
      1006780416,
      1006780416,
      1006780416,
      1006780416,
      1006780416,
      1006780416,
      1006780416,
      1006780416,
      1006780416,
      1006780416,
      1006780416,
      1006780416,
      1006780416,
      1006780416,
      1006780416,
      1006780416,
      1006780416,
      1006780416,
      1006780416,
      1006780416,
      1006780416,
      1006780416,
      1006780416
    ]
  }
}