{
  "model": {
    "model_name": "Qwen/Qwen3-0.6B",
    "num_layers": 28,
    "parameters": {
      "total_parameters_bytes": 1761865728,
      "parameters_per_layer_bytes": [
        62923776,
        62923776,
        62923776,
        62923776,
        62923776,
        62923776,
        62923776,
        62923776,
        62923776,
        62923776,
        62923776,
        62923776,
        62923776,
        62923776,
        62923776,
        62923776,
        62923776,
        62923776,
        62923776,
        62923776,
        62923776,
        62923776,
        62923776,
        62923776,
        62923776,
        62923776,
        62923776,
        62923776
      ]
    }
  },
  "execution_time": {
    "total_time_ms": 31132.754741003737,
    "forward_backward_time_ms": 28602.922593956464,
    "batch_generator_time_ms": 8.243791002314538,
    "layernorm_grads_all_reduce_time_ms": 0.02,
    "embedding_grads_all_reduce_time_ms": 0.04,
    "optimizer_time_ms": 2521.5283560449584,
    "layer_compute_total_ms": [
      1098.0438175029121,
      1137.1374095033389,
      1148.5079494741512,
      1090.2422719955212,
      1091.0989035037346,
      1082.7417945110938,
      1035.1715669967234,
      1006.4645210077288,
      1011.3077194982907,
      1001.3460729969665,
      985.2793964964803,
      999.8967205028748,
      989.0408464998472,
      1004.6637164923595,
      990.3874974988867,
      977.5835565087618,
      986.7325240047649,
      1005.4931299964665,
      1049.8462664982071,
      996.5604625031119,
      1017.9729170049541,
      1001.1577944969758,
      998.5110959969461,
      1002.0159345003776,
      1001.5948699874571,
      948.7983899889514,
      972.5974900065921,
      972.7279579819879
    ]
  },
  "execution_memory": {
    "total_memory": 28189851648,
    "layer_memory_total_mb": [
      1006780416,
      1006780416,
      1006780416,
      1006780416,
      1006780416,
      1006780416,
      1006780416,
      1006780416,
      1006780416,
      1006780416,
      1006780416,
      1006780416,
      1006780416,
      1006780416,
      1006780416,
      1006780416,
      1006780416,
      1006780416,
      1006780416,
      1006780416,
      1006780416,
      1006780416,
      1006780416,
      1006780416,
      1006780416,
      1006780416,
      1006780416,
      1006780416
    ]
  }
}