{
  "model": {
    "model_name": "Qwen/Qwen3-0.6B",
    "num_layers": 28,
    "parameters": {
      "total_parameters_bytes": 1761865728,
      "parameters_per_layer_bytes": [
        62923776,
        62923776,
        62923776,
        62923776,
        62923776,
        62923776,
        62923776,
        62923776,
        62923776,
        62923776,
        62923776,
        62923776,
        62923776,
        62923776,
        62923776,
        62923776,
        62923776,
        62923776,
        62923776,
        62923776,
        62923776,
        62923776,
        62923776,
        62923776,
        62923776,
        62923776,
        62923776,
        62923776
      ]
    }
  },
  "execution_time": {
    "total_time_ms": 158673.15149097703,
    "forward_backward_time_ms": 113527.32496302633,
    "batch_generator_time_ms": 16.513720009243116,
    "layernorm_grads_all_reduce_time_ms": 0.02,
    "embedding_grads_all_reduce_time_ms": 0.04,
    "optimizer_time_ms": 45129.25280794146,
    "layer_compute_total_ms": [
      8505.21152249712,
      6575.625309487805,
      6626.655643995036,
      4872.158924496034,
      3594.633661021362,
      3679.5352270128205,
      3549.707740996382,
      3603.6320319981314,
      3559.498792994418,
      3578.4748570004012,
      3569.5276940095937,
      3584.3967469991185,
      3660.2598810131894,
      3598.8398874906125,
      3692.757191005512,
      3629.51004000206,
      3597.3081334959716,
      3651.5980804979336,
      3637.659669489949,
      3651.52549049526,
      3801.491164500476,
      3602.2696810105117,
      3536.793092498556,
      3673.4889704966918,
      3621.5665510098916,
      3589.4500845170114,
      3492.59955000889,
      3791.149342985591
    ]
  },
  "execution_memory": {
    "total_memory": 28189851648,
    "layer_memory_total_mb": [
      1006780416,
      1006780416,
      1006780416,
      1006780416,
      1006780416,
      1006780416,
      1006780416,
      1006780416,
      1006780416,
      1006780416,
      1006780416,
      1006780416,
      1006780416,
      1006780416,
      1006780416,
      1006780416,
      1006780416,
      1006780416,
      1006780416,
      1006780416,
      1006780416,
      1006780416,
      1006780416,
      1006780416,
      1006780416,
      1006780416,
      1006780416,
      1006780416
    ]
  }
}