{
  "model": {
    "model_name": "Qwen/Qwen3-0.6B",
    "num_layers": 28,
    "parameters": {
      "total_parameters_bytes": 1761865728,
      "parameters_per_layer_bytes": [
        62923776,
        62923776,
        62923776,
        62923776,
        62923776,
        62923776,
        62923776,
        62923776,
        62923776,
        62923776,
        62923776,
        62923776,
        62923776,
        62923776,
        62923776,
        62923776,
        62923776,
        62923776,
        62923776,
        62923776,
        62923776,
        62923776,
        62923776,
        62923776,
        62923776,
        62923776,
        62923776,
        62923776
      ]
    }
  },
  "execution_time": {
    "total_time_ms": 3188.413046998903,
    "forward_backward_time_ms": 2987.1030170907034,
    "batch_generator_time_ms": 5.9102279774378985,
    "layernorm_grads_all_reduce_time_ms": 0.02,
    "embedding_grads_all_reduce_time_ms": 0.04,
    "optimizer_time_ms": 195.3398019307619,
    "layer_compute_total_ms": [
      130.9651265037246,
      126.20576148037799,
      123.59660847869236,
      121.99785799020901,
      130.16865798272192,
      127.32129350479227,
      126.33862051006872,
      97.7518430154305,
      94.6052214858355,
      93.40474600321613,
      123.86993401742075,
      109.87474951252807,
      109.4221159873996,
      108.84680399612989,
      104.27760452148505,
      108.8607179990504,
      103.42169951763935,
      104.34977749537211,
      103.65855200507212,
      99.6708760067122,
      92.80945551290642,
      92.0115270128008,
      89.12367701123003,
      90.50061501329765,
      90.35431651864201,
      93.44992600381374,
      93.41355950164143,
      96.83137250249274
    ]
  },
  "execution_memory": {
    "total_memory": 27529152.0,
    "layer_memory_total_mb": [
      983184.0,
      983184.0,
      983184.0,
      983184.0,
      983184.0,
      983184.0,
      983184.0,
      983184.0,
      983184.0,
      983184.0,
      983184.0,
      983184.0,
      983184.0,
      983184.0,
      983184.0,
      983184.0,
      983184.0,
      983184.0,
      983184.0,
      983184.0,
      983184.0,
      983184.0,
      983184.0,
      983184.0,
      983184.0,
      983184.0,
      983184.0,
      983184.0
    ]
  }
}