{
  "model": {
    "model_name": "Qwen/Qwen3-0.6B",
    "num_layers": 28,
    "parameters": {
      "total_parameters_bytes": 1761865728,
      "parameters_per_layer_bytes": [
        62923776,
        62923776,
        62923776,
        62923776,
        62923776,
        62923776,
        62923776,
        62923776,
        62923776,
        62923776,
        62923776,
        62923776,
        62923776,
        62923776,
        62923776,
        62923776,
        62923776,
        62923776,
        62923776,
        62923776,
        62923776,
        62923776,
        62923776,
        62923776,
        62923776,
        62923776,
        62923776,
        62923776
      ]
    }
  },
  "execution_time": {
    "total_time_ms": 17284.146101010265,
    "forward_backward_time_ms": 16090.857487521134,
    "batch_generator_time_ms": 10.299918008968234,
    "layernorm_grads_all_reduce_time_ms": 0.02,
    "embedding_grads_all_reduce_time_ms": 0.04,
    "optimizer_time_ms": 1182.9286954801623,
    "layer_compute_total_ms": [
      640.1088725106092,
      620.72119450022,
      633.2140739978058,
      637.1078429947374,
      653.6945245024981,
      639.8356560093816,
      641.7935734934872,
      634.6719730063342,
      649.701449990971,
      645.9802195022348,
      601.9334924931172,
      586.4428914646851,
      587.1820920001483,
      571.016394009348,
      553.3671540033538,
      545.5335930018919,
      551.0644619935192,
      537.9648545058444,
      560.0449105259031,
      546.1499950179132,
      530.2101920096902,
      539.9167500145268,
      531.6675795038464,
      483.0644214816857,
      486.7268119996879,
      485.4854344885098,
      480.32756050815806,
      515.9295179910259
    ]
  },
  "execution_memory": {
    "total_memory": 28189851648,
    "layer_memory_total_mb": [
      1006780416,
      1006780416,
      1006780416,
      1006780416,
      1006780416,
      1006780416,
      1006780416,
      1006780416,
      1006780416,
      1006780416,
      1006780416,
      1006780416,
      1006780416,
      1006780416,
      1006780416,
      1006780416,
      1006780416,
      1006780416,
      1006780416,
      1006780416,
      1006780416,
      1006780416,
      1006780416,
      1006780416,
      1006780416,
      1006780416,
      1006780416,
      1006780416
    ]
  }
}