{
  "model": {
    "model_name": "Qwen/Qwen3-0.6B",
    "num_layers": 28,
    "parameters": {
      "total_parameters_bytes": 1761865728,
      "parameters_per_layer_bytes": [
        62923776,
        62923776,
        62923776,
        62923776,
        62923776,
        62923776,
        62923776,
        62923776,
        62923776,
        62923776,
        62923776,
        62923776,
        62923776,
        62923776,
        62923776,
        62923776,
        62923776,
        62923776,
        62923776,
        62923776,
        62923776,
        62923776,
        62923776,
        62923776,
        62923776,
        62923776,
        62923776,
        62923776
      ]
    }
  },
  "execution_time": {
    "total_time_ms": 47696.421942993766,
    "forward_backward_time_ms": 40665.657910576556,
    "batch_generator_time_ms": 9.192316007101908,
    "layernorm_grads_all_reduce_time_ms": 0.02,
    "embedding_grads_all_reduce_time_ms": 0.04,
    "optimizer_time_ms": 7021.5117164101075,
    "layer_compute_total_ms": [
      1593.3699464949314,
      1608.1303785031196,
      1513.0103509873152,
      1440.818778501125,
      1453.963512001792,
      1479.2723749997094,
      1468.2277885149233,
      1502.510597492801,
      1532.3944565025158,
      1501.8250010325573,
      1472.818942478625,
      1460.1187815133017,
      1435.6217400054447,
      1471.5335959917866,
      1435.2291775285266,
      1446.2300199957099,
      1455.918912004563,
      1439.3745129927993,
      1444.6194625052158,
      1439.081061995239,
      1447.4414475116646,
      1420.7942410139367,
      1415.6049565062858,
      1418.0981799872825,
      1391.3295145030133,
      1324.9194144882495,
      1320.4644970101072,
      1332.9362675140146
    ]
  },
  "execution_memory": {
    "total_memory": 28189851648,
    "layer_memory_total_mb": [
      1006780416,
      1006780416,
      1006780416,
      1006780416,
      1006780416,
      1006780416,
      1006780416,
      1006780416,
      1006780416,
      1006780416,
      1006780416,
      1006780416,
      1006780416,
      1006780416,
      1006780416,
      1006780416,
      1006780416,
      1006780416,
      1006780416,
      1006780416,
      1006780416,
      1006780416,
      1006780416,
      1006780416,
      1006780416,
      1006780416,
      1006780416,
      1006780416
    ]
  }
}