{
  "model": {
    "model_name": "Qwen/Qwen3-0.6B",
    "num_layers": 28,
    "parameters": {
      "total_parameters_bytes": 1761865728,
      "parameters_per_layer_bytes": [
        62923776,
        62923776,
        62923776,
        62923776,
        62923776,
        62923776,
        62923776,
        62923776,
        62923776,
        62923776,
        62923776,
        62923776,
        62923776,
        62923776,
        62923776,
        62923776,
        62923776,
        62923776,
        62923776,
        62923776,
        62923776,
        62923776,
        62923776,
        62923776,
        62923776,
        62923776,
        62923776,
        62923776
      ]
    }
  },
  "execution_time": {
    "total_time_ms": 160309.9062909896,
    "forward_backward_time_ms": 115245.76623445319,
    "batch_generator_time_ms": 15.022093983134255,
    "layernorm_grads_all_reduce_time_ms": 0.02,
    "embedding_grads_all_reduce_time_ms": 0.04,
    "optimizer_time_ms": 45049.057962553285,
    "layer_compute_total_ms": [
      8037.070519014378,
      6674.883069019415,
      6832.723995496053,
      5317.251465996378,
      3744.694705994334,
      3585.186021970003,
      3612.7847059979104,
      3615.0115140044363,
      3800.170029498986,
      3626.652726496104,
      3687.3879564809613,
      3726.3412040192634,
      3678.961787489243,
      3832.8660915140063,
      3952.21216599748,
      3670.517418984673,
      3702.934513508808,
      3645.345899509266,
      3680.820537992986,
      3745.9192859969335,
      3676.8701174587477,
      3685.358504008036,
      3632.9971974919317,
      3579.5058719959343,
      3581.4140390139073,
      3600.6514000182506,
      3560.512061492773,
      3758.7214279919863
    ]
  },
  "execution_memory": {
    "total_memory": 28189851648,
    "layer_memory_total_mb": [
      1006780416,
      1006780416,
      1006780416,
      1006780416,
      1006780416,
      1006780416,
      1006780416,
      1006780416,
      1006780416,
      1006780416,
      1006780416,
      1006780416,
      1006780416,
      1006780416,
      1006780416,
      1006780416,
      1006780416,
      1006780416,
      1006780416,
      1006780416,
      1006780416,
      1006780416,
      1006780416,
      1006780416,
      1006780416,
      1006780416,
      1006780416,
      1006780416
    ]
  }
}