{
  "model": {
    "model_name": "Qwen/Qwen3-0.6B",
    "num_layers": 28,
    "parameters": {
      "total_parameters_bytes": 3006529536,
      "parameters_per_layer_bytes": [
        62923776,
        62923776,
        62923776,
        62923776,
        62923776,
        62923776,
        62923776,
        62923776,
        62923776,
        62923776,
        62923776,
        62923776,
        62923776,
        62923776,
        62923776,
        62923776,
        62923776,
        62923776,
        62923776,
        62923776,
        62923776,
        62923776,
        62923776,
        62923776,
        62923776,
        62923776,
        62923776,
        62923776
      ]
    }
  },
  "execution_time": {
    "total_time_ms": 9813.292831007857,
    "forward_backward_time_ms": 8515.004893022706,
    "batch_generator_time_ms": 11.015474010491744,
    "layernorm_grads_all_reduce_time_ms": 0.02,
    "embedding_grads_all_reduce_time_ms": 0.04,
    "optimizer_time_ms": 1287.2124639746594,
    "layer_compute_total_ms": [
      327.50007648428436,
      345.23052648000885,
      336.15495449339505,
      321.8991570174694,
      333.0695805052528,
      338.49722250306513,
      343.1396629894152,
      333.2068044983316,
      332.6129835040774,
      327.2632410080405,
      298.51283351308666,
      299.74848798883613,
      300.3587710118154,
      292.5938580156071,
      296.2607279914664,
      286.87898100179154,
      285.0251484924229,
      289.4431090244325,
      298.99674050102476,
      299.5097159873694,
      295.1716820098227,
      280.13910600566305,
      273.1682435114635,
      273.0560850031907,
      273.92993948888034,
      272.51935451931786,
      272.44899948709644,
      288.66889998607803
    ]
  },
  "execution_memory": {
    "total_memory": 28070.94140625,
    "layer_memory_total_mb": [
      960.140625,
      960.140625,
      960.140625,
      960.140625,
      960.140625,
      960.140625,
      960.140625,
      960.140625,
      960.140625,
      960.140625,
      960.140625,
      960.140625,
      960.140625,
      960.140625,
      960.140625,
      960.140625,
      960.140625,
      960.140625,
      960.140625,
      960.140625,
      960.140625,
      960.140625,
      960.140625,
      960.140625,
      960.140625,
      960.140625,
      960.140625,
      960.140625
    ]
  }
}