{
  "model": {
    "model_name": "Qwen/Qwen3-0.6B",
    "num_layers": 28,
    "parameters": {
      "total_parameters_bytes": 1761865728,
      "parameters_per_layer_bytes": [
        62923776,
        62923776,
        62923776,
        62923776,
        62923776,
        62923776,
        62923776,
        62923776,
        62923776,
        62923776,
        62923776,
        62923776,
        62923776,
        62923776,
        62923776,
        62923776,
        62923776,
        62923776,
        62923776,
        62923776,
        62923776,
        62923776,
        62923776,
        62923776,
        62923776,
        62923776,
        62923776,
        62923776
      ]
    }
  },
  "execution_time": {
    "total_time_ms": 76273.22750902385,
    "forward_backward_time_ms": 64732.851054403,
    "batch_generator_time_ms": 14.758578996406868,
    "layernorm_grads_all_reduce_time_ms": 0.02,
    "embedding_grads_all_reduce_time_ms": 0.04,
    "optimizer_time_ms": 11525.557875624447,
    "layer_compute_total_ms": [
      2517.9998295061523,
      2513.106296522892,
      2372.7767755044624,
      2373.4315004840028,
      2295.109873986803,
      2318.976380469394,
      2316.4978094864637,
      2291.4099625049857,
      2397.3108509671874,
      2326.345568013494,
      2370.9021794929868,
      2323.628722006106,
      2360.7744234905113,
      2332.858127003419,
      2346.1402819957584,
      2340.1846744818613,
      2299.8854019970167,
      2317.4617959884927,
      2305.3296839934774,
      2298.572863001027,
      2315.3977430047235,
      2287.010164494859,
      2253.7132400029805,
      2243.679492996307,
      2172.782799520064,
      2167.614860998583,
      2152.1326120127924,
      2121.817140476196
    ]
  },
  "execution_memory": {
    "total_memory": 28189851648,
    "layer_memory_total_mb": [
      1006780416,
      1006780416,
      1006780416,
      1006780416,
      1006780416,
      1006780416,
      1006780416,
      1006780416,
      1006780416,
      1006780416,
      1006780416,
      1006780416,
      1006780416,
      1006780416,
      1006780416,
      1006780416,
      1006780416,
      1006780416,
      1006780416,
      1006780416,
      1006780416,
      1006780416,
      1006780416,
      1006780416,
      1006780416,
      1006780416,
      1006780416,
      1006780416
    ]
  }
}