{
  "model": {
    "model_name": "Qwen/Qwen3-0.6B",
    "num_layers": 28,
    "parameters": {
      "total_parameters_bytes": 1761865728,
      "parameters_per_layer_bytes": [
        62923776,
        62923776,
        62923776,
        62923776,
        62923776,
        62923776,
        62923776,
        62923776,
        62923776,
        62923776,
        62923776,
        62923776,
        62923776,
        62923776,
        62923776,
        62923776,
        62923776,
        62923776,
        62923776,
        62923776,
        62923776,
        62923776,
        62923776,
        62923776,
        62923776,
        62923776,
        62923776,
        62923776
      ]
    }
  },
  "execution_time": {
    "total_time_ms": 30005.074651999166,
    "forward_backward_time_ms": 27422.97052302456,
    "batch_generator_time_ms": 10.68631000816822,
    "layernorm_grads_all_reduce_time_ms": 0.02,
    "embedding_grads_all_reduce_time_ms": 0.04,
    "optimizer_time_ms": 2571.357818966438,
    "layer_compute_total_ms": [
      1106.295489007607,
      1127.3304125061259,
      1133.29624151811,
      1117.3339619999751,
      1094.2464344843756,
      1060.3613690036582,
      1100.5754170037108,
      1011.7861440230627,
      1014.7996055311523,
      1000.892866999493,
      995.277737500146,
      993.6500799958594,
      953.4620580088813,
      949.1267039993545,
      926.3977989903651,
      914.0138864895562,
      920.9327359858435,
      929.1756915044971,
      901.1706364981364,
      912.5914059841307,
      938.5381965112174,
      935.8801595080877,
      942.9538730037166,
      937.200247994042,
      901.7043209896656,
      860.4760304733645,
      859.987670512055,
      883.5133469983703
    ]
  },
  "execution_memory": {
    "total_memory": 28189851648,
    "layer_memory_total_mb": [
      1006780416,
      1006780416,
      1006780416,
      1006780416,
      1006780416,
      1006780416,
      1006780416,
      1006780416,
      1006780416,
      1006780416,
      1006780416,
      1006780416,
      1006780416,
      1006780416,
      1006780416,
      1006780416,
      1006780416,
      1006780416,
      1006780416,
      1006780416,
      1006780416,
      1006780416,
      1006780416,
      1006780416,
      1006780416,
      1006780416,
      1006780416,
      1006780416
    ]
  }
}