{
  "model": {
    "model_name": "Qwen/Qwen3-0.6B",
    "num_layers": 28,
    "parameters": {
      "total_parameters_bytes": 1761865728,
      "parameters_per_layer_bytes": [
        62923776,
        62923776,
        62923776,
        62923776,
        62923776,
        62923776,
        62923776,
        62923776,
        62923776,
        62923776,
        62923776,
        62923776,
        62923776,
        62923776,
        62923776,
        62923776,
        62923776,
        62923776,
        62923776,
        62923776,
        62923776,
        62923776,
        62923776,
        62923776,
        62923776,
        62923776,
        62923776,
        62923776
      ]
    }
  },
  "execution_time": {
    "total_time_ms": 49258.795922010904,
    "forward_backward_time_ms": 41976.36574196804,
    "batch_generator_time_ms": 7.8949310118332505,
    "layernorm_grads_all_reduce_time_ms": 0.02,
    "embedding_grads_all_reduce_time_ms": 0.04,
    "optimizer_time_ms": 7274.475249031032,
    "layer_compute_total_ms": [
      1628.9006434963085,
      1592.0308295026189,
      1581.1620945169125,
      1471.7180479783565,
      1499.9886979931034,
      1470.0977339816745,
      1491.9803859957028,
      1490.6350190140074,
      1556.4871320093516,
      1520.0070254941238,
      1503.7126489769435,
      1513.8521505141398,
      1515.715891509899,
      1551.0463649989106,
      1497.0858474989654,
      1537.0442109997384,
      1506.3096350058913,
      1523.2700839842437,
      1495.4583390062908,
      1492.2786340030143,
      1505.3601554973284,
      1502.0673830003943,
      1422.209696000209,
      1397.6127595087746,
      1448.6354300024686,
      1454.1081949864747,
      1432.5271569832694,
      1375.0635495089227
    ]
  },
  "execution_memory": {
    "total_memory": 28189851648,
    "layer_memory_total_mb": [
      1006780416,
      1006780416,
      1006780416,
      1006780416,
      1006780416,
      1006780416,
      1006780416,
      1006780416,
      1006780416,
      1006780416,
      1006780416,
      1006780416,
      1006780416,
      1006780416,
      1006780416,
      1006780416,
      1006780416,
      1006780416,
      1006780416,
      1006780416,
      1006780416,
      1006780416,
      1006780416,
      1006780416,
      1006780416,
      1006780416,
      1006780416,
      1006780416
    ]
  }
}