{
  "model": {
    "model_name": "Qwen/Qwen3-0.6B",
    "num_layers": 28,
    "parameters": {
      "total_parameters_bytes": 1761865728,
      "parameters_per_layer_bytes": [
        62923776,
        62923776,
        62923776,
        62923776,
        62923776,
        62923776,
        62923776,
        62923776,
        62923776,
        62923776,
        62923776,
        62923776,
        62923776,
        62923776,
        62923776,
        62923776,
        62923776,
        62923776,
        62923776,
        62923776,
        62923776,
        62923776,
        62923776,
        62923776,
        62923776,
        62923776,
        62923776,
        62923776
      ]
    }
  },
  "execution_time": {
    "total_time_ms": 79979.97325801407,
    "forward_backward_time_ms": 68110.45555096644,
    "batch_generator_time_ms": 13.194568018661812,
    "layernorm_grads_all_reduce_time_ms": 0.02,
    "embedding_grads_all_reduce_time_ms": 0.04,
    "optimizer_time_ms": 11856.263139028972,
    "layer_compute_total_ms": [
      2572.367867003777,
      2526.8617155234097,
      2410.697284984053,
      2433.61159748747,
      2383.131983486237,
      2461.7409505153773,
      2426.203164985054,
      2417.5852299958933,
      2449.2679179966217,
      2410.8574595156824,
      2423.3550905046286,
      2411.5365785110043,
      2444.400094987941,
      2418.620338998153,
      2428.8670504902257,
      2468.9492160105146,
      2428.2236815197393,
      2433.3779119770043,
      2429.9249820178375,
      2415.9582474967465,
      2459.011502476642,
      2471.6349270020146,
      2429.909553480684,
      2507.280877500307,
      2381.634846999077,
      2378.5824874939863,
      2318.7619279924547,
      2368.1010640138993
    ]
  },
  "execution_memory": {
    "total_memory": 28189851648,
    "layer_memory_total_mb": [
      1006780416,
      1006780416,
      1006780416,
      1006780416,
      1006780416,
      1006780416,
      1006780416,
      1006780416,
      1006780416,
      1006780416,
      1006780416,
      1006780416,
      1006780416,
      1006780416,
      1006780416,
      1006780416,
      1006780416,
      1006780416,
      1006780416,
      1006780416,
      1006780416,
      1006780416,
      1006780416,
      1006780416,
      1006780416,
      1006780416,
      1006780416,
      1006780416
    ]
  }
}
