{
  "model": {
    "model_name": "Qwen/Qwen3-1.7B",
    "num_layers": 28,
    "parameters": {
      "total_parameters_bytes": 8126959616,
      "parameters_per_layer_bytes": [
        201344000,
        201344000,
        201344000,
        201344000,
        201344000,
        201344000,
        201344000,
        201344000,
        201344000,
        201344000,
        201344000,
        201344000,
        201344000,
        201344000,
        201344000,
        201344000,
        201344000,
        201344000,
        201344000,
        201344000,
        201344000,
        201344000,
        201344000,
        201344000,
        201344000,
        201344000,
        201344000,
        201344000
      ]
    }
  },
  "execution_time": {
    "total_time_ms": 15774.004655482713,
    "forward_backward_time_ms": 14894.350904549356,
    "batch_generator_time_ms": 8.328169991727918,
    "layernorm_grads_all_reduce_time_ms": 0.02,
    "embedding_grads_all_reduce_time_ms": 0.04,
    "optimizer_time_ms": 871.2655809416297,
    "layer_compute_total_ms": [
      559.9198204872664,
      551.9086200074526,
      578.7546867359197,
      574.4977137510432,
      594.0931197401369,
      586.8231517524691,
      573.2744944834849,
      568.2985544844996,
      587.3046724882443,
      569.498037759331,
      530.5200827278895,
      530.915491268388,
      519.2755400057649,
      511.4839170128107,
      518.3150825032499,
      512.183979008114,
      514.2623642605031,
      508.0203639809042,
      513.6724332551239,
      508.7731122766854,
      503.5620100097731,
      502.819488523528,
      503.35746750351973,
      498.1595469871536,
      490.384420772898,
      481.43034176609945,
      502.9118122329237,
      499.9305787641788
    ]
  },
  "execution_memory": {
    "total_memory": 88397.4453125,
    "layer_memory_total_mb": [
      3072.265625,
      3072.265625,
      3072.265625,
      3072.265625,
      3072.265625,
      3072.265625,
      3072.265625,
      3072.265625,
      3072.265625,
      3072.265625,
      3072.265625,
      3072.265625,
      3072.265625,
      3072.265625,
      3072.265625,
      3072.265625,
      3072.265625,
      3072.265625,
      3072.265625,
      3072.265625,
      3072.265625,
      3072.265625,
      3072.265625,
      3072.265625,
      3072.265625,
      3072.265625,
      3072.265625,
      3072.265625
    ]
  }
}