{
  "model": {
    "model_name": "Qwen/Qwen3-1.7B",
    "num_layers": 28,
    "parameters": {
      "total_parameters_bytes": 8126959616,
      "parameters_per_layer_bytes": [
        201344000,
        201344000,
        201344000,
        201344000,
        201344000,
        201344000,
        201344000,
        201344000,
        201344000,
        201344000,
        201344000,
        201344000,
        201344000,
        201344000,
        201344000,
        201344000,
        201344000,
        201344000,
        201344000,
        201344000,
        201344000,
        201344000,
        201344000,
        201344000,
        201344000,
        201344000,
        201344000,
        201344000
      ]
    }
  },
  "execution_time": {
    "total_time_ms": 18641.591742518358,
    "forward_backward_time_ms": 17062.99943482736,
    "batch_generator_time_ms": 9.270081005524844,
    "layernorm_grads_all_reduce_time_ms": 0.02,
    "embedding_grads_all_reduce_time_ms": 0.04,
    "optimizer_time_ms": 1569.262226685472,
    "layer_compute_total_ms": [
      683.2451615046011,
      674.5268534868956,
      650.6425062398193,
      655.1572677708464,
      641.6665927245049,
      627.2626514983131,
      644.7502639784943,
      638.8453282561386,
      620.7611027784878,
      607.3128652351443,
      629.1950172599172,
      629.60251851473,
      623.9331417600624,
      613.2047682622215,
      619.0959914965788,
      607.3682490095962,
      595.6934672576608,
      590.8686842303723,
      572.4581264512381,
      585.8279857347952,
      583.7078260228736,
      578.5179657686967,
      573.8031260261778,
      566.8990849953843,
      562.5896484853001,
      569.447808287805,
      554.8431632632855,
      561.7722685274202
    ]
  },
  "execution_memory": {
    "total_memory": 88397.4453125,
    "layer_memory_total_mb": [
      3072.265625,
      3072.265625,
      3072.265625,
      3072.265625,
      3072.265625,
      3072.265625,
      3072.265625,
      3072.265625,
      3072.265625,
      3072.265625,
      3072.265625,
      3072.265625,
      3072.265625,
      3072.265625,
      3072.265625,
      3072.265625,
      3072.265625,
      3072.265625,
      3072.265625,
      3072.265625,
      3072.265625,
      3072.265625,
      3072.265625,
      3072.265625,
      3072.265625,
      3072.265625,
      3072.265625,
      3072.265625
    ]
  }
}