{
  "model": {
    "model_name": "Qwen/Qwen3-1.7B",
    "num_layers": 28,
    "parameters": {
      "total_parameters_bytes": 8126959616,
      "parameters_per_layer_bytes": [
        201344000,
        201344000,
        201344000,
        201344000,
        201344000,
        201344000,
        201344000,
        201344000,
        201344000,
        201344000,
        201344000,
        201344000,
        201344000,
        201344000,
        201344000,
        201344000,
        201344000,
        201344000,
        201344000,
        201344000,
        201344000,
        201344000,
        201344000,
        201344000,
        201344000,
        201344000,
        201344000,
        201344000
      ]
    }
  },
  "execution_time": {
    "total_time_ms": 6883.019262488233,
    "forward_backward_time_ms": 6325.948291021632,
    "batch_generator_time_ms": 55.846388975623995,
    "layernorm_grads_all_reduce_time_ms": 0.02,
    "embedding_grads_all_reduce_time_ms": 0.04,
    "optimizer_time_ms": 501.1645824909769,
    "layer_compute_total_ms": [
      288.81242049101274,
      245.9207194915507,
      257.6793570042355,
      259.4579097931273,
      263.39497898879927,
      260.66678199276794,
      267.94480775424745,
      261.7718379624421,
      249.09622775157914,
      253.96957101474982,
      225.53041798528284,
      219.33746401919052,
      222.7796435035998,
      207.84162401105277,
      210.1468182663666,
      209.07440925657284,
      198.72577900241595,
      209.62514728307724,
      196.74434523039963,
      201.1480812652735,
      202.22606474999338,
      215.53866475005634,
      201.78233775368426,
      192.51751522824634,
      190.1824912201846,
      190.85829526011366,
      201.3786847528536,
      221.7958952387562
    ]
  },
  "execution_memory": {
    "total_memory": 88397.4453125,
    "layer_memory_total_mb": [
      3072.265625,
      3072.265625,
      3072.265625,
      3072.265625,
      3072.265625,
      3072.265625,
      3072.265625,
      3072.265625,
      3072.265625,
      3072.265625,
      3072.265625,
      3072.265625,
      3072.265625,
      3072.265625,
      3072.265625,
      3072.265625,
      3072.265625,
      3072.265625,
      3072.265625,
      3072.265625,
      3072.265625,
      3072.265625,
      3072.265625,
      3072.265625,
      3072.265625,
      3072.265625,
      3072.265625,
      3072.265625
    ]
  }
}