{
  "round_latency_s": 13.480382122284553,
  "dominant_step_index": 1,
  "Ef": [
    0.013434490596753288,
    0.33554432,
    0.10883446274794337,
    0.33554432,
    0.14337271241755742,
    0.33554432,
    0.14763728628647363
  ],
  "Eb": [
    0.04517483168779941,
    0.33554432,
    0.3987098504199982,
    0.33554432,
    0.4945584573812651,
    0.33554432,
    0.4710635314193191
  ],
  "Ta": [
    0.0,
    0.0,
    0.0,
    0.0,
    0.0,
    0.0,
    0.0
  ],
  "Tw": [
    0.0,
    0.013434490596753288,
    0.3489788105967533,
    0.4578132733446967,
    0.7933575933446967,
    0.9367303057622541,
    1.2722746257622541
  ],
  "Te": [
    13.480382122284553,
    13.4217728,
    12.750684159999999,
    12.243139846832058,
    11.572051206832057,
    10.934120037033235,
    10.263031397033235
  ],
  "totals": [
    13.480382122284553,
    13.435207290596752,
    13.099662970596752,
    12.700953120176754,
    12.365408800176754,
    11.870850342795489,
    11.535306022795488
  ]
}