{
  "round_latency_s": 10.690597791499561,
  "dominant_step_index": 0,
  "Ef": [
    0.5939064936666266,
    0.2097152,
    0.6438618025058531,
    0.2097152,
    0.5473229607596295,
    0.2097152,
    0.6016480145117384
  ],
  "Eb": [
    1.5442130646332857,
    0.2097152,
    1.4154493199894205,
    0.2097152,
    1.074147857762,
    0.2097152,
    0.8696017184993252
  ],
  "Ta": [
    0.0,
    0.0,
    0.0,
    0.0,
    0.0,
    0.0,
    0.0
  ],
  "Tw": [
    0.0,
    0.5939064936666266,
    0.8036216936666266,
    1.4474834961724796,
    1.6571986961724796,
    2.2045216569321093,
    2.414236856932109
  ],
  "Te": [
    10.690597791499561,
    8.552478233199649,
    8.13304783319965,
    6.073736710704376,
    5.654306310704376,
    4.0328354921827465,
    3.613405092182747
  ],
  "totals": [
    10.690597791499561,
    9.146384726866275,
    8.936669526866275,
    7.521220206876855,
    7.311505006876856,
    6.237357149114856,
    6.027641949114856
  ]
}