{
  "round_latency_s": 1.6203639572344675,
  "dominant_step_index": 1,
  "Ef": [
    0.0024988610378151297,
    0.067108864,
    0.002501852471352791,
    0.067108864,
    0.0028024295140766996,
    0.067108864,
    0.002750915555044734,
    0.067108864,
    0.021087595141496666
  ],
  "Eb": [
    0.007252360196652215,
    0.067108864,
    0.00784427425335969,
    0.067108864,
    0.009759544479607711,
    0.067108864,
    0.008068017908039122,
    0.067108864,
    0.06631033500383922
  ],
  "Ta": [
    0.0,
    0.0,
    0.0,
    0.0,
    0.0,
    0.0,
    0.0,
    0.0,
    0.0
  ],
  "Tw": [
    0.0,
    0.0024988610378151297,
    0.06960772503781514,
    0.07210957750916792,
    0.13921844150916793,
    0.14202087102324462,
    0.2091297350232446,
    0.21188065057828934,
    0.27898951457828935
  ],
  "Te": [
    1.6203639572344675,
    1.6106127360000002,
    1.4763950080000001,
    1.4660488812752877,
    1.3318311532752878,
    1.3192691792816034,
    1.1850514512816033,
    1.1742325178185196,
    1.0400147898185195
  ],
  "totals": [
    1.6203639572344675,
    1.6131115970378154,
    1.5460027330378152,
    1.5381584587844557,
    1.4710495947844557,
    1.461290050304848,
    1.3941811863048479,
    1.3861131683968089,
    1.3190043043968087
  ]
}