{
  "round_latency_s": 1.0163841812344672,
  "dominant_step_index": 1,
  "Ef": [
    0.0024988610378151297,
    0.050331648,
    0.002501852471352791,
    0.050331648,
    0.0028024295140766996,
    0.050331648,
    0.021237586938597713,
    0.050331648,
    0.0013004618789718438
  ],
  "Eb": [
    0.007252360196652215,
    0.050331648,
    0.00784427425335969,
    0.050331648,
    0.009759544479607711,
    0.050331648,
    0.06553567482496113,
    0.050331648,
    0.004421339043458606
  ],
  "Ta": [
    0.0,
    0.0,
    0.0,
    0.0,
    0.0,
    0.0,
    0.0,
    0.0,
    0.226811904
  ],
  "Tw": [
    0.0,
    0.0024988610378151297,
    0.05283050903781513,
    0.05533236150916792,
    0.10566400950916792,
    0.10846643902324461,
    0.1587980870232446,
    0.1800356739618423,
    0.23036732196184231
  ],
  "Te": [
    1.0163841812344672,
    1.00663296,
    0.9059696639999999,
    0.8956235372752874,
    0.7949602412752874,
    0.782398267281603,
    0.681734971281603,
    0.5949617095180442,
    0.49429841351804416
  ],
  "totals": [
    1.0163841812344672,
    1.009131821037815,
    0.9588001730378151,
    0.9509558987844553,
    0.9006242507844553,
    0.8908647063048476,
    0.8405330583048476,
    0.7749973834798864,
    0.9514776394798865
  ]
}