{
  "round_latency_s": 3.151651665084476,
  "dominant_step_index": 1,
  "Ef": [
    0.0017415067664515247,
    0.0786432,
    0.0022243522330771294,
    0.0786432,
    0.002313578556317629,
    0.0786432,
    0.01723659001509942
  ],
  "Eb": [
    0.004182158318024479,
    0.0786432,
    0.005743627076513887,
    0.0786432,
    0.005974850314577283,
    0.0786432,
    0.04735460665354554
  ],
  "Ta": [
    0.0,
    0.0,
    0.0,
    0.0,
    0.0,
    0.0,
    0.0
  ],
  "Tw": [
    0.0,
    0.0017415067664515247,
    0.08038470676645153,
    0.08260905899952865,
    0.16125225899952866,
    0.1635658375558463,
    0.2422090375558463
  ],
  "Te": [
    3.151651665084476,
    3.145728,
    2.9884416000000003,
    2.980473620690409,
    2.823187220690409,
    2.8148987918195143,
    2.657612391819514
  ],
  "totals": [
    3.151651665084476,
    3.1474695067664515,
    3.068826306766452,
    3.0630826796899377,
    2.9844394796899376,
    2.9784646293753605,
    2.8998214293753604
  ]
}