{
  "round_latency_s": 7.3425424146642175,
  "dominant_step_index": 0,
  "Ef": [
    0.1610141712266789,
    0.268435456,
    0.1674691888492509,
    0.268435456,
    0.15711401709320333,
    0.268435456,
    0.14502832347064923,
    0.268435456,
    0.14502832347064923,
    0.268435456,
    0.14502832347064923,
    0.268435456,
    0.14502832347064923,
    0.268435456,
    0.14502832347064923
  ],
  "Eb": [
    0.5732400702397428,
    0.268435456,
    0.5467435188142792,
    0.268435456,
    0.494073794218203,
    0.268435456,
    0.4560681177398797,
    0.268435456,
    0.4560681177398797,
    0.268435456,
    0.4560681177398797,
    0.268435456,
    0.4560681177398797,
    0.268435456,
    0.4560681177398797
  ],
  "Ta": [
    0.0,
    0.0,
    0.0,
    0.0,
    0.0,
    0.0,
    0.0,
    0.0,
    0.0,
    0.0,
    0.0,
    0.0,
    0.0,
    0.0,
    0.0
  ],
  "Tw": [
    0.0,
    0.1610141712266789,
    0.4294496272266789,
    0.5969188160759298,
    0.8653542720759297,
    1.022468289169133,
    1.290903745169133,
    1.4359320686397823,
    1.7043675246397822,
    1.8493958481104316,
    2.1178313041104317,
    2.262859627581081,
    2.5312950835810812,
    2.6763234070517306,
    2.9447588630517307
  ],
  "Te": [
    7.3425424146642175,
    6.608288173197796,
    6.071417261197796,
    5.357204553534266,
    4.8203336415342655,
    4.16914583022286,
    3.6322749182228593,
    3.0311784770123307,
    2.4943075650123303,
    1.8932111238018017,
    1.3563402118018013,
    0.7552437705912727,
    0.2183728585912723,
    -0.3827235826192563,
    -0.9195944946192558
  ],
  "totals": [
    7.3425424146642175,
    6.769302344424474,
    6.500866888424475,
    5.954123369610196,
    5.685687913610195,
    5.191614119391993,
    4.923178663391992,
    4.467110545652113,
    4.198675089652113,
    3.7426069719122332,
    3.474171515912233,
    3.0181033981723537,
    2.7496679421723536,
    2.2935998244324742,
    2.025164368432475
  ]
}