{
  "round_latency_s": 2.566043204228864,
  "dominant_step_index": 0,
  "Ef": [
    0.049735421554796634,
    0.00033554432,
    0.0481296652242416
  ],
  "Eb": [
    0.15632233261094206,
    0.00033554432,
    0.1366172183337408
  ],
  "Ta": [
    0.09335015424,
    0.0,
    0.06918903808
  ],
  "Tw": [
    0.0,
    0.049735421554796634,
    0.05007096587479663
  ],
  "Te": [
    2.472693049988864,
    2.2666352958231255,
    2.2659642071831256
  ],
  "totals": [
    2.566043204228864,
    2.316370717377922,
    2.3852242111379223
  ]
}