{
  "round_latency_s": 10.762635755411962,
  "dominant_step_index": 1,
  "Ef": [
    0.005353160421110079,
    0.268435456,
    0.007155235031683991,
    0.268435456,
    0.048560864706814755,
    0.268435456,
    0.1524021978846983
  ],
  "Eb": [
    0.019864354990851395,
    0.268435456,
    0.025079474303121907,
    0.268435456,
    0.15629279971689394,
    0.268435456,
    0.3675578188650941
  ],
  "Ta": [
    0.0,
    0.0,
    0.0,
    0.0,
    0.0,
    0.0,
    0.0
  ],
  "Tw": [
    0.0,
    0.005353160421110079,
    0.2737886164211101,
    0.28094385145279405,
    0.5493793074527941,
    0.5979401721596088,
    0.8663756281596089
  ],
  "Te": [
    10.762635755411962,
    10.73741824,
    10.200547328,
    10.168312618665194,
    9.631441706665195,
    9.426588042241486,
    8.889717130241486
  ],
  "totals": [
    10.762635755411962,
    10.74277140042111,
    10.47433594442111,
    10.449256470117987,
    10.180821014117988,
    10.024528214401094,
    9.756092758401095
  ]
}