stage_id,layers,devices,Ef(s),Eb(s),Ta(s),y[4060_0],y[Samsung_1],y[Xiaomi_2],y[4050_3]
0,"[0, 1)",4060_0,0.013434,0.045175,0.0,8,0,0,0
1,"[1, 8)",Samsung_1,0.108834,0.39871,0.0,0,8,0,0
2,"[8, 17)",Xiaomi_2,0.143373,0.494558,0.0,0,0,8,0
3,"[17, 28)",4050_3,0.147637,0.471064,0.0,0,0,0,8
