stage_id,layers,devices,Ef(s),Eb(s),Ta(s),y[4060_0],y[4060_1],y[4050_2],y[4050_3],y[4050_4],y[4050_5]
0,"[0, 1)",4060_0,0.002499,0.007252,0.0,8,0,0,0,0,0
1,"[1, 2)",4060_1,0.002502,0.007844,0.0,0,8,0,0,0,0
2,"[2, 3)",4050_2,0.002802,0.00976,0.0,0,0,8,0,0,0
3,"[3, 11)",4050_3,0.021238,0.065536,0.0,0,0,0,8,0,0
4,"[11, 12)","4050_4,4050_5",0.0013,0.004421,0.226812,0,0,0,0,4,4
