stage_id,layers,devices,Ef(s),Eb(s),Ta(s),y[CPU60_0],y[CPU30_1],y[CPU30_2],y[CPU30_3]
0,"[0, 12)",CPU60_0,0.593906,1.544213,0.0,5,0,0,0
1,"[12, 18)",CPU30_1,0.643862,1.415449,0.0,0,5,0,0
2,"[18, 23)",CPU30_2,0.547323,1.074148,0.0,0,0,5,0
3,"[23, 28)",CPU30_3,0.601648,0.869602,0.0,0,0,0,5
