stage_id,layers,devices,Ef(s),Eb(s),Ta(s),y[4060_0],y[Samsung_1],y[Xiaomi_2],y[4050_3]
0,"[0, 1)",4060_0,0.005353,0.019864,0.0,8,0,0,0
1,"[1, 2)",Samsung_1,0.007155,0.025079,0.0,0,8,0,0
2,"[2, 8)",Xiaomi_2,0.048561,0.156293,0.0,0,0,8,0
3,"[8, 28)",4050_3,0.152402,0.367558,0.0,0,0,0,8
