stage_id,layers,devices,Ef(s),Eb(s),Ta(s),y[A40_0],y[A40_1],y[V100_2],y[V100_3]
0,"[0, 17)","A40_0,A40_1",0.049735,0.156322,0.09335,4,4,0,0
1,"[17, 28)","V100_2,V100_3",0.04813,0.136617,0.069189,0,0,4,4
