stage_id,layers,devices,Ef(s),Eb(s),Ta(s),y[4060_0],y[4050_1],y[Samsung_2],y[Xiaomi_3]
0,"[0, 1)",4060_0,0.001742,0.004182,0.0,5,0,0,0
1,"[1, 2)",Samsung_2,0.002224,0.005744,0.0,0,0,5,0
2,"[2, 3)",Xiaomi_3,0.002314,0.005975,0.0,0,0,0,5
3,"[3, 12)",4050_1,0.017237,0.047355,0.0,0,5,0,0
