step_id,Ef,Eb,Ta,Tw,Te,Tw+Te+Ta,dominant
0,0.593906,1.544213,0.0,0.0,10.690598,10.690598,True
1,0.209715,0.209715,0.0,0.593906,8.552478,9.146385,False
2,0.643862,1.415449,0.0,0.803622,8.133048,8.93667,False
3,0.209715,0.209715,0.0,1.447483,6.073737,7.52122,False
4,0.547323,1.074148,0.0,1.657199,5.654306,7.311505,False
5,0.209715,0.209715,0.0,2.204522,4.032835,6.237357,False
6,0.601648,0.869602,0.0,2.414237,3.613405,6.027642,False
