step_id,Ef,Eb,Ta,Tw,Te,Tw+Te+Ta,dominant
0,0.013434,0.045175,0.0,0.0,13.480382,13.480382,False
1,0.335544,0.335544,0.0,0.013434,13.421773,13.435207,True
2,0.108834,0.39871,0.0,0.348979,12.750684,13.099663,False
3,0.335544,0.335544,0.0,0.457813,12.24314,12.700953,False
4,0.143373,0.494558,0.0,0.793358,11.572051,12.365409,False
5,0.335544,0.335544,0.0,0.93673,10.93412,11.87085,False
6,0.147637,0.471064,0.0,1.272275,10.263031,11.535306,False
