step_id,Ef,Eb,Ta,Tw,Te,Tw+Te+Ta,dominant
0,0.001742,0.004182,0.0,0.0,3.151652,3.151652,False
1,0.078643,0.078643,0.0,0.001742,3.145728,3.14747,True
2,0.002224,0.005744,0.0,0.080385,2.988442,3.068826,False
3,0.078643,0.078643,0.0,0.082609,2.980474,3.063083,False
4,0.002314,0.005975,0.0,0.161252,2.823187,2.984439,False
5,0.078643,0.078643,0.0,0.163566,2.814899,2.978465,False
6,0.017237,0.047355,0.0,0.242209,2.657612,2.899821,False
