step_id,Ef,Eb,Ta,Tw,Te,Tw+Te+Ta,dominant
0,0.002499,0.007252,0.0,0.0,1.016384,1.016384,False
1,0.050332,0.050332,0.0,0.002499,1.006633,1.009132,True
2,0.002502,0.007844,0.0,0.052831,0.90597,0.9588,False
3,0.050332,0.050332,0.0,0.055332,0.895624,0.950956,False
4,0.002802,0.00976,0.0,0.105664,0.79496,0.900624,False
5,0.050332,0.050332,0.0,0.108466,0.782398,0.890865,False
6,0.021238,0.065536,0.0,0.158798,0.681735,0.840533,False
7,0.050332,0.050332,0.0,0.180036,0.594962,0.774997,False
8,0.0013,0.004421,0.226812,0.230367,0.494298,0.951478,False
