step_id,Ef,Eb,Ta,Tw,Te,Tw+Te+Ta,dominant
0,0.049735,0.156322,0.09335,0.0,2.472693,2.566043,True
1,0.000336,0.000336,0.0,0.049735,2.266635,2.316371,False
2,0.04813,0.136617,0.069189,0.050071,2.265964,2.385224,False
