step_id,Ef,Eb,Ta,Tw,Te,Tw+Te+Ta,dominant
0,0.005353,0.019864,0.0,0.0,10.762636,10.762636,False
1,0.268435,0.268435,0.0,0.005353,10.737418,10.742771,True
2,0.007155,0.025079,0.0,0.273789,10.200547,10.474336,False
3,0.268435,0.268435,0.0,0.280944,10.168313,10.449256,False
4,0.048561,0.156293,0.0,0.549379,9.631442,10.180821,False
5,0.268435,0.268435,0.0,0.59794,9.426588,10.024528,False
6,0.152402,0.367558,0.0,0.866376,8.889717,9.756093,False
