step_id,Ef,Eb,Ta,Tw,Te,Tw+Te+Ta,dominant
0,0.002499,0.007252,0.0,0.0,1.620364,1.620364,False
1,0.067109,0.067109,0.0,0.002499,1.610613,1.613112,True
2,0.002502,0.007844,0.0,0.069608,1.476395,1.546003,False
3,0.067109,0.067109,0.0,0.07211,1.466049,1.538158,False
4,0.002802,0.00976,0.0,0.139218,1.331831,1.47105,False
5,0.067109,0.067109,0.0,0.142021,1.319269,1.46129,False
6,0.002751,0.008068,0.0,0.20913,1.185051,1.394181,False
7,0.067109,0.067109,0.0,0.211881,1.174233,1.386113,False
8,0.021088,0.06631,0.0,0.27899,1.040015,1.319004,False
