{
  "model": {
    "model_name": "Qwen/Qwen3-0.6B",
    "num_layers": 28,
    "parameters": {
      "total_parameters_bytes": 3006529536,
      "parameters_per_layer_bytes": [
        62923776,
        62923776,
        62923776,
        62923776,
        62923776,
        62923776,
        62923776,
        62923776,
        62923776,
        62923776,
        62923776,
        62923776,
        62923776,
        62923776,
        62923776,
        62923776,
        62923776,
        62923776,
        62923776,
        62923776,
        62923776,
        62923776,
        62923776,
        62923776,
        62923776,
        62923776,
        62923776,
        62923776
      ]
    }
  },
  "execution_time": {
    "total_time_ms": 5342.888238999876,
    "forward_backward_time_ms": 4844.381768270978,
    "batch_generator_time_ms": 12.98814799520187,
    "layernorm_grads_all_reduce_time_ms": 0.02,
    "embedding_grads_all_reduce_time_ms": 0.04,
    "optimizer_time_ms": 485.45832273369655,
    "layer_compute_total_ms": [
      183.6142992542591,
      183.39082424063236,
      190.3340842545731,
      196.33496825554175,
      193.00135826779297,
      191.82869825453963,
      193.52827023976715,
      190.97859423345653,
      187.0457957556937,
      189.34307125164196,
      161.85167075309437,
      158.53721249004593,
      163.17754050396616,
      161.38314000272658,
      173.47285799769452,
      164.23121949628694,
      160.9986015027971,
      166.60039698763285,
      169.53081050451146,
      172.5732990016695,
      165.79993651248515,
      163.32530349609442,
      164.29860000062035,
      163.62557674437994,
      161.36928700871067,
      156.2646517631947,
      156.263824996131,
      161.67787450103788
    ]
  },
  "execution_memory": {
    "total_memory": 28070.94140625,
    "layer_memory_total_mb": [
      960.140625,
      960.140625,
      960.140625,
      960.140625,
      960.140625,
      960.140625,
      960.140625,
      960.140625,
      960.140625,
      960.140625,
      960.140625,
      960.140625,
      960.140625,
      960.140625,
      960.140625,
      960.140625,
      960.140625,
      960.140625,
      960.140625,
      960.140625,
      960.140625,
      960.140625,
      960.140625,
      960.140625,
      960.140625,
      960.140625,
      960.140625,
      960.140625
    ]
  }
}