{
  "model": {
    "model_name": "Qwen/Qwen3-0.6B",
    "num_layers": 28,
    "parameters": {
      "total_parameters_bytes": 3006529536,
      "parameters_per_layer_bytes": [
        62923776,
        62923776,
        62923776,
        62923776,
        62923776,
        62923776,
        62923776,
        62923776,
        62923776,
        62923776,
        62923776,
        62923776,
        62923776,
        62923776,
        62923776,
        62923776,
        62923776,
        62923776,
        62923776,
        62923776,
        62923776,
        62923776,
        62923776,
        62923776,
        62923776,
        62923776,
        62923776,
        62923776
      ]
    }
  },
  "execution_time": {
    "total_time_ms": 7194.918367487844,
    "forward_backward_time_ms": 6624.425939517096,
    "batch_generator_time_ms": 15.202048001810908,
    "layernorm_grads_all_reduce_time_ms": 0.02,
    "embedding_grads_all_reduce_time_ms": 0.04,
    "optimizer_time_ms": 555.2303799689375,
    "layer_compute_total_ms": [
      265.4793400070048,
      250.9799032486626,
      245.23742349265376,
      248.92316300974926,
      254.4873905062559,
      235.33408001094358,
      237.77622174384305,
      233.93103099806467,
      239.65178900107276,
      237.12357448675903,
      244.0347474985174,
      247.5526402486139,
      248.57462725049118,
      250.84285549382912,
      235.44851850601844,
      225.17737425368978,
      225.65423325431766,
      228.70994975528447,
      230.64099624025403,
      227.13387425028486,
      213.0866250008694,
      215.91150125459535,
      223.40883325523464,
      228.15310399892041,
      228.97798675694503,
      227.14852999342838,
      232.5301564997062,
      242.51546950108605
    ]
  },
  "execution_memory": {
    "total_memory": 28070.94140625,
    "layer_memory_total_mb": [
      960.140625,
      960.140625,
      960.140625,
      960.140625,
      960.140625,
      960.140625,
      960.140625,
      960.140625,
      960.140625,
      960.140625,
      960.140625,
      960.140625,
      960.140625,
      960.140625,
      960.140625,
      960.140625,
      960.140625,
      960.140625,
      960.140625,
      960.140625,
      960.140625,
      960.140625,
      960.140625,
      960.140625,
      960.140625,
      960.140625,
      960.140625,
      960.140625
    ]
  }
}