{
  "model": {
    "model_name": "Qwen/Qwen3-0.6B",
    "num_layers": 28,
    "parameters": {
      "total_parameters_bytes": 3006529536,
      "parameters_per_layer_bytes": [
        62923776,
        62923776,
        62923776,
        62923776,
        62923776,
        62923776,
        62923776,
        62923776,
        62923776,
        62923776,
        62923776,
        62923776,
        62923776,
        62923776,
        62923776,
        62923776,
        62923776,
        62923776,
        62923776,
        62923776,
        62923776,
        62923776,
        62923776,
        62923776,
        62923776,
        62923776,
        62923776,
        62923776
      ]
    }
  },
  "execution_time": {
    "total_time_ms": 7420.102336996933,
    "forward_backward_time_ms": 6365.094221415347,
    "batch_generator_time_ms": 9.603162994608283,
    "layernorm_grads_all_reduce_time_ms": 0.02,
    "embedding_grads_all_reduce_time_ms": 0.04,
    "optimizer_time_ms": 1045.3449525869778,
    "layer_compute_total_ms": [
      258.9532020065235,
      263.9064350078115,
      260.2820799947949,
      254.24949600710534,
      261.47062999370974,
      258.9305129949935,
      259.75345898768865,
      263.7226160004502,
      267.7521455043461,
      258.9905884960899,
      256.8688339961227,
      256.35892199352384,
      261.8192850059131,
      250.8635019767098,
      253.3944309980143,
      260.57244747062214,
      214.50473248842172,
      215.09338199393824,
      210.97903800546192,
      190.69008050428238,
      187.24021351954434,
      194.43218750529923,
      173.47452348622028,
      169.42619148176163,
      161.31789701466914,
      160.2068384818267,
      167.20110399182886,
      172.6394465076737
    ]
  },
  "execution_memory": {
    "total_memory": 28070.94140625,
    "layer_memory_total_mb": [
      960.140625,
      960.140625,
      960.140625,
      960.140625,
      960.140625,
      960.140625,
      960.140625,
      960.140625,
      960.140625,
      960.140625,
      960.140625,
      960.140625,
      960.140625,
      960.140625,
      960.140625,
      960.140625,
      960.140625,
      960.140625,
      960.140625,
      960.140625,
      960.140625,
      960.140625,
      960.140625,
      960.140625,
      960.140625,
      960.140625,
      960.140625,
      960.140625
    ]
  }
}