{
  "model": {
    "model_name": "Qwen/Qwen3-0.6B",
    "num_layers": 28,
    "parameters": {
      "total_parameters_bytes": 3006529536,
      "parameters_per_layer_bytes": [
        62923776,
        62923776,
        62923776,
        62923776,
        62923776,
        62923776,
        62923776,
        62923776,
        62923776,
        62923776,
        62923776,
        62923776,
        62923776,
        62923776,
        62923776,
        62923776,
        62923776,
        62923776,
        62923776,
        62923776,
        62923776,
        62923776,
        62923776,
        62923776,
        62923776,
        62923776,
        62923776,
        62923776
      ]
    }
  },
  "execution_time": {
    "total_time_ms": 7500.701277982444,
    "forward_backward_time_ms": 6478.125482972246,
    "batch_generator_time_ms": 10.1766959996894,
    "layernorm_grads_all_reduce_time_ms": 0.02,
    "embedding_grads_all_reduce_time_ms": 0.04,
    "optimizer_time_ms": 1012.3390990105086,
    "layer_compute_total_ms": [
      246.18695554090664,
      245.0367792043835,
      250.96867824322544,
      253.30369849689305,
      255.0806432554964,
      253.20803426438943,
      248.28327872091904,
      251.21202724403702,
      252.98093346646056,
      248.894962714985,
      244.49524222291075,
      234.31723326211795,
      234.19836550601758,
      224.87617572187446,
      222.37912670243531,
      222.58351027267054,
      214.34706542640924,
      220.79976776149124,
      208.36404550937004,
      204.39635525690392,
      210.94355671084486,
      216.53071927721612,
      214.65899571194313,
      221.3497085031122,
      221.91803506575525,
      215.8419104234781,
      217.64191944384947,
      223.3277590421494
    ]
  },
  "execution_memory": {
    "total_memory": 28070.94140625,
    "layer_memory_total_mb": [
      960.140625,
      960.140625,
      960.140625,
      960.140625,
      960.140625,
      960.140625,
      960.140625,
      960.140625,
      960.140625,
      960.140625,
      960.140625,
      960.140625,
      960.140625,
      960.140625,
      960.140625,
      960.140625,
      960.140625,
      960.140625,
      960.140625,
      960.140625,
      960.140625,
      960.140625,
      960.140625,
      960.140625,
      960.140625,
      960.140625,
      960.140625,
      960.140625
    ]
  }
}