{
  "model": {
    "model_name": "Qwen/Qwen3-0.6B",
    "num_layers": 28,
    "parameters": {
      "total_parameters_bytes": 3006529536,
      "parameters_per_layer_bytes": [
        62923776,
        62923776,
        62923776,
        62923776,
        62923776,
        62923776,
        62923776,
        62923776,
        62923776,
        62923776,
        62923776,
        62923776,
        62923776,
        62923776,
        62923776,
        62923776,
        62923776,
        62923776,
        62923776,
        62923776,
        62923776,
        62923776,
        62923776,
        62923776,
        62923776,
        62923776,
        62923776,
        62923776
      ]
    }
  },
  "execution_time": {
    "total_time_ms": 7441.636439529248,
    "forward_backward_time_ms": 6875.953284616116,
    "batch_generator_time_ms": 10.55243902374059,
    "layernorm_grads_all_reduce_time_ms": 0.02,
    "embedding_grads_all_reduce_time_ms": 0.04,
    "optimizer_time_ms": 555.0707158893906,
    "layer_compute_total_ms": [
      269.1890769638121,
      273.58938855468296,
      261.5738257882185,
      270.39319698815234,
      272.7560564817395,
      281.90973596065305,
      280.28087952407077,
      279.5563332620077,
      277.978990226984,
      271.01676145684905,
      242.78018696350046,
      245.98337794304825,
      246.31105226580985,
      238.8648732448928,
      232.2911029914394,
      234.19184648082592,
      231.56777076656,
      239.4561565015465,
      235.37170846248046,
      227.0629107952118,
      223.62819325644523,
      223.7461069598794,
      216.85544872889295,
      220.0430594966747,
      221.33582649985328,
      217.3143250402063,
      219.5271102245897,
      221.37798278708942
    ]
  },
  "execution_memory": {
    "total_memory": 28070.94140625,
    "layer_memory_total_mb": [
      960.140625,
      960.140625,
      960.140625,
      960.140625,
      960.140625,
      960.140625,
      960.140625,
      960.140625,
      960.140625,
      960.140625,
      960.140625,
      960.140625,
      960.140625,
      960.140625,
      960.140625,
      960.140625,
      960.140625,
      960.140625,
      960.140625,
      960.140625,
      960.140625,
      960.140625,
      960.140625,
      960.140625,
      960.140625,
      960.140625,
      960.140625,
      960.140625
    ]
  }
}