{
  "model": {
    "model_name": "Qwen/Qwen3-0.6B",
    "num_layers": 28,
    "parameters": {
      "total_parameters_bytes": 3006529536,
      "parameters_per_layer_bytes": [
        62923776,
        62923776,
        62923776,
        62923776,
        62923776,
        62923776,
        62923776,
        62923776,
        62923776,
        62923776,
        62923776,
        62923776,
        62923776,
        62923776,
        62923776,
        62923776,
        62923776,
        62923776,
        62923776,
        62923776,
        62923776,
        62923776,
        62923776,
        62923776,
        62923776,
        62923776,
        62923776,
        62923776
      ]
    }
  },
  "execution_time": {
    "total_time_ms": 4825.938160996884,
    "forward_backward_time_ms": 4117.851037561195,
    "batch_generator_time_ms": 9.730670950375497,
    "layernorm_grads_all_reduce_time_ms": 0.02,
    "embedding_grads_all_reduce_time_ms": 0.04,
    "optimizer_time_ms": 698.2964524853137,
    "layer_compute_total_ms": [
      166.0840669355821,
      160.33192552276887,
      156.01430367678404,
      157.81908249482512,
      159.94773874990642,
      162.43683022912592,
      166.21567198308185,
      164.86388773773797,
      167.485540965572,
      148.13682550447993,
      160.61921251821332,
      156.18227623053826,
      152.99550781492144,
      154.04762557591312,
      154.6546155004762,
      137.436923221685,
      134.67640193994157,
      132.49390746932477,
      135.01423198613338,
      141.08636451419443,
      136.17062201956287,
      135.90383325936273,
      139.88273098948412,
      135.89658102137037,
      133.89282551361248,
      118.49210847867653,
      124.77346023661084,
      124.29593547130935
    ]
  },
  "execution_memory": {
    "total_memory": 28070.94140625,
    "layer_memory_total_mb": [
      960.140625,
      960.140625,
      960.140625,
      960.140625,
      960.140625,
      960.140625,
      960.140625,
      960.140625,
      960.140625,
      960.140625,
      960.140625,
      960.140625,
      960.140625,
      960.140625,
      960.140625,
      960.140625,
      960.140625,
      960.140625,
      960.140625,
      960.140625,
      960.140625,
      960.140625,
      960.140625,
      960.140625,
      960.140625,
      960.140625,
      960.140625,
      960.140625
    ]
  }
}