{
  "model": {
    "model_name": "Qwen/Qwen3-0.6B",
    "num_layers": 28,
    "parameters": {
      "total_parameters_bytes": 3006529536,
      "parameters_per_layer_bytes": [
        62923776,
        62923776,
        62923776,
        62923776,
        62923776,
        62923776,
        62923776,
        62923776,
        62923776,
        62923776,
        62923776,
        62923776,
        62923776,
        62923776,
        62923776,
        62923776,
        62923776,
        62923776,
        62923776,
        62923776,
        62923776,
        62923776,
        62923776,
        62923776,
        62923776,
        62923776,
        62923776,
        62923776
      ]
    }
  },
  "execution_time": {
    "total_time_ms": 3180.8081390336156,
    "forward_backward_time_ms": 2793.7928570026997,
    "batch_generator_time_ms": 7.303308928385377,
    "layernorm_grads_all_reduce_time_ms": 0.02,
    "embedding_grads_all_reduce_time_ms": 0.04,
    "optimizer_time_ms": 379.65197310253046,
    "layer_compute_total_ms": [
      116.63204053184018,
      108.54407583246939,
      114.19270152691752,
      112.48056430486031,
      102.709608792793,
      95.43191772536375,
      97.48089453205466,
      95.83057623240165,
      96.26346747973002,
      92.58244675584137,
      104.30504372925498,
      102.19542874256149,
      104.34379120124504,
      102.14262615772896,
      99.89337649312802,
      99.83200300484896,
      104.38718172372319,
      102.3884731985163,
      96.76939295604825,
      95.57790897088125,
      92.35679154517129,
      93.52284730994143,
      91.58201649552211,
      91.24019529554062,
      92.31597348116338,
      94.45105551276356,
      96.1764017411042,
      98.16405572928488
    ]
  },
  "execution_memory": {
    "total_memory": 28070.94140625,
    "layer_memory_total_mb": [
      960.140625,
      960.140625,
      960.140625,
      960.140625,
      960.140625,
      960.140625,
      960.140625,
      960.140625,
      960.140625,
      960.140625,
      960.140625,
      960.140625,
      960.140625,
      960.140625,
      960.140625,
      960.140625,
      960.140625,
      960.140625,
      960.140625,
      960.140625,
      960.140625,
      960.140625,
      960.140625,
      960.140625,
      960.140625,
      960.140625,
      960.140625,
      960.140625
    ]
  }
}