{
  "model": {
    "model_name": "Qwen/Qwen3-0.6B",
    "num_layers": 28,
    "parameters": {
      "total_parameters_bytes": 3006529536,
      "parameters_per_layer_bytes": [
        62923776,
        62923776,
        62923776,
        62923776,
        62923776,
        62923776,
        62923776,
        62923776,
        62923776,
        62923776,
        62923776,
        62923776,
        62923776,
        62923776,
        62923776,
        62923776,
        62923776,
        62923776,
        62923776,
        62923776,
        62923776,
        62923776,
        62923776,
        62923776,
        62923776,
        62923776,
        62923776,
        62923776
      ]
    }
  },
  "execution_time": {
    "total_time_ms": 3218.017676510499,
    "forward_backward_time_ms": 3788.644289270451,
    "batch_generator_time_ms": 10.253327985992655,
    "layernorm_grads_all_reduce_time_ms": 0.02,
    "embedding_grads_all_reduce_time_ms": 0.04,
    "optimizer_time_ms": -580.9399407459446,
    "layer_compute_total_ms": [
      147.02127549389843,
      139.7607352482737,
      139.98839525447693,
      136.00027123902692,
      138.93958926200867,
      137.03620075830258,
      137.55085574666737,
      136.73731600283645,
      136.59535375336418,
      135.69562499469612,
      126.5784709903528,
      128.60430998989614,
      130.97514474065974,
      129.0515482542105,
      127.63486875337549,
      135.98153649945743,
      138.0905265104957,
      130.10952425247524,
      129.19666775269434,
      133.5035774973221,
      140.10649599367753,
      140.28156224958366,
      137.88728299550712,
      137.8731905060704,
      141.2228465123917,
      131.61822099937126,
      127.73076950543327,
      136.87212751392508
    ]
  },
  "execution_memory": {
    "total_memory": 28070.94140625,
    "layer_memory_total_mb": [
      960.140625,
      960.140625,
      960.140625,
      960.140625,
      960.140625,
      960.140625,
      960.140625,
      960.140625,
      960.140625,
      960.140625,
      960.140625,
      960.140625,
      960.140625,
      960.140625,
      960.140625,
      960.140625,
      960.140625,
      960.140625,
      960.140625,
      960.140625,
      960.140625,
      960.140625,
      960.140625,
      960.140625,
      960.140625,
      960.140625,
      960.140625,
      960.140625
    ]
  }
}