{
  "model": {
    "model_name": "Qwen/Qwen3-0.6B",
    "num_layers": 28,
    "parameters": {
      "total_parameters_bytes": 3006529536,
      "parameters_per_layer_bytes": [
        62923776,
        62923776,
        62923776,
        62923776,
        62923776,
        62923776,
        62923776,
        62923776,
        62923776,
        62923776,
        62923776,
        62923776,
        62923776,
        62923776,
        62923776,
        62923776,
        62923776,
        62923776,
        62923776,
        62923776,
        62923776,
        62923776,
        62923776,
        62923776,
        62923776,
        62923776,
        62923776,
        62923776
      ]
    }
  },
  "execution_time": {
    "total_time_ms": 10541.923906479497,
    "forward_backward_time_ms": 7914.581978460774,
    "batch_generator_time_ms": 11.608413071371615,
    "layernorm_grads_all_reduce_time_ms": 0.02,
    "embedding_grads_all_reduce_time_ms": 0.04,
    "optimizer_time_ms": 2615.673514947351,
    "layer_compute_total_ms": [
      299.67614327324554,
      298.2295472465921,
      292.03773179324344,
      298.4675555198919,
      292.96562701347284,
      290.45216529630125,
      291.882349003572,
      290.0254657724872,
      287.37570776138455,
      295.5210920481477,
      283.1678012444172,
      278.713336243527,
      280.53000997169875,
      280.5178205308039,
      281.5149577218108,
      271.8092186842114,
      264.3712909775786,
      263.26865900773555,
      267.47527677798644,
      270.57160425465554,
      268.724213790847,
      272.549712768523,
      274.8432420194149,
      290.26763851288706,
      287.80548574286513,
      277.33627971610986,
      280.06828951765783,
      284.41375624970533
    ]
  },
  "execution_memory": {
    "total_memory": 28070.94140625,
    "layer_memory_total_mb": [
      960.140625,
      960.140625,
      960.140625,
      960.140625,
      960.140625,
      960.140625,
      960.140625,
      960.140625,
      960.140625,
      960.140625,
      960.140625,
      960.140625,
      960.140625,
      960.140625,
      960.140625,
      960.140625,
      960.140625,
      960.140625,
      960.140625,
      960.140625,
      960.140625,
      960.140625,
      960.140625,
      960.140625,
      960.140625,
      960.140625,
      960.140625,
      960.140625
    ]
  }
}