{
  "model": {
    "model_name": "Qwen/Qwen3-0.6B",
    "num_layers": 28,
    "parameters": {
      "total_parameters_bytes": 3006529536,
      "parameters_per_layer_bytes": [
        62923776,
        62923776,
        62923776,
        62923776,
        62923776,
        62923776,
        62923776,
        62923776,
        62923776,
        62923776,
        62923776,
        62923776,
        62923776,
        62923776,
        62923776,
        62923776,
        62923776,
        62923776,
        62923776,
        62923776,
        62923776,
        62923776,
        62923776,
        62923776,
        62923776,
        62923776,
        62923776,
        62923776
      ]
    }
  },
  "execution_time": {
    "total_time_ms": 3893.6424500425346,
    "forward_backward_time_ms": 3576.851874066051,
    "batch_generator_time_ms": 12.75173807516694,
    "layernorm_grads_all_reduce_time_ms": 0.02,
    "embedding_grads_all_reduce_time_ms": 0.04,
    "optimizer_time_ms": 303.9788379013166,
    "layer_compute_total_ms": [
      154.25000377581455,
      134.24889976158738,
      132.8415827883873,
      128.46698649809696,
      133.4235399554018,
      127.38475546939299,
      128.15005824086256,
      125.85459154797718,
      129.16658876929432,
      136.71182648977265,
      128.34130224655382,
      125.76010599150322,
      126.20353497914039,
      126.45727029303089,
      137.99066972569562,
      136.36670500272885,
      121.09497774508782,
      129.66762241558172,
      119.86539224744774,
      117.70126078044996,
      118.15415846649557,
      117.56352198426612,
      119.0422922372818,
      120.48378676990978,
      121.12278921995312,
      121.7315437097568,
      127.3553327191621,
      131.45077423541807
    ]
  },
  "execution_memory": {
    "total_memory": 28070.94140625,
    "layer_memory_total_mb": [
      960.140625,
      960.140625,
      960.140625,
      960.140625,
      960.140625,
      960.140625,
      960.140625,
      960.140625,
      960.140625,
      960.140625,
      960.140625,
      960.140625,
      960.140625,
      960.140625,
      960.140625,
      960.140625,
      960.140625,
      960.140625,
      960.140625,
      960.140625,
      960.140625,
      960.140625,
      960.140625,
      960.140625,
      960.140625,
      960.140625,
      960.140625,
      960.140625
    ]
  }
}