{
  "model": {
    "model_name": "Qwen/Qwen3-0.6B",
    "num_layers": 28,
    "parameters": {
      "total_parameters_bytes": 3006529536,
      "parameters_per_layer_bytes": [
        62923776,
        62923776,
        62923776,
        62923776,
        62923776,
        62923776,
        62923776,
        62923776,
        62923776,
        62923776,
        62923776,
        62923776,
        62923776,
        62923776,
        62923776,
        62923776,
        62923776,
        62923776,
        62923776,
        62923776,
        62923776,
        62923776,
        62923776,
        62923776,
        62923776,
        62923776,
        62923776,
        62923776
      ]
    }
  },
  "execution_time": {
    "total_time_ms": 4488.232557996525,
    "forward_backward_time_ms": 4160.969034317532,
    "batch_generator_time_ms": 9.766018978552893,
    "layernorm_grads_all_reduce_time_ms": 0.02,
    "embedding_grads_all_reduce_time_ms": 0.04,
    "optimizer_time_ms": 317.4375047004409,
    "layer_compute_total_ms": [
      165.8515789968078,
      153.18539825238986,
      150.62535525794374,
      151.92596526321722,
      152.9315420120838,
      154.49588951014448,
      156.04350999637973,
      160.1696775032906,
      161.0218922360218,
      158.4150290073012,
      155.25517850619508,
      161.295842997788,
      157.80438249203144,
      152.6094784931047,
      156.05163624422858,
      153.92638400226133,
      151.23362449958222,
      150.21204475488048,
      144.85743600380374,
      144.3677502538776,
      139.1384602393373,
      137.56847425975138,
      128.45026975992369,
      133.19023924850626,
      132.17427874042187,
      124.88597826450132,
      131.65074201970128,
      141.63099550205516
    ]
  },
  "execution_memory": {
    "total_memory": 28070.94140625,
    "layer_memory_total_mb": [
      960.140625,
      960.140625,
      960.140625,
      960.140625,
      960.140625,
      960.140625,
      960.140625,
      960.140625,
      960.140625,
      960.140625,
      960.140625,
      960.140625,
      960.140625,
      960.140625,
      960.140625,
      960.140625,
      960.140625,
      960.140625,
      960.140625,
      960.140625,
      960.140625,
      960.140625,
      960.140625,
      960.140625,
      960.140625,
      960.140625,
      960.140625,
      960.140625
    ]
  }
}