{
  "model": {
    "model_name": "Qwen/Qwen3-0.6B",
    "num_layers": 28,
    "parameters": {
      "total_parameters_bytes": 3006529536,
      "parameters_per_layer_bytes": [
        62923776,
        62923776,
        62923776,
        62923776,
        62923776,
        62923776,
        62923776,
        62923776,
        62923776,
        62923776,
        62923776,
        62923776,
        62923776,
        62923776,
        62923776,
        62923776,
        62923776,
        62923776,
        62923776,
        62923776,
        62923776,
        62923776,
        62923776,
        62923776,
        62923776,
        62923776,
        62923776,
        62923776
      ]
    }
  },
  "execution_time": {
    "total_time_ms": 7343.569972494151,
    "forward_backward_time_ms": 6327.617151429877,
    "batch_generator_time_ms": 13.891656999476254,
    "layernorm_grads_all_reduce_time_ms": 0.02,
    "embedding_grads_all_reduce_time_ms": 0.04,
    "optimizer_time_ms": 1002.0011640647986,
    "layer_compute_total_ms": [
      252.54223245428875,
      251.93184072850272,
      243.5832362389192,
      244.59690248477273,
      227.69344653352164,
      231.96031450061128,
      240.7653312839102,
      223.0223037477117,
      219.9015572841745,
      221.01996149285696,
      247.05248151440173,
      246.12992850597948,
      243.53469724883325,
      246.0561372572556,
      240.6000115443021,
      227.26695172605105,
      220.41237921803258,
      208.1910307169892,
      211.85219023027457,
      207.97265230794437,
      209.99798621051013,
      211.01626471499912,
      209.66867878451012,
      203.5680519475136,
      210.07532678777352,
      208.9821551926434,
      203.10923902434297,
      215.1138617482502
    ]
  },
  "execution_memory": {
    "total_memory": 28070.94140625,
    "layer_memory_total_mb": [
      960.140625,
      960.140625,
      960.140625,
      960.140625,
      960.140625,
      960.140625,
      960.140625,
      960.140625,
      960.140625,
      960.140625,
      960.140625,
      960.140625,
      960.140625,
      960.140625,
      960.140625,
      960.140625,
      960.140625,
      960.140625,
      960.140625,
      960.140625,
      960.140625,
      960.140625,
      960.140625,
      960.140625,
      960.140625,
      960.140625,
      960.140625,
      960.140625
    ]
  }
}