{
  "model": {
    "model_name": "Qwen/Qwen3-0.6B",
    "num_layers": 28,
    "parameters": {
      "total_parameters_bytes": 3006529536,
      "parameters_per_layer_bytes": [
        62923776,
        62923776,
        62923776,
        62923776,
        62923776,
        62923776,
        62923776,
        62923776,
        62923776,
        62923776,
        62923776,
        62923776,
        62923776,
        62923776,
        62923776,
        62923776,
        62923776,
        62923776,
        62923776,
        62923776,
        62923776,
        62923776,
        62923776,
        62923776,
        62923776,
        62923776,
        62923776,
        62923776
      ]
    }
  },
  "execution_time": {
    "total_time_ms": 5193.457896501059,
    "forward_backward_time_ms": 4140.113593522983,
    "batch_generator_time_ms": 8.425956999417394,
    "layernorm_grads_all_reduce_time_ms": 0.02,
    "embedding_grads_all_reduce_time_ms": 0.04,
    "optimizer_time_ms": 1044.8583459786582,
    "layer_compute_total_ms": [
      167.61823699926026,
      169.80956448969664,
      155.65054301987402,
      154.3331327411579,
      156.73979276471073,
      163.92380850447807,
      156.374829748529,
      163.15425674110884,
      160.77775425219443,
      162.6733704979415,
      154.54533925367286,
      150.82025501033058,
      152.77134500502143,
      152.67403074540198,
      152.8760255096131,
      148.18083625868894,
      143.63547050743364,
      141.80872999713756,
      146.6417642441229,
      147.79702997475397,
      144.3300792525406,
      129.14364376774756,
      132.67302649910562,
      131.0166844923515,
      136.97112599766115,
      118.97923375363462,
      118.21074623730965,
      125.98293725750409
    ]
  },
  "execution_memory": {
    "total_memory": 28070.94140625,
    "layer_memory_total_mb": [
      960.140625,
      960.140625,
      960.140625,
      960.140625,
      960.140625,
      960.140625,
      960.140625,
      960.140625,
      960.140625,
      960.140625,
      960.140625,
      960.140625,
      960.140625,
      960.140625,
      960.140625,
      960.140625,
      960.140625,
      960.140625,
      960.140625,
      960.140625,
      960.140625,
      960.140625,
      960.140625,
      960.140625,
      960.140625,
      960.140625,
      960.140625,
      960.140625
    ]
  }
}