{
  "model": {
    "model_name": "Qwen/Qwen3-0.6B",
    "num_layers": 28,
    "parameters": {
      "total_parameters_bytes": 3006529536,
      "parameters_per_layer_bytes": [
        62923776,
        62923776,
        62923776,
        62923776,
        62923776,
        62923776,
        62923776,
        62923776,
        62923776,
        62923776,
        62923776,
        62923776,
        62923776,
        62923776,
        62923776,
        62923776,
        62923776,
        62923776,
        62923776,
        62923776,
        62923776,
        62923776,
        62923776,
        62923776,
        62923776,
        62923776,
        62923776,
        62923776
      ]
    }
  },
  "execution_time": {
    "total_time_ms": 5387.058309977874,
    "forward_backward_time_ms": 4560.008003463736,
    "batch_generator_time_ms": 5.504162982106209,
    "layernorm_grads_all_reduce_time_ms": 0.02,
    "embedding_grads_all_reduce_time_ms": 0.04,
    "optimizer_time_ms": 821.4861435320322,
    "layer_compute_total_ms": [
      188.86419822229072,
      197.05021774279885,
      183.29662352334708,
      188.8217790692579,
      180.22949053556658,
      188.81220748880878,
      177.35263926442713,
      170.6434035440907,
      143.2177094684448,
      161.80695954244584,
      153.3373534330167,
      162.57983652758412,
      155.39198127225973,
      148.18987497710623,
      167.38515824545175,
      165.19778227666393,
      158.36361149558797,
      177.3791375453584,
      156.346923467936,
      164.00317777879536,
      130.68093615584075,
      172.62127372669056,
      131.5290444472339,
      148.05493879248388,
      171.1561254633125,
      150.68671575863846,
      150.57492326013744,
      116.43398043815978
    ]
  },
  "execution_memory": {
    "total_memory": 28070.94140625,
    "layer_memory_total_mb": [
      960.140625,
      960.140625,
      960.140625,
      960.140625,
      960.140625,
      960.140625,
      960.140625,
      960.140625,
      960.140625,
      960.140625,
      960.140625,
      960.140625,
      960.140625,
      960.140625,
      960.140625,
      960.140625,
      960.140625,
      960.140625,
      960.140625,
      960.140625,
      960.140625,
      960.140625,
      960.140625,
      960.140625,
      960.140625,
      960.140625,
      960.140625,
      960.140625
    ]
  }
}