{
  "model": {
    "model_name": "Qwen/Qwen3-0.6B",
    "num_layers": 28,
    "parameters": {
      "total_parameters_bytes": 3006529536,
      "parameters_per_layer_bytes": [
        62923776,
        62923776,
        62923776,
        62923776,
        62923776,
        62923776,
        62923776,
        62923776,
        62923776,
        62923776,
        62923776,
        62923776,
        62923776,
        62923776,
        62923776,
        62923776,
        62923776,
        62923776,
        62923776,
        62923776,
        62923776,
        62923776,
        62923776,
        62923776,
        62923776,
        62923776,
        62923776,
        62923776
      ]
    }
  },
  "execution_time": {
    "total_time_ms": 7061.999603509321,
    "forward_backward_time_ms": 6773.679673991865,
    "batch_generator_time_ms": 9.661699994467199,
    "layernorm_grads_all_reduce_time_ms": 0.02,
    "embedding_grads_all_reduce_time_ms": 0.04,
    "optimizer_time_ms": 278.59822952298913,
    "layer_compute_total_ms": [
      253.9620617608307,
      251.5039032587083,
      252.2478122409666,
      255.26340625219746,
      244.66733974259114,
      258.0460302560823,
      249.30899848550325,
      259.8868762506754,
      245.7886529955431,
      242.19847900531022,
      245.74070625385502,
      256.6293925046921,
      241.53180425491882,
      234.74669198913034,
      236.32654624816496,
      245.99970423878403,
      233.9903360043536,
      242.49543050245848,
      231.59904099156847,
      245.73283899371745,
      240.95992025831947,
      226.72599750512745,
      235.3071817633463,
      222.6273710039095,
      239.38856773020234,
      226.8943750023027,
      235.54183324449696,
      218.5683752541081
    ]
  },
  "execution_memory": {
    "total_memory": 28070.94140625,
    "layer_memory_total_mb": [
      960.140625,
      960.140625,
      960.140625,
      960.140625,
      960.140625,
      960.140625,
      960.140625,
      960.140625,
      960.140625,
      960.140625,
      960.140625,
      960.140625,
      960.140625,
      960.140625,
      960.140625,
      960.140625,
      960.140625,
      960.140625,
      960.140625,
      960.140625,
      960.140625,
      960.140625,
      960.140625,
      960.140625,
      960.140625,
      960.140625,
      960.140625,
      960.140625
    ]
  }
}