{
  "model": {
    "model_name": "Qwen/Qwen3-0.6B",
    "num_layers": 28,
    "parameters": {
      "total_parameters_bytes": 3006529536,
      "parameters_per_layer_bytes": [
        62923776,
        62923776,
        62923776,
        62923776,
        62923776,
        62923776,
        62923776,
        62923776,
        62923776,
        62923776,
        62923776,
        62923776,
        62923776,
        62923776,
        62923776,
        62923776,
        62923776,
        62923776,
        62923776,
        62923776,
        62923776,
        62923776,
        62923776,
        62923776,
        62923776,
        62923776,
        62923776,
        62923776
      ]
    }
  },
  "execution_time": {
    "total_time_ms": 9226.66568349814,
    "forward_backward_time_ms": 7916.171938850312,
    "batch_generator_time_ms": 13.104571029543877,
    "layernorm_grads_all_reduce_time_ms": 0.02,
    "embedding_grads_all_reduce_time_ms": 0.04,
    "optimizer_time_ms": 1297.329173618285,
    "layer_compute_total_ms": [
      299.67357715941034,
      300.0907797832042,
      313.23273602174595,
      311.4528134756256,
      307.4200364644639,
      306.2107860168908,
      303.57433954486623,
      301.9431697030086,
      307.76681247516535,
      302.29950579814613,
      275.80990974092856,
      280.44564923038706,
      284.2848237778526,
      279.8730047652498,
      280.93505403376184,
      274.64782824972644,
      271.4081715384964,
      284.5810829603579,
      269.3678744835779,
      262.67394053866155,
      263.1087172194384,
      263.9353502599988,
      271.5967642434407,
      265.87836374528706,
      256.10286454320885,
      255.14412904158235,
      254.61515528149903,
      268.09869875432923
    ]
  },
  "execution_memory": {
    "total_memory": 28070.94140625,
    "layer_memory_total_mb": [
      960.140625,
      960.140625,
      960.140625,
      960.140625,
      960.140625,
      960.140625,
      960.140625,
      960.140625,
      960.140625,
      960.140625,
      960.140625,
      960.140625,
      960.140625,
      960.140625,
      960.140625,
      960.140625,
      960.140625,
      960.140625,
      960.140625,
      960.140625,
      960.140625,
      960.140625,
      960.140625,
      960.140625,
      960.140625,
      960.140625,
      960.140625,
      960.140625
    ]
  }
}