{
  "model": {
    "model_name": "Qwen/Qwen3-0.6B",
    "num_layers": 28,
    "parameters": {
      "total_parameters_bytes": 3006529536,
      "parameters_per_layer_bytes": [
        62923776,
        62923776,
        62923776,
        62923776,
        62923776,
        62923776,
        62923776,
        62923776,
        62923776,
        62923776,
        62923776,
        62923776,
        62923776,
        62923776,
        62923776,
        62923776,
        62923776,
        62923776,
        62923776,
        62923776,
        62923776,
        62923776,
        62923776,
        62923776,
        62923776,
        62923776,
        62923776,
        62923776
      ]
    }
  },
  "execution_time": {
    "total_time_ms": 11900.064122499316,
    "forward_backward_time_ms": 10185.312686306133,
    "batch_generator_time_ms": 13.863095984561369,
    "layernorm_grads_all_reduce_time_ms": 0.02,
    "embedding_grads_all_reduce_time_ms": 0.04,
    "optimizer_time_ms": 1700.8283402086213,
    "layer_compute_total_ms": [
      361.54422775871353,
      379.8085997477756,
      344.54886575986166,
      384.37710524885915,
      381.1553725026897,
      370.45435000618454,
      368.2976860072813,
      368.0992617373704,
      368.1768585011014,
      348.06008276791545,
      369.43563550448744,
      358.9410564964055,
      356.23749950900674,
      359.51694851974025,
      333.1577845092397,
      388.0221975123277,
      356.84243299328955,
      360.18568375584437,
      368.60035849531414,
      359.3925262466655,
      360.7005575177027,
      347.3864584884723,
      377.80112823384115,
      369.5979359908961,
      372.8800269891508,
      365.1714805018855,
      354.3049465006334,
      352.6156185034779
    ]
  },
  "execution_memory": {
    "total_memory": 28070.94140625,
    "layer_memory_total_mb": [
      960.140625,
      960.140625,
      960.140625,
      960.140625,
      960.140625,
      960.140625,
      960.140625,
      960.140625,
      960.140625,
      960.140625,
      960.140625,
      960.140625,
      960.140625,
      960.140625,
      960.140625,
      960.140625,
      960.140625,
      960.140625,
      960.140625,
      960.140625,
      960.140625,
      960.140625,
      960.140625,
      960.140625,
      960.140625,
      960.140625,
      960.140625,
      960.140625
    ]
  }
}