{
  "model": {
    "model_name": "Qwen/Qwen3-0.6B",
    "num_layers": 28,
    "parameters": {
      "total_parameters_bytes": 3006529536,
      "parameters_per_layer_bytes": [
        62923776,
        62923776,
        62923776,
        62923776,
        62923776,
        62923776,
        62923776,
        62923776,
        62923776,
        62923776,
        62923776,
        62923776,
        62923776,
        62923776,
        62923776,
        62923776,
        62923776,
        62923776,
        62923776,
        62923776,
        62923776,
        62923776,
        62923776,
        62923776,
        62923776,
        62923776,
        62923776,
        62923776
      ]
    }
  },
  "execution_time": {
    "total_time_ms": 5063.602052498027,
    "forward_backward_time_ms": 4704.525742054102,
    "batch_generator_time_ms": 10.697591991629452,
    "layernorm_grads_all_reduce_time_ms": 0.02,
    "embedding_grads_all_reduce_time_ms": 0.04,
    "optimizer_time_ms": 348.3187184522953,
    "layer_compute_total_ms": [
      194.38598002307117,
      184.2984917529975,
      181.08259550353978,
      181.5918470019824,
      184.34187099774135,
      181.9945305105648,
      177.55728000338422,
      159.85771100531565,
      161.11734175501624,
      155.30329073953908,
      176.2111147545511,
      178.96173250483116,
      179.19754175818525,
      178.47519100178033,
      177.75098524725763,
      177.7088204980828,
      174.82126250251895,
      177.65782574861078,
      154.23034175910288,
      155.96459800872253,
      152.61573198949918,
      139.6538875051192,
      143.89825200487394,
      140.72674474300584,
      146.21760699810693,
      159.0314659915748,
      162.610950988892,
      167.26074875623453
    ]
  },
  "execution_memory": {
    "total_memory": 28070.94140625,
    "layer_memory_total_mb": [
      960.140625,
      960.140625,
      960.140625,
      960.140625,
      960.140625,
      960.140625,
      960.140625,
      960.140625,
      960.140625,
      960.140625,
      960.140625,
      960.140625,
      960.140625,
      960.140625,
      960.140625,
      960.140625,
      960.140625,
      960.140625,
      960.140625,
      960.140625,
      960.140625,
      960.140625,
      960.140625,
      960.140625,
      960.140625,
      960.140625,
      960.140625,
      960.140625
    ]
  }
}