{
  "model": {
    "model_name": "Qwen/Qwen3-0.6B",
    "num_layers": 28,
    "parameters": {
      "total_parameters_bytes": 3006529536,
      "parameters_per_layer_bytes": [
        62923776,
        62923776,
        62923776,
        62923776,
        62923776,
        62923776,
        62923776,
        62923776,
        62923776,
        62923776,
        62923776,
        62923776,
        62923776,
        62923776,
        62923776,
        62923776,
        62923776,
        62923776,
        62923776,
        62923776,
        62923776,
        62923776,
        62923776,
        62923776,
        62923776,
        62923776,
        62923776,
        62923776
      ]
    }
  },
  "execution_time": {
    "total_time_ms": 2673.8597145013046,
    "forward_backward_time_ms": 3031.062235189893,
    "batch_generator_time_ms": 9.025125007610768,
    "layernorm_grads_all_reduce_time_ms": 0.02,
    "embedding_grads_all_reduce_time_ms": 0.04,
    "optimizer_time_ms": -366.28764569619904,
    "layer_compute_total_ms": [
      118.70307274512015,
      107.67488348938059,
      117.26088373688981,
      121.57585425302386,
      118.27238973637577,
      119.21220800286392,
      122.43900298926746,
      121.39936375024263,
      120.22615975729423,
      118.13367074501002,
      104.82132425386226,
      103.93934274179628,
      102.82400874712039,
      109.16307350998977,
      112.22180274489801,
      110.44307200063486,
      101.90676099591656,
      99.92833199066808,
      101.99674699106254,
      101.42808725504437,
      99.19479575182777,
      99.82875174318906,
      102.29267524118768,
      105.29953601508169,
      104.11154774192255,
      98.36154376534978,
      93.1493340031011,
      95.25401049177162
    ]
  },
  "execution_memory": {
    "total_memory": 28070.94140625,
    "layer_memory_total_mb": [
      960.140625,
      960.140625,
      960.140625,
      960.140625,
      960.140625,
      960.140625,
      960.140625,
      960.140625,
      960.140625,
      960.140625,
      960.140625,
      960.140625,
      960.140625,
      960.140625,
      960.140625,
      960.140625,
      960.140625,
      960.140625,
      960.140625,
      960.140625,
      960.140625,
      960.140625,
      960.140625,
      960.140625,
      960.140625,
      960.140625,
      960.140625,
      960.140625
    ]
  }
}