{
  "model": {
    "model_name": "Qwen/Qwen3-0.6B",
    "num_layers": 28,
    "parameters": {
      "total_parameters_bytes": 3006529536,
      "parameters_per_layer_bytes": [
        62923776,
        62923776,
        62923776,
        62923776,
        62923776,
        62923776,
        62923776,
        62923776,
        62923776,
        62923776,
        62923776,
        62923776,
        62923776,
        62923776,
        62923776,
        62923776,
        62923776,
        62923776,
        62923776,
        62923776,
        62923776,
        62923776,
        62923776,
        62923776,
        62923776,
        62923776,
        62923776,
        62923776
      ]
    }
  },
  "execution_time": {
    "total_time_ms": 5068.761351998546,
    "forward_backward_time_ms": 3962.072067974077,
    "batch_generator_time_ms": 6.161841010907665,
    "layernorm_grads_all_reduce_time_ms": 0.02,
    "embedding_grads_all_reduce_time_ms": 0.04,
    "optimizer_time_ms": 1100.4674430135615,
    "layer_compute_total_ms": [
      139.08198299759533,
      155.46273873769678,
      151.31333998579066,
      165.94523924868554,
      177.2133472477435,
      152.13844348909333,
      161.03771224152297,
      189.98968225787394,
      162.3710324856802,
      162.57764925830998,
      147.8458422498079,
      153.91850474406965,
      168.48907076200703,
      149.43055999901844,
      130.77048224658938,
      145.05872025620192,
      158.7235829938436,
      106.72559001250193,
      120.73995550599648,
      146.4354425042984,
      74.44037700042827,
      145.01134250167524,
      123.16135850414867,
      122.09281324612675,
      101.23571675649146,
      133.12109799881,
      120.67203148762928,
      97.06841125444043
    ]
  },
  "execution_memory": {
    "total_memory": 28070.94140625,
    "layer_memory_total_mb": [
      960.140625,
      960.140625,
      960.140625,
      960.140625,
      960.140625,
      960.140625,
      960.140625,
      960.140625,
      960.140625,
      960.140625,
      960.140625,
      960.140625,
      960.140625,
      960.140625,
      960.140625,
      960.140625,
      960.140625,
      960.140625,
      960.140625,
      960.140625,
      960.140625,
      960.140625,
      960.140625,
      960.140625,
      960.140625,
      960.140625,
      960.140625,
      960.140625
    ]
  }
}