{
  "model": {
    "model_name": "Qwen/Qwen3-0.6B",
    "num_layers": 28,
    "parameters": {
      "total_parameters_bytes": 3006529536,
      "parameters_per_layer_bytes": [
        62923776,
        62923776,
        62923776,
        62923776,
        62923776,
        62923776,
        62923776,
        62923776,
        62923776,
        62923776,
        62923776,
        62923776,
        62923776,
        62923776,
        62923776,
        62923776,
        62923776,
        62923776,
        62923776,
        62923776,
        62923776,
        62923776,
        62923776,
        62923776,
        62923776,
        62923776,
        62923776,
        62923776
      ]
    }
  },
  "execution_time": {
    "total_time_ms": 14623.501089998172,
    "forward_backward_time_ms": 12332.597258529859,
    "batch_generator_time_ms": 15.910297021036968,
    "layernorm_grads_all_reduce_time_ms": 0.02,
    "embedding_grads_all_reduce_time_ms": 0.04,
    "optimizer_time_ms": 2274.933534447276,
    "layer_compute_total_ms": [
      442.3301600108971,
      472.3844145046314,
      469.3161192481057,
      469.0611725091003,
      482.22348775016144,
      482.6638995145913,
      459.27950748591684,
      466.84102201106725,
      458.10767699731514,
      439.7620435047429,
      478.88266023801407,
      441.40864624932874,
      455.7129234963213,
      452.9733335002675,
      441.10169425403,
      403.2872219977435,
      417.5732252479065,
      418.06403324153507,
      423.3993859961629,
      425.73939624708146,
      426.91276950063184,
      434.7235425229883,
      434.2191147443373,
      446.8424657534342,
      396.36648275336483,
      407.8482622644515,
      419.1514682461275,
      366.42112873960286
    ]
  },
  "execution_memory": {
    "total_memory": 28070.94140625,
    "layer_memory_total_mb": [
      960.140625,
      960.140625,
      960.140625,
      960.140625,
      960.140625,
      960.140625,
      960.140625,
      960.140625,
      960.140625,
      960.140625,
      960.140625,
      960.140625,
      960.140625,
      960.140625,
      960.140625,
      960.140625,
      960.140625,
      960.140625,
      960.140625,
      960.140625,
      960.140625,
      960.140625,
      960.140625,
      960.140625,
      960.140625,
      960.140625,
      960.140625,
      960.140625
    ]
  }
}