{
  "model": {
    "model_name": "Qwen/Qwen3-0.6B",
    "num_layers": 28,
    "parameters": {
      "total_parameters_bytes": 3006529536,
      "parameters_per_layer_bytes": [
        62923776,
        62923776,
        62923776,
        62923776,
        62923776,
        62923776,
        62923776,
        62923776,
        62923776,
        62923776,
        62923776,
        62923776,
        62923776,
        62923776,
        62923776,
        62923776,
        62923776,
        62923776,
        62923776,
        62923776,
        62923776,
        62923776,
        62923776,
        62923776,
        62923776,
        62923776,
        62923776,
        62923776
      ]
    }
  },
  "execution_time": {
    "total_time_ms": 11494.871474991669,
    "forward_backward_time_ms": 9467.00674429303,
    "batch_generator_time_ms": 14.223895996110514,
    "layernorm_grads_all_reduce_time_ms": 0.02,
    "embedding_grads_all_reduce_time_ms": 0.04,
    "optimizer_time_ms": 2013.5808347025281,
    "layer_compute_total_ms": [
      355.209069493867,
      347.8690435003955,
      385.6398895077291,
      345.0126895113499,
      383.020414999919,
      370.1536302396562,
      367.9748100039433,
      353.4146217352827,
      360.3797397518065,
      347.90333575801924,
      348.92992975073867,
      349.4678960123565,
      345.1980982426903,
      335.17022900196025,
      343.3187642440316,
      372.6909967517713,
      339.6929492446361,
      323.240085010184,
      353.057982007158,
      322.2595007609925,
      316.74959975498496,
      336.2129827510216,
      293.19075324747246,
      315.7767747543403,
      296.4281250096974,
      284.8898367592483,
      315.44253924221266,
      258.712457245565
    ]
  },
  "execution_memory": {
    "total_memory": 28070.94140625,
    "layer_memory_total_mb": [
      960.140625,
      960.140625,
      960.140625,
      960.140625,
      960.140625,
      960.140625,
      960.140625,
      960.140625,
      960.140625,
      960.140625,
      960.140625,
      960.140625,
      960.140625,
      960.140625,
      960.140625,
      960.140625,
      960.140625,
      960.140625,
      960.140625,
      960.140625,
      960.140625,
      960.140625,
      960.140625,
      960.140625,
      960.140625,
      960.140625,
      960.140625,
      960.140625
    ]
  }
}