{
  "model": {
    "model_name": "Qwen/Qwen3-0.6B",
    "num_layers": 28,
    "parameters": {
      "total_parameters_bytes": 3006529536,
      "parameters_per_layer_bytes": [
        62923776,
        62923776,
        62923776,
        62923776,
        62923776,
        62923776,
        62923776,
        62923776,
        62923776,
        62923776,
        62923776,
        62923776,
        62923776,
        62923776,
        62923776,
        62923776,
        62923776,
        62923776,
        62923776,
        62923776,
        62923776,
        62923776,
        62923776,
        62923776,
        62923776,
        62923776,
        62923776,
        62923776
      ]
    }
  },
  "execution_time": {
    "total_time_ms": 4740.01044050965,
    "forward_backward_time_ms": 3980.3230774850817,
    "batch_generator_time_ms": 10.752292000688612,
    "layernorm_grads_all_reduce_time_ms": 0.02,
    "embedding_grads_all_reduce_time_ms": 0.04,
    "optimizer_time_ms": 748.8750710238796,
    "layer_compute_total_ms": [
      168.6979597507161,
      162.7200975053711,
      158.69304175430443,
      144.36530600505648,
      147.522904255311,
      150.8239047616371,
      150.4333090124419,
      149.1310187484487,
      148.9562254937482,
      148.21669899538392,
      161.8553080043057,
      159.520865745435,
      155.57455699308775,
      139.57291376573266,
      135.48621776135406,
      135.1093179982854,
      131.82068076275755,
      128.68163398525212,
      128.58791299368022,
      129.82047398691066,
      129.16858050448354,
      139.00777173694223,
      134.13906398636755,
      133.08469499315834,
      131.5014232386602,
      120.47134598833509,
      122.90838774788426,
      134.45146101003047
    ]
  },
  "execution_memory": {
    "total_memory": 28070.94140625,
    "layer_memory_total_mb": [
      960.140625,
      960.140625,
      960.140625,
      960.140625,
      960.140625,
      960.140625,
      960.140625,
      960.140625,
      960.140625,
      960.140625,
      960.140625,
      960.140625,
      960.140625,
      960.140625,
      960.140625,
      960.140625,
      960.140625,
      960.140625,
      960.140625,
      960.140625,
      960.140625,
      960.140625,
      960.140625,
      960.140625,
      960.140625,
      960.140625,
      960.140625,
      960.140625
    ]
  }
}