{
  "model": {
    "model_name": "Qwen/Qwen3-0.6B",
    "num_layers": 28,
    "parameters": {
      "total_parameters_bytes": 3006529536,
      "parameters_per_layer_bytes": [
        62923776,
        62923776,
        62923776,
        62923776,
        62923776,
        62923776,
        62923776,
        62923776,
        62923776,
        62923776,
        62923776,
        62923776,
        62923776,
        62923776,
        62923776,
        62923776,
        62923776,
        62923776,
        62923776,
        62923776,
        62923776,
        62923776,
        62923776,
        62923776,
        62923776,
        62923776,
        62923776,
        62923776
      ]
    }
  },
  "execution_time": {
    "total_time_ms": 7865.975658496609,
    "forward_backward_time_ms": 6816.309654226643,
    "batch_generator_time_ms": 23.13100398168899,
    "layernorm_grads_all_reduce_time_ms": 0.02,
    "embedding_grads_all_reduce_time_ms": 0.04,
    "optimizer_time_ms": 1026.475000288277,
    "layer_compute_total_ms": [
      254.74870199832367,
      249.88765550369862,
      251.3019117541262,
      248.68764850543812,
      250.17636975826463,
      248.5172592496383,
      255.20803149265703,
      248.22832024801755,
      255.22793598793214,
      246.92691599193495,
      255.2928540026187,
      248.09946199093247,
      243.90243102243403,
      241.53490474418504,
      241.0293362554512,
      254.30315575067652,
      247.2023452501162,
      247.3685467557516,
      240.9007367605227,
      237.24248622602317,
      235.77463599212933,
      245.34443225275027,
      233.4690502466401,
      223.86137676949147,
      219.75644149642903,
      224.4508727453649,
      225.52116323640803,
      242.34467223868705
    ]
  },
  "execution_memory": {
    "total_memory": 28070.94140625,
    "layer_memory_total_mb": [
      960.140625,
      960.140625,
      960.140625,
      960.140625,
      960.140625,
      960.140625,
      960.140625,
      960.140625,
      960.140625,
      960.140625,
      960.140625,
      960.140625,
      960.140625,
      960.140625,
      960.140625,
      960.140625,
      960.140625,
      960.140625,
      960.140625,
      960.140625,
      960.140625,
      960.140625,
      960.140625,
      960.140625,
      960.140625,
      960.140625,
      960.140625,
      960.140625
    ]
  }
}