{
  "model": {
    "model_name": "Qwen/Qwen3-0.6B",
    "num_layers": 28,
    "parameters": {
      "total_parameters_bytes": 3006529536,
      "parameters_per_layer_bytes": [
        62923776,
        62923776,
        62923776,
        62923776,
        62923776,
        62923776,
        62923776,
        62923776,
        62923776,
        62923776,
        62923776,
        62923776,
        62923776,
        62923776,
        62923776,
        62923776,
        62923776,
        62923776,
        62923776,
        62923776,
        62923776,
        62923776,
        62923776,
        62923776,
        62923776,
        62923776,
        62923776,
        62923776
      ]
    }
  },
  "execution_time": {
    "total_time_ms": 11462.580309511395,
    "forward_backward_time_ms": 10245.029672267265,
    "batch_generator_time_ms": 19.782780029345304,
    "layernorm_grads_all_reduce_time_ms": 0.02,
    "embedding_grads_all_reduce_time_ms": 0.04,
    "optimizer_time_ms": 1197.7078572147852,
    "layer_compute_total_ms": [
      375.9554980060784,
      372.1022000099765,
      365.6898332264973,
      367.25576025492046,
      368.73441278294194,
      366.1280137457652,
      365.9389124950394,
      369.7651955008041,
      369.7778210043907,
      376.3169180165278,
      379.4052212469978,
      371.639379489352,
      374.79764374438673,
      380.19390526460484,
      368.4316279977793,
      369.85930424998514,
      375.88809346198104,
      365.7716102316044,
      363.7007904762868,
      370.46163076593075,
      361.9345885235816,
      354.610402500839,
      347.76754275662825,
      343.9680122392019,
      347.85774450574536,
      344.6440510015236,
      360.14259500370827,
      366.290963764186
    ]
  },
  "execution_memory": {
    "total_memory": 28070.94140625,
    "layer_memory_total_mb": [
      960.140625,
      960.140625,
      960.140625,
      960.140625,
      960.140625,
      960.140625,
      960.140625,
      960.140625,
      960.140625,
      960.140625,
      960.140625,
      960.140625,
      960.140625,
      960.140625,
      960.140625,
      960.140625,
      960.140625,
      960.140625,
      960.140625,
      960.140625,
      960.140625,
      960.140625,
      960.140625,
      960.140625,
      960.140625,
      960.140625,
      960.140625,
      960.140625
    ]
  }
}