{
  "model": {
    "model_name": "Qwen/Qwen3-0.6B",
    "num_layers": 28,
    "parameters": {
      "total_parameters_bytes": 3006529536,
      "parameters_per_layer_bytes": [
        62923776,
        62923776,
        62923776,
        62923776,
        62923776,
        62923776,
        62923776,
        62923776,
        62923776,
        62923776,
        62923776,
        62923776,
        62923776,
        62923776,
        62923776,
        62923776,
        62923776,
        62923776,
        62923776,
        62923776,
        62923776,
        62923776,
        62923776,
        62923776,
        62923776,
        62923776,
        62923776,
        62923776
      ]
    }
  },
  "execution_time": {
    "total_time_ms": 13655.128365498967,
    "forward_backward_time_ms": 11659.027150526526,
    "batch_generator_time_ms": 19.25836899317801,
    "layernorm_grads_all_reduce_time_ms": 0.02,
    "embedding_grads_all_reduce_time_ms": 0.04,
    "optimizer_time_ms": 1976.7828459792631,
    "layer_compute_total_ms": [
      424.1957269987324,
      434.8211017641006,
      427.7734667120967,
      439.49084599444177,
      438.2287020125659,
      442.4221567460336,
      440.8758477657102,
      444.4214824907249,
      434.6228792273905,
      434.48046047706157,
      423.77590875548776,
      423.5998915100936,
      412.77670026465785,
      411.1223225336289,
      421.0014582640724,
      412.49150823568925,
      415.9658897551708,
      410.3623537666863,
      409.6808775066165,
      407.8182539815316,
      400.91593776014633,
      391.55106323596556,
      399.52016896859277,
      398.8522240106249,
      384.7914219950326,
      381.6305462678429,
      389.10486399254296,
      402.73308953328524
    ]
  },
  "execution_memory": {
    "total_memory": 28070.94140625,
    "layer_memory_total_mb": [
      960.140625,
      960.140625,
      960.140625,
      960.140625,
      960.140625,
      960.140625,
      960.140625,
      960.140625,
      960.140625,
      960.140625,
      960.140625,
      960.140625,
      960.140625,
      960.140625,
      960.140625,
      960.140625,
      960.140625,
      960.140625,
      960.140625,
      960.140625,
      960.140625,
      960.140625,
      960.140625,
      960.140625,
      960.140625,
      960.140625,
      960.140625,
      960.140625
    ]
  }
}