{
  "model": {
    "model_name": "Qwen/Qwen3-0.6B",
    "num_layers": 28,
    "parameters": {
      "total_parameters_bytes": 3006529536,
      "parameters_per_layer_bytes": [
        62923776,
        62923776,
        62923776,
        62923776,
        62923776,
        62923776,
        62923776,
        62923776,
        62923776,
        62923776,
        62923776,
        62923776,
        62923776,
        62923776,
        62923776,
        62923776,
        62923776,
        62923776,
        62923776,
        62923776,
        62923776,
        62923776,
        62923776,
        62923776,
        62923776,
        62923776,
        62923776,
        62923776
      ]
    }
  },
  "execution_time": {
    "total_time_ms": 7268.4808045160025,
    "forward_backward_time_ms": 6773.692209855653,
    "batch_generator_time_ms": 11.251427000388503,
    "layernorm_grads_all_reduce_time_ms": 0.02,
    "embedding_grads_all_reduce_time_ms": 0.04,
    "optimizer_time_ms": 483.4771676599607,
    "layer_compute_total_ms": [
      254.31145199399907,
      257.84237749758177,
      255.16408019757364,
      265.09743774659,
      260.18549024593085,
      264.30209825048223,
      266.05917674896773,
      265.034030249808,
      269.6880799921928,
      266.6669464815641,
      244.83449049876072,
      235.8507944882149,
      229.64482150564436,
      236.83930399420206,
      236.20829702122137,
      229.41686524427496,
      232.22487200109754,
      235.0829737551976,
      233.60629500530194,
      231.36506100127008,
      232.25840074883308,
      229.21764200145844,
      231.45623751042876,
      224.69079498841893,
      223.51137321675196,
      218.79120872472413,
      218.97803348838352,
      225.36357525677886
    ]
  },
  "execution_memory": {
    "total_memory": 28070.94140625,
    "layer_memory_total_mb": [
      960.140625,
      960.140625,
      960.140625,
      960.140625,
      960.140625,
      960.140625,
      960.140625,
      960.140625,
      960.140625,
      960.140625,
      960.140625,
      960.140625,
      960.140625,
      960.140625,
      960.140625,
      960.140625,
      960.140625,
      960.140625,
      960.140625,
      960.140625,
      960.140625,
      960.140625,
      960.140625,
      960.140625,
      960.140625,
      960.140625,
      960.140625,
      960.140625
    ]
  }
}