{
  "model": {
    "model_name": "Qwen/Qwen3-0.6B",
    "num_layers": 28,
    "parameters": {
      "total_parameters_bytes": 3006529536,
      "parameters_per_layer_bytes": [
        62923776,
        62923776,
        62923776,
        62923776,
        62923776,
        62923776,
        62923776,
        62923776,
        62923776,
        62923776,
        62923776,
        62923776,
        62923776,
        62923776,
        62923776,
        62923776,
        62923776,
        62923776,
        62923776,
        62923776,
        62923776,
        62923776,
        62923776,
        62923776,
        62923776,
        62923776,
        62923776,
        62923776
      ]
    }
  },
  "execution_time": {
    "total_time_ms": 2764.936580497306,
    "forward_backward_time_ms": 2863.231222028844,
    "batch_generator_time_ms": 6.260464026127011,
    "layernorm_grads_all_reduce_time_ms": 0.02,
    "embedding_grads_all_reduce_time_ms": 0.04,
    "optimizer_time_ms": -104.61510555766523,
    "layer_compute_total_ms": [
      123.17949750286061,
      120.92318275244907,
      118.16328052373137,
      121.11928297963459,
      117.11752753762994,
      117.77329850883689,
      119.08268701517954,
      122.18452774686739,
      118.35453475941904,
      117.92870576027781,
      101.51760473672766,
      95.59734126378316,
      96.89377721224446,
      95.77655876637436,
      96.13774223544169,
      95.67096378304996,
      99.43509897857439,
      93.59640628099442,
      93.33211623015814,
      92.28535123111214,
      100.3846614912618,
      95.93362799205352,
      87.26597373606637,
      80.07105100841727,
      88.25663551397156,
      82.54088024841622,
      84.05200498236809,
      88.65690125094261
    ]
  },
  "execution_memory": {
    "total_memory": 28070.94140625,
    "layer_memory_total_mb": [
      960.140625,
      960.140625,
      960.140625,
      960.140625,
      960.140625,
      960.140625,
      960.140625,
      960.140625,
      960.140625,
      960.140625,
      960.140625,
      960.140625,
      960.140625,
      960.140625,
      960.140625,
      960.140625,
      960.140625,
      960.140625,
      960.140625,
      960.140625,
      960.140625,
      960.140625,
      960.140625,
      960.140625,
      960.140625,
      960.140625,
      960.140625,
      960.140625
    ]
  }
}