{
  "model": {
    "model_name": "google-bert/bert-base-uncased",
    "num_layers": 12,
    "parameters": {
      "total_parameters_bytes": 433981440,
      "parameters_per_layer_bytes": [
        1326944.1168211177,
        1326944.1168211177,
        1326944.1168211177,
        1326944.1168211177,
        1326944.1168211177,
        1326944.1168211177,
        1326944.1168211177,
        1326944.1168211177,
        1326944.1168211177,
        1326944.1168211177,
        1326944.1168211177,
        1326944.1168211177
      ]
    }
  },
  "execution_time": {
    "total_time_ms": 144.07731192034132,
    "forward_backward_time_ms": 175.7694982483257,
    "batch_generator_time_ms": 8.26313437335263,
    "layernorm_grads_all_reduce_time_ms": 0.0009360666479453338,
    "embedding_grads_all_reduce_time_ms": 0.0018721332958906677,
    "optimizer_time_ms": 10.23488563342646,
    "layer_compute_total_ms": [
      10.384143932954533,
      10.421023249603625,
      10.760044627120282,
      10.77126049569074,
      10.291965446402616,
      10.610716698662612,
      10.459794370399731,
      10.461044135819447,
      10.329856347959094,
      10.461004213062969,
      10.177665075116485,
      10.447965120826257
    ]
  },
  "execution_memory": {
    "total_memory": 5280.732421875,
    "layer_memory_total_mb": [
      20.247560376298793,
      20.247560376298793,
      20.247560376298793,
      20.247560376298793,
      20.247560376298793,
      20.247560376298793,
      20.247560376298793,
      20.247560376298793,
      20.247560376298793,
      20.247560376298793,
      20.247560376298793,
      20.247560376298793
    ]
  }
}