{
  "model": {
    "model_name": "google-bert/bert-base-uncased",
    "num_layers": 12,
    "parameters": {
      "total_parameters_bytes": 433981440,
      "parameters_per_layer_bytes": [
        865165.9444613975,
        865165.9444613975,
        865165.9444613975,
        865165.9444613975,
        865165.9444613975,
        865165.9444613975,
        865165.9444613975,
        865165.9444613975,
        865165.9444613975,
        865165.9444613975,
        865165.9444613975,
        865165.9444613975
      ]
    }
  },
  "execution_time": {
    "total_time_ms": 35.23196765319846,
    "forward_backward_time_ms": 39.8478985417884,
    "batch_generator_time_ms": 4.205802228682022,
    "layernorm_grads_all_reduce_time_ms": 0.0006103143118706132,
    "embedding_grads_all_reduce_time_ms": 0.0012206286237412265,
    "optimizer_time_ms": -0.05903497153323576,
    "layer_compute_total_ms": [
      2.68248219435141,
      2.7300508541240034,
      2.616077242426228,
      2.527852296208389,
      2.5026185385033664,
      2.5210436602297293,
      2.551523466414192,
      2.5244237797206615,
      2.5664769754253967,
      2.617461000786435,
      2.5782282508967675,
      2.665131194027482
    ]
  },
  "execution_memory": {
    "total_memory": 5280.732421875,
    "layer_memory_total_mb": [
      13.201384650595054,
      13.201384650595054,
      13.201384650595054,
      13.201384650595054,
      13.201384650595054,
      13.201384650595054,
      13.201384650595054,
      13.201384650595054,
      13.201384650595054,
      13.201384650595054,
      13.201384650595054,
      13.201384650595054
    ]
  }
}