{
  "model": {
    "model_name": "google-bert/bert-base-uncased",
    "num_layers": 12,
    "parameters": {
      "total_parameters_bytes": 433981440,
      "parameters_per_layer_bytes": [
        4135884.463894967,
        4135884.463894967,
        4135884.463894967,
        4135884.463894967,
        4135884.463894967,
        4135884.463894967,
        4135884.463894967,
        4135884.463894967,
        4135884.463894967,
        4135884.463894967,
        4135884.463894967,
        4135884.463894967
      ]
    }
  },
  "execution_time": {
    "total_time_ms": 149.086839311405,
    "forward_backward_time_ms": 141.7562085146164,
    "batch_generator_time_ms": 3.8364040869119,
    "layernorm_grads_all_reduce_time_ms": 0.0029175784099197666,
    "embedding_grads_all_reduce_time_ms": 0.005835156819839533,
    "optimizer_time_ms": 34.87146938723844,
    "layer_compute_total_ms": [
      7.36059552069786,
      8.143601529972722,
      10.192434174055538,
      7.204457586440975,
      12.758334317936798,
      7.188700910614848,
      8.589243035295464,
      11.877989645501874,
      8.569602184758448,
      10.103962545838128,
      9.760601026733575,
      8.620690624178662
    ]
  },
  "execution_memory": {
    "total_memory": 5280.732421875,
    "layer_memory_total_mb": [
      63.1085886214442,
      63.1085886214442,
      63.1085886214442,
      63.1085886214442,
      63.1085886214442,
      63.1085886214442,
      63.1085886214442,
      63.1085886214442,
      63.1085886214442,
      63.1085886214442,
      63.1085886214442,
      63.1085886214442
    ]
  }
}