{
  "model": {
    "model_name": "Qwen/Qwen3-0.6B",
    "num_layers": 28,
    "parameters": {
      "total_parameters_bytes": 3006529536,
      "parameters_per_layer_bytes": [
        62923776,
        62923776,
        62923776,
        62923776,
        62923776,
        62923776,
        62923776,
        62923776,
        62923776,
        62923776,
        62923776,
        62923776,
        62923776,
        62923776,
        62923776,
        62923776,
        62923776,
        62923776,
        62923776,
        62923776,
        62923776,
        62923776,
        62923776,
        62923776,
        62923776,
        62923776,
        62923776,
        62923776
      ]
    }
  },
  "execution_time": {
    "total_time_ms": 8206.363198012696,
    "forward_backward_time_ms": 7370.504954786156,
    "batch_generator_time_ms": 12.285206990782171,
    "layernorm_grads_all_reduce_time_ms": 0.02,
    "embedding_grads_all_reduce_time_ms": 0.04,
    "optimizer_time_ms": 823.5130362357572,
    "layer_compute_total_ms": [
      263.9082897512708,
      282.8181339864386,
      295.46333550388226,
      285.31726799701573,
      272.86690100299893,
      280.1415532521787,
      284.17656174860895,
      282.0716192436521,
      290.6617017579265,
      289.68085725500714,
      238.69475201354362,
      251.0074685123982,
      245.58846200670814,
      259.43181500042556,
      266.2319302544347,
      244.3809122487437,
      244.15208926075138,
      242.04964024829678,
      252.8695945002255,
      261.1665739968885,
      257.4744640078279,
      252.55387598008383,
      266.1223447503289,
      252.1573405028903,
      266.05371125333477,
      249.50749351410195,
      252.40062074590242,
      241.55564449029043
    ]
  },
  "execution_memory": {
    "total_memory": 28070.94140625,
    "layer_memory_total_mb": [
      960.140625,
      960.140625,
      960.140625,
      960.140625,
      960.140625,
      960.140625,
      960.140625,
      960.140625,
      960.140625,
      960.140625,
      960.140625,
      960.140625,
      960.140625,
      960.140625,
      960.140625,
      960.140625,
      960.140625,
      960.140625,
      960.140625,
      960.140625,
      960.140625,
      960.140625,
      960.140625,
      960.140625,
      960.140625,
      960.140625,
      960.140625,
      960.140625
    ]
  }
}