{
  "model": {
    "model_name": "google-bert/bert-base-uncased",
    "num_layers": 12,
    "parameters": {
      "total_parameters_bytes": 433981440,
      "parameters_per_layer_bytes": [
        12407653.391684901,
        12407653.391684901,
        12407653.391684901,
        12407653.391684901,
        12407653.391684901,
        12407653.391684901,
        12407653.391684901,
        12407653.391684901,
        12407653.391684901,
        12407653.391684901,
        12407653.391684901,
        12407653.391684901
      ]
    }
  },
  "execution_time": {
    "total_time_ms": 636.9416914646936,
    "forward_backward_time_ms": 767.5736744915105,
    "batch_generator_time_ms": 27.018482261897763,
    "layernorm_grads_all_reduce_time_ms": 0.0087527352297593,
    "embedding_grads_all_reduce_time_ms": 0.0175054704595186,
    "optimizer_time_ms": 12.270427878035123,
    "layer_compute_total_ms": [
      51.468389287857946,
      46.69241541594112,
      51.90487373676314,
      47.093567725513495,
      48.62399760473731,
      53.54142833284064,
      48.309204034116,
      51.09807342281708,
      52.183531297327995,
      45.44297680416688,
      53.98752988459791,
      47.28053557239188
    ]
  },
  "execution_memory": {
    "total_memory": 5280.732421875,
    "layer_memory_total_mb": [
      189.3257658643326,
      189.3257658643326,
      189.3257658643326,
      189.3257658643326,
      189.3257658643326,
      189.3257658643326,
      189.3257658643326,
      189.3257658643326,
      189.3257658643326,
      189.3257658643326,
      189.3257658643326,
      189.3257658643326
    ]
  }
}