{
  "model": {
    "model_name": "Qwen/Qwen3-0.6B",
    "num_layers": 28,
    "parameters": {
      "total_parameters_bytes": 3006529536,
      "parameters_per_layer_bytes": [
        1613430.1538461538,
        1613430.1538461538,
        1613430.1538461538,
        1613430.1538461538,
        1613430.1538461538,
        1613430.1538461538,
        1613430.1538461538,
        1613430.1538461538,
        1613430.1538461538,
        1613430.1538461538,
        1613430.1538461538,
        1613430.1538461538,
        1613430.1538461538,
        1613430.1538461538,
        1613430.1538461538,
        1613430.1538461538,
        1613430.1538461538,
        1613430.1538461538,
        1613430.1538461538,
        1613430.1538461538,
        1613430.1538461538,
        1613430.1538461538,
        1613430.1538461538,
        1613430.1538461538,
        1613430.1538461538,
        1613430.1538461538,
        1613430.1538461538,
        1613430.1538461538
      ]
    }
  },
  "execution_time": {
    "total_time_ms": 274.7871531412387,
    "forward_backward_time_ms": 282.54178782932274,
    "batch_generator_time_ms": 0.2790361535377227,
    "layernorm_grads_all_reduce_time_ms": 0.0005128205128205128,
    "embedding_grads_all_reduce_time_ms": 0.0010256410256410256,
    "optimizer_time_ms": 37.66043680079592,
    "layer_compute_total_ms": [
      8.834031654166607,
      9.064755186092299,
      8.766824205313474,
      8.898362614742766,
      9.016634653492543,
      8.86491791700395,
      8.994268808284033,
      8.995876397537545,
      8.743880115500174,
      8.723101890586221,
      8.832575775718746,
      8.783583628171936,
      8.432107391388108,
      8.514967403756692,
      8.40570054499086,
      8.35613991045811,
      8.449375238015842,
      8.25368379502414,
      8.497824743524408,
      8.23789316666826,
      8.019532486333702,
      8.034669973988994,
      8.000465429340226,
      7.9453129419095765,
      7.769406372039483,
      7.808010941983248,
      7.6373266865863485,
      7.964911852748348
    ]
  },
  "execution_memory": {
    "total_memory": 28070.94140625,
    "layer_memory_total_mb": [
      24.618990384615383,
      24.618990384615383,
      24.618990384615383,
      24.618990384615383,
      24.618990384615383,
      24.618990384615383,
      24.618990384615383,
      24.618990384615383,
      24.618990384615383,
      24.618990384615383,
      24.618990384615383,
      24.618990384615383,
      24.618990384615383,
      24.618990384615383,
      24.618990384615383,
      24.618990384615383,
      24.618990384615383,
      24.618990384615383,
      24.618990384615383,
      24.618990384615383,
      24.618990384615383,
      24.618990384615383,
      24.618990384615383,
      24.618990384615383,
      24.618990384615383,
      24.618990384615383,
      24.618990384615383,
      24.618990384615383
    ]
  }
}