{
  "model": {
    "model_name": "google-bert/bert-base-uncased",
    "num_layers": 12,
    "parameters": {
      "total_parameters_bytes": 433981440,
      "parameters_per_layer_bytes": [
        28351488.0,
        28351488.0,
        28351488.0,
        28351488.0,
        28351488.0,
        28351488.0,
        28351488.0,
        28351488.0,
        28351488.0,
        28351488.0,
        28351488.0,
        28351488.0
      ]
    }
  },
  "execution_time": {
    "total_time_ms": 737.9213944950607,
    "forward_backward_time_ms": 647.7324055304052,
    "batch_generator_time_ms": 81.43335895147175,
    "layernorm_grads_all_reduce_time_ms": 0.02,
    "embedding_grads_all_reduce_time_ms": 0.04,
    "optimizer_time_ms": 8.695630013183692,
    "layer_compute_total_ms": [
      58.428260002983734,
      55.88464476750232,
      56.200279999757186,
      54.64482225943357,
      51.338999255676754,
      53.692183500970714,
      51.47864599712193,
      52.00563900871202,
      52.64624125265982,
      52.163408254273236,
      52.7053502300987,
      56.54393100121524
    ]
  },
  "execution_memory": {
    "total_memory": 5280.732421875,
    "layer_memory_total_mb": [
      432.609375,
      432.609375,
      432.609375,
      432.609375,
      432.609375,
      432.609375,
      432.609375,
      432.609375,
      432.609375,
      432.609375,
      432.609375,
      432.609375
    ]
  }
}