{
  "model": {
    "model_name": "google-bert/bert-base-uncased",
    "num_layers": 12,
    "parameters": {
      "total_parameters_bytes": 433981440,
      "parameters_per_layer_bytes": [
        12407653.391684901,
        12407653.391684901,
        12407653.391684901,
        12407653.391684901,
        12407653.391684901,
        12407653.391684901,
        12407653.391684901,
        12407653.391684901,
        12407653.391684901,
        12407653.391684901,
        12407653.391684901,
        12407653.391684901
      ]
    }
  },
  "execution_time": {
    "total_time_ms": 1794.8439982500645,
    "forward_backward_time_ms": 2107.9693608385937,
    "batch_generator_time_ms": 128.79681269611748,
    "layernorm_grads_all_reduce_time_ms": 0.0087527352297593,
    "embedding_grads_all_reduce_time_ms": 0.0175054704595186,
    "optimizer_time_ms": 24.77339395147053,
    "layer_compute_total_ms": [
      138.52304607299635,
      137.1866042730327,
      136.01501617877167,
      138.50783447518992,
      140.10113074252672,
      133.30979551661443,
      133.8382326198958,
      134.9274997782325,
      140.14179497107423,
      137.9660434263842,
      134.84496992520573,
      135.88556541686296
    ]
  },
  "execution_memory": {
    "total_memory": 5280.732421875,
    "layer_memory_total_mb": [
      189.3257658643326,
      189.3257658643326,
      189.3257658643326,
      189.3257658643326,
      189.3257658643326,
      189.3257658643326,
      189.3257658643326,
      189.3257658643326,
      189.3257658643326,
      189.3257658643326,
      189.3257658643326,
      189.3257658643326
    ]
  }
}