{
  "model": {
    "model_name": "Qwen/Qwen3-0.6B",
    "num_layers": 28,
    "parameters": {
      "total_parameters_bytes": 3006529536,
      "parameters_per_layer_bytes": [
        62923776,
        62923776,
        62923776,
        62923776,
        62923776,
        62923776,
        62923776,
        62923776,
        62923776,
        62923776,
        62923776,
        62923776,
        62923776,
        62923776,
        62923776,
        62923776,
        62923776,
        62923776,
        62923776,
        62923776,
        62923776,
        62923776,
        62923776,
        62923776,
        62923776,
        62923776,
        62923776,
        62923776
      ]
    }
  },
  "execution_time": {
    "total_time_ms": 10757.430009485688,
    "forward_backward_time_ms": 9778.390113788191,
    "batch_generator_time_ms": 8.288183016702533,
    "layernorm_grads_all_reduce_time_ms": 0.02,
    "embedding_grads_all_reduce_time_ms": 0.04,
    "optimizer_time_ms": 970.6917126807944,
    "layer_compute_total_ms": [
      351.3090695196297,
      357.9869794775732,
      399.18414698331617,
      383.5712860163767,
      385.7119122694712,
      375.16452447744086,
      376.84000123408623,
      372.333113278728,
      350.50738576683216,
      369.70055173151195,
      346.41100896988064,
      324.0585853054654,
      364.30674078292213,
      328.28599979984574,
      366.0262660123408,
      364.177264214959,
      327.16296677244827,
      355.3031604969874,
      362.1303217369132,
      349.4112160115037,
      351.25768749276176,
      348.8862539525144,
      339.77759326808155,
      316.28422427456826,
      308.5058899887372,
      306.84140120865777,
      309.7795552748721,
      287.47500746976584
    ]
  },
  "execution_memory": {
    "total_memory": 28070.94140625,
    "layer_memory_total_mb": [
      960.140625,
      960.140625,
      960.140625,
      960.140625,
      960.140625,
      960.140625,
      960.140625,
      960.140625,
      960.140625,
      960.140625,
      960.140625,
      960.140625,
      960.140625,
      960.140625,
      960.140625,
      960.140625,
      960.140625,
      960.140625,
      960.140625,
      960.140625,
      960.140625,
      960.140625,
      960.140625,
      960.140625,
      960.140625,
      960.140625,
      960.140625,
      960.140625
    ]
  }
}