{
  "model": {
    "model_name": "Qwen/Qwen3-0.6B",
    "num_layers": 28,
    "parameters": {
      "total_parameters_bytes": 3006529536,
      "parameters_per_layer_bytes": [
        27537757.549234137,
        27537757.549234137,
        27537757.549234137,
        27537757.549234137,
        27537757.549234137,
        27537757.549234137,
        27537757.549234137,
        27537757.549234137,
        27537757.549234137,
        27537757.549234137,
        27537757.549234137,
        27537757.549234137,
        27537757.549234137,
        27537757.549234137,
        27537757.549234137,
        27537757.549234137,
        27537757.549234137,
        27537757.549234137,
        27537757.549234137,
        27537757.549234137,
        27537757.549234137,
        27537757.549234137,
        27537757.549234137,
        27537757.549234137,
        27537757.549234137,
        27537757.549234137,
        27537757.549234137,
        27537757.549234137
      ]
    }
  },
  "execution_time": {
    "total_time_ms": 4080.9379247347347,
    "forward_backward_time_ms": 4587.653680830399,
    "batch_generator_time_ms": 6.702504603750596,
    "layernorm_grads_all_reduce_time_ms": 0.0087527352297593,
    "embedding_grads_all_reduce_time_ms": 0.0175054704595186,
    "optimizer_time_ms": 502.2998981463358,
    "layer_compute_total_ms": [
      132.691127132712,
      130.77438785286958,
      136.91778469874566,
      135.41369890632146,
      135.06536794107006,
      138.18989967783665,
      138.28831203246216,
      137.96975350881675,
      136.53775743316834,
      138.8575981449564,
      123.6609219042564,
      124.1160040574568,
      127.6801572284708,
      124.31146193747114,
      125.52508040172347,
      125.21439671228055,
      122.3526780159341,
      121.07438882797574,
      122.48748818135267,
      124.51055852866465,
      124.82505547584807,
      123.05848237664054,
      121.09404396295295,
      120.95568019436179,
      123.78860154205472,
      122.64480272127638,
      117.76676399585398,
      116.13701038542499
    ]
  },
  "execution_memory": {
    "total_memory": 28070.94140625,
    "layer_memory_total_mb": [
      420.19283369803065,
      420.19283369803065,
      420.19283369803065,
      420.19283369803065,
      420.19283369803065,
      420.19283369803065,
      420.19283369803065,
      420.19283369803065,
      420.19283369803065,
      420.19283369803065,
      420.19283369803065,
      420.19283369803065,
      420.19283369803065,
      420.19283369803065,
      420.19283369803065,
      420.19283369803065,
      420.19283369803065,
      420.19283369803065,
      420.19283369803065,
      420.19283369803065,
      420.19283369803065,
      420.19283369803065,
      420.19283369803065,
      420.19283369803065,
      420.19283369803065,
      420.19283369803065,
      420.19283369803065,
      420.19283369803065
    ]
  }
}