{
  "model": {
    "model_name": "Qwen/Qwen3-1.7B",
    "num_layers": 28,
    "parameters": {
      "total_parameters_bytes": 8126959616,
      "parameters_per_layer_bytes": [
        3413420.133591021,
        3413420.133591021,
        3413420.133591021,
        3413420.133591021,
        3413420.133591021,
        3413420.133591021,
        3413420.133591021,
        3413420.133591021,
        3413420.133591021,
        3413420.133591021,
        3413420.133591021,
        3413420.133591021,
        3413420.133591021,
        3413420.133591021,
        3413420.133591021,
        3413420.133591021,
        3413420.133591021,
        3413420.133591021,
        3413420.133591021,
        3413420.133591021,
        3413420.133591021,
        3413420.133591021,
        3413420.133591021,
        3413420.133591021,
        3413420.133591021,
        3413420.133591021,
        3413420.133591021,
        3413420.133591021
      ]
    }
  },
  "execution_time": {
    "total_time_ms": 316.0341732363333,
    "forward_backward_time_ms": 370.837600600454,
    "batch_generator_time_ms": 0.15715730860754829,
    "layernorm_grads_all_reduce_time_ms": 0.0003390635065947852,
    "embedding_grads_all_reduce_time_ms": 0.0006781270131895704,
    "optimizer_time_ms": 26.603977667335837,
    "layer_compute_total_ms": [
      11.58317501618352,
      11.435372011780684,
      11.030456485264626,
      11.10699602907209,
      10.878286249694924,
      10.634093708648034,
      10.930564269123083,
      10.830456858511146,
      10.523871813285997,
      10.29588148433771,
      10.666853444205696,
      10.673761884425625,
      10.577647946293398,
      10.395767949381572,
      10.495642889780266,
      10.296820415176416,
      10.098895793199416,
      10.017100400609843,
      9.704982986661886,
      9.931644555229973,
      9.895701115906716,
      9.80771650508081,
      9.727785000274263,
      9.610739582195508,
      9.53768094946767,
      9.653948535038905,
      9.406353427309623,
      9.523823763730718
    ]
  },
  "execution_memory": {
    "total_memory": 88397.4453125,
    "layer_memory_total_mb": [
      52.08465780015596,
      52.08465780015596,
      52.08465780015596,
      52.08465780015596,
      52.08465780015596,
      52.08465780015596,
      52.08465780015596,
      52.08465780015596,
      52.08465780015596,
      52.08465780015596,
      52.08465780015596,
      52.08465780015596,
      52.08465780015596,
      52.08465780015596,
      52.08465780015596,
      52.08465780015596,
      52.08465780015596,
      52.08465780015596,
      52.08465780015596,
      52.08465780015596,
      52.08465780015596,
      52.08465780015596,
      52.08465780015596,
      52.08465780015596,
      52.08465780015596,
      52.08465780015596,
      52.08465780015596,
      52.08465780015596
    ]
  }
}