{
  "model": {
    "model_name": "Qwen/Qwen3-0.6B",
    "num_layers": 28,
    "parameters": {
      "total_parameters_bytes": 3006529536,
      "parameters_per_layer_bytes": [
        62923776,
        62923776,
        62923776,
        62923776,
        62923776,
        62923776,
        62923776,
        62923776,
        62923776,
        62923776,
        62923776,
        62923776,
        62923776,
        62923776,
        62923776,
        62923776,
        62923776,
        62923776,
        62923776,
        62923776,
        62923776,
        62923776,
        62923776,
        62923776,
        62923776,
        62923776,
        62923776,
        62923776
      ]
    }
  },
  "execution_time": {
    "total_time_ms": 9627.760713512544,
    "forward_backward_time_ms": 8056.993153382791,
    "batch_generator_time_ms": 10.175531031563878,
    "layernorm_grads_all_reduce_time_ms": 0.02,
    "embedding_grads_all_reduce_time_ms": 0.04,
    "optimizer_time_ms": 1560.5320290981886,
    "layer_compute_total_ms": [
      292.5456810044125,
      309.73528398317285,
      320.57818226167,
      309.65558570460416,
      309.4059844734147,
      307.26256646448746,
      311.8649527314119,
      324.7773449693341,
      320.40397825767286,
      320.8523527137004,
      280.3238784545101,
      295.06194149143994,
      272.7787957410328,
      279.7249869618099,
      284.6308955049608,
      278.3347867662087,
      264.7428034397308,
      269.09144621458836,
      268.32297947839834,
      257.9481830180157,
      274.7571080108173,
      281.31793698412366,
      271.1774560448248,
      259.8111997649539,
      268.9952122454997,
      265.4288884950802,
      270.152030949248,
      287.31071125366725
    ]
  },
  "execution_memory": {
    "total_memory": 28070.94140625,
    "layer_memory_total_mb": [
      960.140625,
      960.140625,
      960.140625,
      960.140625,
      960.140625,
      960.140625,
      960.140625,
      960.140625,
      960.140625,
      960.140625,
      960.140625,
      960.140625,
      960.140625,
      960.140625,
      960.140625,
      960.140625,
      960.140625,
      960.140625,
      960.140625,
      960.140625,
      960.140625,
      960.140625,
      960.140625,
      960.140625,
      960.140625,
      960.140625,
      960.140625,
      960.140625
    ]
  }
}