{
  "model": {
    "model_name": "Qwen/Qwen3-0.6B",
    "num_layers": 28,
    "parameters": {
      "total_parameters_bytes": 3006529536,
      "parameters_per_layer_bytes": [
        62923776,
        62923776,
        62923776,
        62923776,
        62923776,
        62923776,
        62923776,
        62923776,
        62923776,
        62923776,
        62923776,
        62923776,
        62923776,
        62923776,
        62923776,
        62923776,
        62923776,
        62923776,
        62923776,
        62923776,
        62923776,
        62923776,
        62923776,
        62923776,
        62923776,
        62923776,
        62923776,
        62923776
      ]
    }
  },
  "execution_time": {
    "total_time_ms": 3145.304560501245,
    "forward_backward_time_ms": 2613.642789205187,
    "batch_generator_time_ms": 7.015423005213961,
    "layernorm_grads_all_reduce_time_ms": 0.02,
    "embedding_grads_all_reduce_time_ms": 0.04,
    "optimizer_time_ms": 524.586348290844,
    "layer_compute_total_ms": [
      106.32806349894963,
      103.52831373893423,
      103.81592900375836,
      101.3902007471188,
      101.40738375775982,
      103.26255000109086,
      107.688049240096,
      103.71720799594186,
      101.90373475779779,
      101.75928099488374,
      91.38845749839675,
      87.97831099946052,
      91.61377151031047,
      93.05589600262465,
      93.05711225169944,
      92.09621899935883,
      98.52253224380547,
      87.81057148735272,
      86.64660850627115,
      87.85418849583948,
      81.05270273517817,
      83.61805599997751,
      84.18483897548867,
      85.43695174739696,
      83.89147301204503,
      86.73763024853542,
      83.5801790090045,
      80.31657574611017
    ]
  },
  "execution_memory": {
    "total_memory": 28070.94140625,
    "layer_memory_total_mb": [
      960.140625,
      960.140625,
      960.140625,
      960.140625,
      960.140625,
      960.140625,
      960.140625,
      960.140625,
      960.140625,
      960.140625,
      960.140625,
      960.140625,
      960.140625,
      960.140625,
      960.140625,
      960.140625,
      960.140625,
      960.140625,
      960.140625,
      960.140625,
      960.140625,
      960.140625,
      960.140625,
      960.140625,
      960.140625,
      960.140625,
      960.140625,
      960.140625
    ]
  }
}