{
  "model": {
    "model_name": "google-bert/bert-base-uncased",
    "num_layers": 12,
    "parameters": {
      "total_parameters_bytes": 433981440,
      "parameters_per_layer_bytes": [
        865165.9444613975,
        865165.9444613975,
        865165.9444613975,
        865165.9444613975,
        865165.9444613975,
        865165.9444613975,
        865165.9444613975,
        865165.9444613975,
        865165.9444613975,
        865165.9444613975,
        865165.9444613975,
        865165.9444613975
      ]
    }
  },
  "execution_time": {
    "total_time_ms": 47.019293256030664,
    "forward_backward_time_ms": 55.84298376935898,
    "batch_generator_time_ms": 5.2953997248488704,
    "layernorm_grads_all_reduce_time_ms": 0.0006103143118706132,
    "embedding_grads_all_reduce_time_ms": 0.0012206286237412265,
    "optimizer_time_ms": -1.838279597601334,
    "layer_compute_total_ms": [
      3.40882497680833,
      3.637671719494494,
      3.577243530458344,
      3.651264937495631,
      3.5534742824754,
      3.3412459029146513,
      3.7169415773872165,
      3.7360094519248777,
      3.7033742903927855,
      3.7513529908976055,
      3.728959077860771,
      3.753979447737408
    ]
  },
  "execution_memory": {
    "total_memory": 5280.732421875,
    "layer_memory_total_mb": [
      13.201384650595054,
      13.201384650595054,
      13.201384650595054,
      13.201384650595054,
      13.201384650595054,
      13.201384650595054,
      13.201384650595054,
      13.201384650595054,
      13.201384650595054,
      13.201384650595054,
      13.201384650595054,
      13.201384650595054
    ]
  }
}