{
  "model": {
    "model_name": "Qwen/Qwen3-0.6B",
    "num_layers": 28,
    "parameters": {
      "total_parameters_bytes": 3006529536,
      "parameters_per_layer_bytes": [
        62923776,
        62923776,
        62923776,
        62923776,
        62923776,
        62923776,
        62923776,
        62923776,
        62923776,
        62923776,
        62923776,
        62923776,
        62923776,
        62923776,
        62923776,
        62923776,
        62923776,
        62923776,
        62923776,
        62923776,
        62923776,
        62923776,
        62923776,
        62923776,
        62923776,
        62923776,
        62923776,
        62923776
      ]
    }
  },
  "execution_time": {
    "total_time_ms": 4221.064936486073,
    "forward_backward_time_ms": 2913.9227813575417,
    "batch_generator_time_ms": 6.139595992863178,
    "layernorm_grads_all_reduce_time_ms": 0.02,
    "embedding_grads_all_reduce_time_ms": 0.04,
    "optimizer_time_ms": 1300.942559135668,
    "layer_compute_total_ms": [
      119.11163094919175,
      113.28147072345018,
      116.84803053503856,
      118.90735127963126,
      115.97578701912425,
      114.47442846838385,
      113.04343325900845,
      119.79571101255715,
      120.83702071686275,
      120.67181619931944,
      118.56753667234443,
      114.82730251736939,
      116.2708337069489,
      114.91887728334405,
      112.88374572177418,
      107.62331352452748,
      112.23680624971166,
      107.26369774783961,
      103.8046972535085,
      99.07279198523611,
      97.62304899049923,
      74.4188457611017,
      78.3008239523042,
      77.14947999920696,
      76.32804603781551,
      75.54098396212794,
      74.3888572906144,
      79.7564125386998
    ]
  },
  "execution_memory": {
    "total_memory": 28070.94140625,
    "layer_memory_total_mb": [
      960.140625,
      960.140625,
      960.140625,
      960.140625,
      960.140625,
      960.140625,
      960.140625,
      960.140625,
      960.140625,
      960.140625,
      960.140625,
      960.140625,
      960.140625,
      960.140625,
      960.140625,
      960.140625,
      960.140625,
      960.140625,
      960.140625,
      960.140625,
      960.140625,
      960.140625,
      960.140625,
      960.140625,
      960.140625,
      960.140625,
      960.140625,
      960.140625
    ]
  }
}