{
  "model": {
    "model_name": "Qwen/Qwen3-1.7B",
    "num_layers": 28,
    "parameters": {
      "total_parameters_bytes": 8126959616,
      "parameters_per_layer_bytes": [
        4686944.274443084,
        4686944.274443084,
        4686944.274443084,
        4686944.274443084,
        4686944.274443084,
        4686944.274443084,
        4686944.274443084,
        4686944.274443084,
        4686944.274443084,
        4686944.274443084,
        4686944.274443084,
        4686944.274443084,
        4686944.274443084,
        4686944.274443084,
        4686944.274443084,
        4686944.274443084,
        4686944.274443084,
        4686944.274443084,
        4686944.274443084,
        4686944.274443084,
        4686944.274443084,
        4686944.274443084,
        4686944.274443084,
        4686944.274443084,
        4686944.274443084,
        4686944.274443084,
        4686944.274443084,
        4686944.274443084
      ]
    }
  },
  "execution_time": {
    "total_time_ms": 433.9444020388087,
    "forward_backward_time_ms": 555.9575968008427,
    "batch_generator_time_ms": 0.21579164560388317,
    "layernorm_grads_all_reduce_time_ms": 0.0004655658250996388,
    "embedding_grads_all_reduce_time_ms": 0.0009311316501992776,
    "optimizer_time_ms": 36.529743168225906,
    "layer_compute_total_ms": [
      15.904779868061281,
      15.701832554774485,
      15.145845763121919,
      15.250941696987955,
      14.9369018340329,
      14.601602694949966,
      15.008684431617883,
      14.87122761803094,
      14.45025775024142,
      14.137205759841285,
      14.646584867959742,
      14.656070800856046,
      14.524097397526669,
      14.274359194551698,
      14.411496804849184,
      14.138494999473776,
      13.866726029513877,
      13.754413324962561,
      13.325846998813201,
      13.63707447725397,
      13.587720781972779,
      13.466909703403395,
      13.357156290656475,
      13.196442012705319,
      13.096125694478726,
      13.255771935834643,
      12.915800755278257,
      13.077098485753213
    ]
  },
  "execution_memory": {
    "total_memory": 88397.4453125,
    "layer_memory_total_mb": [
      71.51709403141913,
      71.51709403141913,
      71.51709403141913,
      71.51709403141913,
      71.51709403141913,
      71.51709403141913,
      71.51709403141913,
      71.51709403141913,
      71.51709403141913,
      71.51709403141913,
      71.51709403141913,
      71.51709403141913,
      71.51709403141913,
      71.51709403141913,
      71.51709403141913,
      71.51709403141913,
      71.51709403141913,
      71.51709403141913,
      71.51709403141913,
      71.51709403141913,
      71.51709403141913,
      71.51709403141913,
      71.51709403141913,
      71.51709403141913,
      71.51709403141913,
      71.51709403141913,
      71.51709403141913,
      71.51709403141913
    ]
  }
}