{
  "model": {
    "model_name": "Qwen/Qwen3-0.6B",
    "num_layers": 28,
    "parameters": {
      "total_parameters_bytes": 3006529536,
      "parameters_per_layer_bytes": [
        27537757.549234137,
        27537757.549234137,
        27537757.549234137,
        27537757.549234137,
        27537757.549234137,
        27537757.549234137,
        27537757.549234137,
        27537757.549234137,
        27537757.549234137,
        27537757.549234137,
        27537757.549234137,
        27537757.549234137,
        27537757.549234137,
        27537757.549234137,
        27537757.549234137,
        27537757.549234137,
        27537757.549234137,
        27537757.549234137,
        27537757.549234137,
        27537757.549234137,
        27537757.549234137,
        27537757.549234137,
        27537757.549234137,
        27537757.549234137,
        27537757.549234137,
        27537757.549234137,
        27537757.549234137,
        27537757.549234137
      ]
    }
  },
  "execution_time": {
    "total_time_ms": 4690.0214321699395,
    "forward_backward_time_ms": 5192.002880526503,
    "batch_generator_time_ms": 4.762542664319994,
    "layernorm_grads_all_reduce_time_ms": 0.0087527352297593,
    "embedding_grads_all_reduce_time_ms": 0.0175054704595186,
    "optimizer_time_ms": 642.7820723111776,
    "layer_compute_total_ms": [
      150.77778315645412,
      154.7157340295841,
      149.63069759615996,
      151.87577329320257,
      153.8944207817108,
      151.30494475411558,
      153.51268425517608,
      153.54012232120974,
      149.23909168687385,
      148.88445239950224,
      150.7529344652215,
      149.91674463838314,
      143.91780668014712,
      145.3320475914709,
      143.4670990173495,
      142.62120634917562,
      144.2125314147124,
      140.8725024096024,
      145.03945951748443,
      140.6029905908368,
      136.87604681269778,
      137.13441093460426,
      136.55061345482224,
      135.6092799713232,
      132.60693589038942,
      133.2658322701736,
      130.35262178418714,
      135.94379092218188
    ]
  },
  "execution_memory": {
    "total_memory": 28070.94140625,
    "layer_memory_total_mb": [
      420.19283369803065,
      420.19283369803065,
      420.19283369803065,
      420.19283369803065,
      420.19283369803065,
      420.19283369803065,
      420.19283369803065,
      420.19283369803065,
      420.19283369803065,
      420.19283369803065,
      420.19283369803065,
      420.19283369803065,
      420.19283369803065,
      420.19283369803065,
      420.19283369803065,
      420.19283369803065,
      420.19283369803065,
      420.19283369803065,
      420.19283369803065,
      420.19283369803065,
      420.19283369803065,
      420.19283369803065,
      420.19283369803065,
      420.19283369803065,
      420.19283369803065,
      420.19283369803065,
      420.19283369803065,
      420.19283369803065
    ]
  }
}