{
  "model": {
    "model_name": "Qwen/Qwen3-1.7B",
    "num_layers": 28,
    "parameters": {
      "total_parameters_bytes": 8126959616,
      "parameters_per_layer_bytes": [
        5235316.754552923,
        5235316.754552923,
        5235316.754552923,
        5235316.754552923,
        5235316.754552923,
        5235316.754552923,
        5235316.754552923,
        5235316.754552923,
        5235316.754552923,
        5235316.754552923,
        5235316.754552923,
        5235316.754552923,
        5235316.754552923,
        5235316.754552923,
        5235316.754552923,
        5235316.754552923,
        5235316.754552923,
        5235316.754552923,
        5235316.754552923,
        5235316.754552923,
        5235316.754552923,
        5235316.754552923,
        5235316.754552923,
        5235316.754552923,
        5235316.754552923,
        5235316.754552923,
        5235316.754552923,
        5235316.754552923
      ]
    }
  },
  "execution_time": {
    "total_time_ms": 347.1042324644429,
    "forward_backward_time_ms": 414.98485679912466,
    "batch_generator_time_ms": 0.22848227311880842,
    "layernorm_grads_all_reduce_time_ms": 0.0005200370266362965,
    "embedding_grads_all_reduce_time_ms": 0.001040074053272593,
    "optimizer_time_ms": 50.393062065589156,
    "layer_compute_total_ms": [
      11.827563003063156,
      11.89890847523358,
      11.551476696798783,
      11.533258149049834,
      11.282294253979561,
      10.871424803976288,
      10.949943406477397,
      10.653485801860281,
      10.468213497063786,
      10.637144580504959,
      10.318329498208449,
      10.461307262710005,
      10.470769199972967,
      10.34083963273888,
      10.358343975100734,
      10.338091581259018,
      10.338329719090451,
      10.513650328641244,
      10.375800603021004,
      10.508843093070464,
      10.37944734957383,
      10.370794961824744,
      10.39242761119017,
      10.115901068511937,
      9.84361835995755,
      9.806550112766187,
      9.801430485578098,
      10.072940503431626
    ]
  },
  "execution_memory": {
    "total_memory": 88397.4453125,
    "layer_memory_total_mb": [
      79.88459403309514,
      79.88459403309514,
      79.88459403309514,
      79.88459403309514,
      79.88459403309514,
      79.88459403309514,
      79.88459403309514,
      79.88459403309514,
      79.88459403309514,
      79.88459403309514,
      79.88459403309514,
      79.88459403309514,
      79.88459403309514,
      79.88459403309514,
      79.88459403309514,
      79.88459403309514,
      79.88459403309514,
      79.88459403309514,
      79.88459403309514,
      79.88459403309514,
      79.88459403309514,
      79.88459403309514,
      79.88459403309514,
      79.88459403309514,
      79.88459403309514,
      79.88459403309514,
      79.88459403309514,
      79.88459403309514
    ]
  }
}