{
  "model": {
    "model_name": "google-bert/bert-base-uncased",
    "num_layers": 12,
    "parameters": {
      "total_parameters_bytes": 433981440,
      "parameters_per_layer_bytes": [
        1489048.7394957982,
        1489048.7394957982,
        1489048.7394957982,
        1489048.7394957982,
        1489048.7394957982,
        1489048.7394957982,
        1489048.7394957982,
        1489048.7394957982,
        1489048.7394957982,
        1489048.7394957982,
        1489048.7394957982,
        1489048.7394957982
      ]
    }
  },
  "execution_time": {
    "total_time_ms": 60.638213235047985,
    "forward_backward_time_ms": 68.70678665675695,
    "batch_generator_time_ms": 7.2386627643860235,
    "layernorm_grads_all_reduce_time_ms": 0.0010504201680672268,
    "embedding_grads_all_reduce_time_ms": 0.0021008403361344537,
    "optimizer_time_ms": -0.1016058832533685,
    "layer_compute_total_ms": [
      4.6168561716857,
      4.698727231598929,
      4.502565716087579,
      4.350720574934292,
      4.307290415270763,
      4.339002140006735,
      4.391461344243335,
      4.344819709109563,
      4.417198029658102,
      4.504947321206486,
      4.437423307872221,
      4.586993131737426
    ]
  },
  "execution_memory": {
    "total_memory": 5280.732421875,
    "layer_memory_total_mb": [
      22.721080619747898,
      22.721080619747898,
      22.721080619747898,
      22.721080619747898,
      22.721080619747898,
      22.721080619747898,
      22.721080619747898,
      22.721080619747898,
      22.721080619747898,
      22.721080619747898,
      22.721080619747898,
      22.721080619747898
    ]
  }
}