{
  "model": {
    "model_name": "Qwen/Qwen3-0.6B",
    "num_layers": 28,
    "parameters": {
      "total_parameters_bytes": 3006529536,
      "parameters_per_layer_bytes": [
        2636564.3722642367,
        2636564.3722642367,
        2636564.3722642367,
        2636564.3722642367,
        2636564.3722642367,
        2636564.3722642367,
        2636564.3722642367,
        2636564.3722642367,
        2636564.3722642367,
        2636564.3722642367,
        2636564.3722642367,
        2636564.3722642367,
        2636564.3722642367,
        2636564.3722642367,
        2636564.3722642367,
        2636564.3722642367,
        2636564.3722642367,
        2636564.3722642367,
        2636564.3722642367,
        2636564.3722642367,
        2636564.3722642367,
        2636564.3722642367,
        2636564.3722642367,
        2636564.3722642367,
        2636564.3722642367,
        2636564.3722642367,
        2636564.3722642367,
        2636564.3722642367
      ]
    }
  },
  "execution_time": {
    "total_time_ms": 480.2927093611691,
    "forward_backward_time_ms": 600.8582357107949,
    "batch_generator_time_ms": 0.8289167676414123,
    "layernorm_grads_all_reduce_time_ms": 0.0008380184851793499,
    "embedding_grads_all_reduce_time_ms": 0.0016760369703586997,
    "optimizer_time_ms": 50.185066209526966,
    "layer_compute_total_ms": [
      15.752882846695096,
      15.5914260992132,
      15.322742004297917,
      15.388355794110947,
      15.450312701692905,
      15.341102173047517,
      15.333178655863579,
      15.4935034502815,
      15.494032470551014,
      15.76802667917861,
      15.89742943892726,
      15.572033491633015,
      15.70436768297303,
      15.930476028213269,
      15.437625739343037,
      15.49744669385304,
      15.750058533998162,
      15.326168536395036,
      15.239399274673499,
      15.522684731576845,
      15.16539378042716,
      14.85850361662963,
      14.57178146877272,
      14.412577628342403,
      14.575561005430501,
      14.440904277318571,
      15.090307595678384,
      15.347929929427364
    ]
  },
  "execution_memory": {
    "total_memory": 28070.94140625,
    "layer_memory_total_mb": [
      40.23077960608271,
      40.23077960608271,
      40.23077960608271,
      40.23077960608271,
      40.23077960608271,
      40.23077960608271,
      40.23077960608271,
      40.23077960608271,
      40.23077960608271,
      40.23077960608271,
      40.23077960608271,
      40.23077960608271,
      40.23077960608271,
      40.23077960608271,
      40.23077960608271,
      40.23077960608271,
      40.23077960608271,
      40.23077960608271,
      40.23077960608271,
      40.23077960608271,
      40.23077960608271,
      40.23077960608271,
      40.23077960608271,
      40.23077960608271,
      40.23077960608271,
      40.23077960608271,
      40.23077960608271,
      40.23077960608271
    ]
  }
}