{
  "model": {
    "model_name": "google-bert/bert-base-uncased",
    "num_layers": 12,
    "parameters": {
      "total_parameters_bytes": 433981440,
      "parameters_per_layer_bytes": [
        1489048.7394957982,
        1489048.7394957982,
        1489048.7394957982,
        1489048.7394957982,
        1489048.7394957982,
        1489048.7394957982,
        1489048.7394957982,
        1489048.7394957982,
        1489048.7394957982,
        1489048.7394957982,
        1489048.7394957982,
        1489048.7394957982
      ]
    }
  },
  "execution_time": {
    "total_time_ms": 48.6637103203058,
    "forward_backward_time_ms": 53.38449840913684,
    "batch_generator_time_ms": 7.014285138746559,
    "layernorm_grads_all_reduce_time_ms": 0.0010504201680672268,
    "embedding_grads_all_reduce_time_ms": 0.0021008403361344537,
    "optimizer_time_ms": 0.07884940928256162,
    "layer_compute_total_ms": [
      3.6624928312647613,
      3.474137158737911,
      3.5448092962686117,
      3.5193468999345554,
      3.5653356485645493,
      3.6410589805697073,
      3.3934024811190153,
      3.504999802913028,
      3.3238161113560727,
      3.257546625206464,
      3.346765428615691,
      3.33371324722211
    ]
  },
  "execution_memory": {
    "total_memory": 5280.732421875,
    "layer_memory_total_mb": [
      22.721080619747898,
      22.721080619747898,
      22.721080619747898,
      22.721080619747898,
      22.721080619747898,
      22.721080619747898,
      22.721080619747898,
      22.721080619747898,
      22.721080619747898,
      22.721080619747898,
      22.721080619747898,
      22.721080619747898
    ]
  }
}