{
  "model": {
    "model_name": "google-bert/bert-base-uncased",
    "num_layers": 12,
    "parameters": {
      "total_parameters_bytes": 433981440,
      "parameters_per_layer_bytes": [
        726961.2307692308,
        726961.2307692308,
        726961.2307692308,
        726961.2307692308,
        726961.2307692308,
        726961.2307692308,
        726961.2307692308,
        726961.2307692308,
        726961.2307692308,
        726961.2307692308,
        726961.2307692308,
        726961.2307692308
      ]
    }
  },
  "execution_time": {
    "total_time_ms": 61.50530546214073,
    "forward_backward_time_ms": 62.336229839368755,
    "batch_generator_time_ms": 7.512045743612525,
    "layernorm_grads_all_reduce_time_ms": 0.0005128205128205128,
    "embedding_grads_all_reduce_time_ms": 0.0010256410256410256,
    "optimizer_time_ms": 1.7371657783544072,
    "layer_compute_total_ms": [
      4.304236262284506,
      4.532559275573406,
      4.878569826803123,
      4.270891820525344,
      4.324924378008104,
      4.17971305096916,
      4.1910384741361035,
      4.532428242666169,
      4.259077589943981,
      4.219747820081046,
      4.107278577299812,
      4.454090160344584
    ]
  },
  "execution_memory": {
    "total_memory": 5280.732421875,
    "layer_memory_total_mb": [
      11.092548076923077,
      11.092548076923077,
      11.092548076923077,
      11.092548076923077,
      11.092548076923077,
      11.092548076923077,
      11.092548076923077,
      11.092548076923077,
      11.092548076923077,
      11.092548076923077,
      11.092548076923077,
      11.092548076923077
    ]
  }
}