{
  "model": {
    "model_name": "Qwen/Qwen3-1.7B",
    "num_layers": 28,
    "parameters": {
      "total_parameters_bytes": 8126959616,
      "parameters_per_layer_bytes": [
        29371845.368344273,
        29371845.368344273,
        29371845.368344273,
        29371845.368344273,
        29371845.368344273,
        29371845.368344273,
        29371845.368344273,
        29371845.368344273,
        29371845.368344273,
        29371845.368344273,
        29371845.368344273,
        29371845.368344273,
        29371845.368344273,
        29371845.368344273,
        29371845.368344273,
        29371845.368344273,
        29371845.368344273,
        29371845.368344273,
        29371845.368344273,
        29371845.368344273,
        29371845.368344273,
        29371845.368344273,
        29371845.368344273,
        29371845.368344273,
        29371845.368344273,
        29371845.368344273,
        29371845.368344273,
        29371845.368344273
      ]
    }
  },
  "execution_time": {
    "total_time_ms": 4015.55464252657,
    "forward_backward_time_ms": 4606.84192649608,
    "batch_generator_time_ms": 2.2415539000474083,
    "layernorm_grads_all_reduce_time_ms": 0.0029175784099197666,
    "embedding_grads_all_reduce_time_ms": 0.005835156819839533,
    "optimizer_time_ms": 426.4552625239807,
    "layer_compute_total_ms": [
      134.30647214145733,
      137.8708587205214,
      133.80984121342246,
      133.12417265093313,
      131.31695733042903,
      132.46399346728185,
      130.53636560807539,
      129.77301965659194,
      126.28152429171716,
      125.92276488057182,
      131.15285204532933,
      132.3072020427061,
      129.6208080604508,
      130.27454781463882,
      130.7413341783369,
      128.84965988149816,
      128.35350196819107,
      125.44207761039037,
      126.56775342924134,
      127.5520094478113,
      126.71527618601412,
      124.77652173924764,
      120.90903555746459,
      121.7472089727441,
      121.16998460686906,
      121.96528847685272,
      122.2122253777587,
      121.08581601076554
    ]
  },
  "execution_memory": {
    "total_memory": 88397.4453125,
    "layer_memory_total_mb": [
      448.1787928519329,
      448.1787928519329,
      448.1787928519329,
      448.1787928519329,
      448.1787928519329,
      448.1787928519329,
      448.1787928519329,
      448.1787928519329,
      448.1787928519329,
      448.1787928519329,
      448.1787928519329,
      448.1787928519329,
      448.1787928519329,
      448.1787928519329,
      448.1787928519329,
      448.1787928519329,
      448.1787928519329,
      448.1787928519329,
      448.1787928519329,
      448.1787928519329,
      448.1787928519329,
      448.1787928519329,
      448.1787928519329,
      448.1787928519329,
      448.1787928519329,
      448.1787928519329,
      448.1787928519329,
      448.1787928519329
    ]
  }
}