{
  "model": {
    "model_name": "google-bert/bert-base-uncased",
    "num_layers": 12,
    "parameters": {
      "total_parameters_bytes": 433981440,
      "parameters_per_layer_bytes": [
        737191.176011732,
        737191.176011732,
        737191.176011732,
        737191.176011732,
        737191.176011732,
        737191.176011732,
        737191.176011732,
        737191.176011732,
        737191.176011732,
        737191.176011732,
        737191.176011732,
        737191.176011732
      ]
    }
  },
  "execution_time": {
    "total_time_ms": 19.187322394226044,
    "forward_backward_time_ms": 23.574098329915472,
    "batch_generator_time_ms": 2.11741809290648,
    "layernorm_grads_all_reduce_time_ms": 0.0005200370266362965,
    "embedding_grads_all_reduce_time_ms": 0.001040074053272593,
    "optimizer_time_ms": 0.22610247883926932,
    "layer_compute_total_ms": [
      1.5192429301742052,
      1.4531042249758785,
      1.4613113253600523,
      1.420866544443237,
      1.3349090261702588,
      1.3960961730727612,
      1.3385400999802886,
      1.3522428939205595,
      1.3688997382305172,
      1.3563451863883749,
      1.3704366810742585,
      1.470246887609994
    ]
  },
  "execution_memory": {
    "total_memory": 5280.732421875,
    "layer_memory_total_mb": [
      11.248644653499328,
      11.248644653499328,
      11.248644653499328,
      11.248644653499328,
      11.248644653499328,
      11.248644653499328,
      11.248644653499328,
      11.248644653499328,
      11.248644653499328,
      11.248644653499328,
      11.248644653499328,
      11.248644653499328
    ]
  }
}