{
  "model": {
    "model_name": "Qwen/Qwen3-1.7B",
    "num_layers": 28,
    "parameters": {
      "total_parameters_bytes": 8126959616,
      "parameters_per_layer_bytes": [
        4806722.689075631,
        4806722.689075631,
        4806722.689075631,
        4806722.689075631,
        4806722.689075631,
        4806722.689075631,
        4806722.689075631,
        4806722.689075631,
        4806722.689075631,
        4806722.689075631,
        4806722.689075631,
        4806722.689075631,
        4806722.689075631,
        4806722.689075631,
        4806722.689075631,
        4806722.689075631,
        4806722.689075631,
        4806722.689075631,
        4806722.689075631,
        4806722.689075631,
        4806722.689075631,
        4806722.689075631,
        4806722.689075631,
        4806722.689075631,
        4806722.689075631,
        4806722.689075631,
        4806722.689075631,
        4806722.689075631
      ]
    }
  },
  "execution_time": {
    "total_time_ms": 445.03418025492647,
    "forward_backward_time_ms": 523.1518931883008,
    "batch_generator_time_ms": 0.2213063647231867,
    "layernorm_grads_all_reduce_time_ms": 0.0004774637127578305,
    "embedding_grads_all_reduce_time_ms": 0.000954927425515661,
    "optimizer_time_ms": 37.463288452193275,
    "layer_compute_total_ms": [
      16.31123857679052,
      16.103104791035513,
      15.5329093353662,
      15.64069107550722,
      15.318625685745438,
      14.974757722935284,
      15.392242742038158,
      15.251273115358543,
      14.819545043413099,
      14.498492772038396,
      15.020889449482365,
      15.030617802586184,
      14.895271718870857,
      14.639151266764266,
      14.779793532672336,
      14.499814959167214,
      14.221100727121392,
      14.105917786248385,
      13.666399122689986,
      13.985580255318833,
      13.93496528893415,
      13.81106679165147,
      13.698508547225407,
      13.533687094045655,
      13.430807116245708,
      13.59453323834523,
      13.245873836499369,
      13.411293652774548
    ]
  },
  "execution_memory": {
    "total_memory": 88397.4453125,
    "layer_memory_total_mb": [
      73.34476759453783,
      73.34476759453783,
      73.34476759453783,
      73.34476759453783,
      73.34476759453783,
      73.34476759453783,
      73.34476759453783,
      73.34476759453783,
      73.34476759453783,
      73.34476759453783,
      73.34476759453783,
      73.34476759453783,
      73.34476759453783,
      73.34476759453783,
      73.34476759453783,
      73.34476759453783,
      73.34476759453783,
      73.34476759453783,
      73.34476759453783,
      73.34476759453783,
      73.34476759453783,
      73.34476759453783,
      73.34476759453783,
      73.34476759453783,
      73.34476759453783,
      73.34476759453783,
      73.34476759453783,
      73.34476759453783
    ]
  }
}