{
  "model": {
    "model_name": "Qwen/Qwen3-0.6B",
    "num_layers": 28,
    "parameters": {
      "total_parameters_bytes": 3006529536,
      "parameters_per_layer_bytes": [
        62923776,
        62923776,
        62923776,
        62923776,
        62923776,
        62923776,
        62923776,
        62923776,
        62923776,
        62923776,
        62923776,
        62923776,
        62923776,
        62923776,
        62923776,
        62923776,
        62923776,
        62923776,
        62923776,
        62923776,
        62923776,
        62923776,
        62923776,
        62923776,
        62923776,
        62923776,
        62923776,
        62923776
      ]
    }
  },
  "execution_time": {
    "total_time_ms": 10464.3176059908,
    "forward_backward_time_ms": 8438.403616775759,
    "batch_generator_time_ms": 10.792978981044143,
    "layernorm_grads_all_reduce_time_ms": 0.02,
    "embedding_grads_all_reduce_time_ms": 0.04,
    "optimizer_time_ms": 2015.0610102339974,
    "layer_compute_total_ms": [
      316.62353350111516,
      314.0306847562897,
      334.33547150343657,
      304.65453775104834,
      323.94382901111385,
      319.40159975056304,
      322.14306750393007,
      315.71671299025184,
      301.59680875658523,
      295.67519573902246,
      299.93815397756407,
      300.9116140092374,
      283.44331774133025,
      303.50785225164145,
      291.1567372502759,
      294.598552507523,
      274.95333176193526,
      281.5066197508713,
      293.93493449606467,
      291.86481751094107,
      281.16792700166116,
      287.32758675323566,
      304.32171725988155,
      299.9297687492799,
      293.83622049499536,
      313.20367049920605,
      287.4085220028064,
      307.27083149395185
    ]
  },
  "execution_memory": {
    "total_memory": 28070.94140625,
    "layer_memory_total_mb": [
      960.140625,
      960.140625,
      960.140625,
      960.140625,
      960.140625,
      960.140625,
      960.140625,
      960.140625,
      960.140625,
      960.140625,
      960.140625,
      960.140625,
      960.140625,
      960.140625,
      960.140625,
      960.140625,
      960.140625,
      960.140625,
      960.140625,
      960.140625,
      960.140625,
      960.140625,
      960.140625,
      960.140625,
      960.140625,
      960.140625,
      960.140625,
      960.140625
    ]
  }
}