{
  "model": {
    "model_name": "google-bert/bert-base-uncased",
    "num_layers": 12,
    "parameters": {
      "total_parameters_bytes": 433981440,
      "parameters_per_layer_bytes": [
        1575082.6666666665,
        1575082.6666666665,
        1575082.6666666665,
        1575082.6666666665,
        1575082.6666666665,
        1575082.6666666665,
        1575082.6666666665,
        1575082.6666666665,
        1575082.6666666665,
        1575082.6666666665,
        1575082.6666666665,
        1575082.6666666665
      ]
    }
  },
  "execution_time": {
    "total_time_ms": 192.44850027704766,
    "forward_backward_time_ms": 244.51223074214997,
    "batch_generator_time_ms": 15.476631110585812,
    "layernorm_grads_all_reduce_time_ms": 0.0011111111111111111,
    "embedding_grads_all_reduce_time_ms": 0.0022222222222222222,
    "optimizer_time_ms": -13.745109360351536,
    "layer_compute_total_ms": [
      15.687476207353432,
      15.902508220784107,
      15.945018404131082,
      16.025162221922074,
      15.882222958478248,
      15.790892444783822,
      16.00639942949379,
      16.518760140267354,
      16.114911514806508,
      16.106539138288806,
      15.074978513843638,
      15.65877599932719
    ]
  },
  "execution_memory": {
    "total_memory": 5280.732421875,
    "layer_memory_total_mb": [
      24.033854166666664,
      24.033854166666664,
      24.033854166666664,
      24.033854166666664,
      24.033854166666664,
      24.033854166666664,
      24.033854166666664,
      24.033854166666664,
      24.033854166666664,
      24.033854166666664,
      24.033854166666664,
      24.033854166666664
    ]
  }
}