{
  "model": {
    "model_name": "Qwen/Qwen3-1.7B",
    "num_layers": 28,
    "parameters": {
      "total_parameters_bytes": 8126959616,
      "parameters_per_layer_bytes": [
        4686944.274443084,
        4686944.274443084,
        4686944.274443084,
        4686944.274443084,
        4686944.274443084,
        4686944.274443084,
        4686944.274443084,
        4686944.274443084,
        4686944.274443084,
        4686944.274443084,
        4686944.274443084,
        4686944.274443084,
        4686944.274443084,
        4686944.274443084,
        4686944.274443084,
        4686944.274443084,
        4686944.274443084,
        4686944.274443084,
        4686944.274443084,
        4686944.274443084,
        4686944.274443084,
        4686944.274443084,
        4686944.274443084,
        4686944.274443084,
        4686944.274443084,
        4686944.274443084,
        4686944.274443084,
        4686944.274443084
      ]
    }
  },
  "execution_time": {
    "total_time_ms": 517.5830375402737,
    "forward_backward_time_ms": 661.8741395359609,
    "batch_generator_time_ms": 0.26895858775974824,
    "layernorm_grads_all_reduce_time_ms": 0.0004655658250996388,
    "embedding_grads_all_reduce_time_ms": 0.0009311316501992776,
    "optimizer_time_ms": 44.444363620610794,
    "layer_compute_total_ms": [
      18.242127038479797,
      18.92846760589961,
      18.669380480346195,
      18.31837409267605,
      17.784320635829424,
      17.433852350012454,
      17.35127697030634,
      17.83438795132911,
      17.716875069630184,
      17.42275803753928,
      17.106529306491108,
      17.066363872722647,
      16.667469401742043,
      16.674782386483887,
      16.89783010280333,
      16.38487860916181,
      16.782128766631615,
      16.58292119215455,
      16.47310149471379,
      16.18177995805273,
      15.706236970754928,
      15.772894293526399,
      15.926539145842318,
      15.90170495106583,
      15.626116508460406,
      15.672417868080073,
      15.89729227177106,
      15.845511301920887
    ]
  },
  "execution_memory": {
    "total_memory": 88397.4453125,
    "layer_memory_total_mb": [
      71.51709403141913,
      71.51709403141913,
      71.51709403141913,
      71.51709403141913,
      71.51709403141913,
      71.51709403141913,
      71.51709403141913,
      71.51709403141913,
      71.51709403141913,
      71.51709403141913,
      71.51709403141913,
      71.51709403141913,
      71.51709403141913,
      71.51709403141913,
      71.51709403141913,
      71.51709403141913,
      71.51709403141913,
      71.51709403141913,
      71.51709403141913,
      71.51709403141913,
      71.51709403141913,
      71.51709403141913,
      71.51709403141913,
      71.51709403141913,
      71.51709403141913,
      71.51709403141913,
      71.51709403141913,
      71.51709403141913
    ]
  }
}