{
  "model": {
    "model_name": "google-bert/bert-base-uncased",
    "num_layers": 12,
    "parameters": {
      "total_parameters_bytes": 433981440,
      "parameters_per_layer_bytes": [
        28351488.0,
        28351488.0,
        28351488.0,
        28351488.0,
        28351488.0,
        28351488.0,
        28351488.0,
        28351488.0,
        28351488.0,
        28351488.0,
        28351488.0,
        28351488.0
      ]
    }
  },
  "execution_time": {
    "total_time_ms": 784.4973200117238,
    "forward_backward_time_ms": 681.2225755129475,
    "batch_generator_time_ms": 19.55256296787411,
    "layernorm_grads_all_reduce_time_ms": 0.02,
    "embedding_grads_all_reduce_time_ms": 0.04,
    "optimizer_time_ms": 83.66218153090216,
    "layer_compute_total_ms": [
      59.121735306689516,
      57.71127999469172,
      56.542426740634255,
      57.25152221566532,
      58.150562006630935,
      56.67114652169403,
      57.764542012591846,
      57.45662422850728,
      55.90798472985625,
      56.6519322746899,
      52.91763349669054,
      55.07518598460592
    ]
  },
  "execution_memory": {
    "total_memory": 5280.732421875,
    "layer_memory_total_mb": [
      432.609375,
      432.609375,
      432.609375,
      432.609375,
      432.609375,
      432.609375,
      432.609375,
      432.609375,
      432.609375,
      432.609375,
      432.609375,
      432.609375
    ]
  }
}