{
  "model": {
    "model_name": "google-bert/bert-base-uncased",
    "num_layers": 12,
    "parameters": {
      "total_parameters_bytes": 433981440,
      "parameters_per_layer_bytes": [
        676840.3361344539,
        676840.3361344539,
        676840.3361344539,
        676840.3361344539,
        676840.3361344539,
        676840.3361344539,
        676840.3361344539,
        676840.3361344539,
        676840.3361344539,
        676840.3361344539,
        676840.3361344539,
        676840.3361344539
      ]
    }
  },
  "execution_time": {
    "total_time_ms": 49.241105973236486,
    "forward_backward_time_ms": 56.48695375410383,
    "batch_generator_time_ms": 8.040186474274957,
    "layernorm_grads_all_reduce_time_ms": 0.0004774637127578305,
    "embedding_grads_all_reduce_time_ms": 0.000954927425515661,
    "optimizer_time_ms": -2.783640130323225,
    "layer_compute_total_ms": [
      3.5530057054597006,
      3.723394630108955,
      3.7163791954803513,
      3.7779229013721523,
      3.7579462254403295,
      3.729685453494468,
      3.748940305378003,
      3.5835032948588323,
      3.524501532860332,
      3.5744655275437194,
      3.57810408720457,
      3.7152783789450647
    ]
  },
  "execution_memory": {
    "total_memory": 5280.732421875,
    "layer_memory_total_mb": [
      10.327763918067228,
      10.327763918067228,
      10.327763918067228,
      10.327763918067228,
      10.327763918067228,
      10.327763918067228,
      10.327763918067228,
      10.327763918067228,
      10.327763918067228,
      10.327763918067228,
      10.327763918067228,
      10.327763918067228
    ]
  }
}