{
  "model": {
    "model_name": "Qwen/Qwen3-0.6B",
    "num_layers": 28,
    "parameters": {
      "total_parameters_bytes": 3006529536,
      "parameters_per_layer_bytes": [
        62923776,
        62923776,
        62923776,
        62923776,
        62923776,
        62923776,
        62923776,
        62923776,
        62923776,
        62923776,
        62923776,
        62923776,
        62923776,
        62923776,
        62923776,
        62923776,
        62923776,
        62923776,
        62923776,
        62923776,
        62923776,
        62923776,
        62923776,
        62923776,
        62923776,
        62923776,
        62923776,
        62923776
      ]
    }
  },
  "execution_time": {
    "total_time_ms": 10125.790959456936,
    "forward_backward_time_ms": 7742.724614829058,
    "batch_generator_time_ms": 8.503729943186045,
    "layernorm_grads_all_reduce_time_ms": 0.02,
    "embedding_grads_all_reduce_time_ms": 0.04,
    "optimizer_time_ms": 2374.5026146846917,
    "layer_compute_total_ms": [
      285.7751957781147,
      275.3752129501663,
      306.60683201858774,
      286.8570610007737,
      282.88974246243015,
      293.23448945069686,
      291.52292603976093,
      297.8107717644889,
      283.7632527225651,
      291.9419472164009,
      315.4062327812426,
      285.74930751346983,
      286.44569776952267,
      290.9799579938408,
      274.07234348356724,
      287.57984848925844,
      262.46059479308315,
      279.0681804763153,
      278.0799842439592,
      248.83581502945162,
      272.14336828910746,
      267.4538972787559,
      263.6589087487664,
      242.98756555072032,
      255.57957746786997,
      266.98835150455125,
      263.00658998661675,
      206.4509620249737
    ]
  },
  "execution_memory": {
    "total_memory": 28070.94140625,
    "layer_memory_total_mb": [
      960.140625,
      960.140625,
      960.140625,
      960.140625,
      960.140625,
      960.140625,
      960.140625,
      960.140625,
      960.140625,
      960.140625,
      960.140625,
      960.140625,
      960.140625,
      960.140625,
      960.140625,
      960.140625,
      960.140625,
      960.140625,
      960.140625,
      960.140625,
      960.140625,
      960.140625,
      960.140625,
      960.140625,
      960.140625,
      960.140625,
      960.140625,
      960.140625
    ]
  }
}