{
  "model": {
    "model_name": "google-bert/bert-base-uncased",
    "num_layers": 12,
    "parameters": {
      "total_parameters_bytes": 433981440,
      "parameters_per_layer_bytes": [
        737191.176011732,
        737191.176011732,
        737191.176011732,
        737191.176011732,
        737191.176011732,
        737191.176011732,
        737191.176011732,
        737191.176011732,
        737191.176011732,
        737191.176011732,
        737191.176011732,
        737191.176011732
      ]
    }
  },
  "execution_time": {
    "total_time_ms": 30.02047853795005,
    "forward_backward_time_ms": 37.07182765950922,
    "batch_generator_time_ms": 3.583682773095101,
    "layernorm_grads_all_reduce_time_ms": 0.0005200370266362965,
    "embedding_grads_all_reduce_time_ms": 0.001040074053272593,
    "optimizer_time_ms": -0.05030255798787627,
    "layer_compute_total_ms": [
      2.285691220446184,
      2.3262235558479096,
      2.2291088446417335,
      2.1539340735215062,
      2.1324328763964373,
      2.1481325664276634,
      2.174103820046207,
      2.151012700901902,
      2.186845415995565,
      2.230287918389848,
      2.1968584506507502,
      2.270906768497212
    ]
  },
  "execution_memory": {
    "total_memory": 5280.732421875,
    "layer_memory_total_mb": [
      11.248644653499328,
      11.248644653499328,
      11.248644653499328,
      11.248644653499328,
      11.248644653499328,
      11.248644653499328,
      11.248644653499328,
      11.248644653499328,
      11.248644653499328,
      11.248644653499328,
      11.248644653499328,
      11.248644653499328
    ]
  }
}