{
  "model": {
    "model_name": "google-bert/bert-base-uncased",
    "num_layers": 12,
    "parameters": {
      "total_parameters_bytes": 433981440,
      "parameters_per_layer_bytes": [
        865165.9444613975,
        865165.9444613975,
        865165.9444613975,
        865165.9444613975,
        865165.9444613975,
        865165.9444613975,
        865165.9444613975,
        865165.9444613975,
        865165.9444613975,
        865165.9444613975,
        865165.9444613975,
        865165.9444613975
      ]
    }
  },
  "execution_time": {
    "total_time_ms": 28.2745512511023,
    "forward_backward_time_ms": 30.961425789548905,
    "batch_generator_time_ms": 4.075434514547894,
    "layernorm_grads_all_reduce_time_ms": 0.0006103143118706132,
    "embedding_grads_all_reduce_time_ms": 0.0012206286237412265,
    "optimizer_time_ms": 0.04581302266524178,
    "layer_compute_total_ms": [
      2.1279787460262756,
      2.0185404791690518,
      2.0596023497392237,
      2.0448082079570926,
      2.0715285550402505,
      2.115525266708795,
      1.971632079356303,
      2.0364722687660675,
      1.931201060732976,
      1.8926972152557544,
      1.9445350552591623,
      1.9369514869425988
    ]
  },
  "execution_memory": {
    "total_memory": 5280.732421875,
    "layer_memory_total_mb": [
      13.201384650595054,
      13.201384650595054,
      13.201384650595054,
      13.201384650595054,
      13.201384650595054,
      13.201384650595054,
      13.201384650595054,
      13.201384650595054,
      13.201384650595054,
      13.201384650595054,
      13.201384650595054,
      13.201384650595054
    ]
  }
}