{
  "model": {
    "model_name": "google-bert/bert-base-uncased",
    "num_layers": 12,
    "parameters": {
      "total_parameters_bytes": 433981440,
      "parameters_per_layer_bytes": [
        315016.5333333333,
        315016.5333333333,
        315016.5333333333,
        315016.5333333333,
        315016.5333333333,
        315016.5333333333,
        315016.5333333333,
        315016.5333333333,
        315016.5333333333,
        315016.5333333333,
        315016.5333333333,
        315016.5333333333
      ]
    }
  },
  "execution_time": {
    "total_time_ms": 10.295078272206917,
    "forward_backward_time_ms": 11.415516210488326,
    "batch_generator_time_ms": 1.4839109893526055,
    "layernorm_grads_all_reduce_time_ms": 0.00022222222222222223,
    "embedding_grads_all_reduce_time_ms": 0.00044444444444444447,
    "optimizer_time_ms": 0.016681030585999703,
    "layer_compute_total_ms": [
      0.7748207056364562,
      0.7349730166929981,
      0.7499241000106041,
      0.744537388608377,
      0.7542665638741003,
      0.7702862554449692,
      0.7178931471167339,
      0.7415021805273783,
      0.7031717640024403,
      0.6891520860436786,
      0.7080268195649195,
      0.7052655580789886
    ]
  },
  "execution_memory": {
    "total_memory": 5280.732421875,
    "layer_memory_total_mb": [
      4.806770833333333,
      4.806770833333333,
      4.806770833333333,
      4.806770833333333,
      4.806770833333333,
      4.806770833333333,
      4.806770833333333,
      4.806770833333333,
      4.806770833333333,
      4.806770833333333,
      4.806770833333333,
      4.806770833333333
    ]
  }
}