{
  "model": {
    "model_name": "Qwen/Qwen3-0.6B",
    "num_layers": 28,
    "parameters": {
      "total_parameters_bytes": 3006529536,
      "parameters_per_layer_bytes": [
        3495765.333333333,
        3495765.333333333,
        3495765.333333333,
        3495765.333333333,
        3495765.333333333,
        3495765.333333333,
        3495765.333333333,
        3495765.333333333,
        3495765.333333333,
        3495765.333333333,
        3495765.333333333,
        3495765.333333333,
        3495765.333333333,
        3495765.333333333,
        3495765.333333333,
        3495765.333333333,
        3495765.333333333,
        3495765.333333333,
        3495765.333333333,
        3495765.333333333,
        3495765.333333333,
        3495765.333333333,
        3495765.333333333,
        3495765.333333333,
        3495765.333333333,
        3495765.333333333,
        3495765.333333333,
        3495765.333333333
      ]
    }
  },
  "execution_time": {
    "total_time_ms": 220.08002019396775,
    "forward_backward_time_ms": 287.00163313054713,
    "batch_generator_time_ms": 0.38092049847667414,
    "layernorm_grads_all_reduce_time_ms": 0.0011111111111111111,
    "embedding_grads_all_reduce_time_ms": 0.0022222222222222222,
    "optimizer_time_ms": -4.158588345068921,
    "layer_compute_total_ms": [
      8.74579933265017,
      8.274072598497797,
      8.240567985922098,
      8.358817527348744,
      8.122867346780064,
      7.722275626696905,
      7.661026208047082,
      7.431102598073064,
      7.505581094948057,
      7.3574040693023965,
      8.269028818176594,
      8.21674458307421,
      8.222985264890465,
      8.09110243103027,
      8.215059208547851,
      8.107676930699704,
      8.119062735608571,
      8.08002016613803,
      8.147172832751595,
      8.08337069530454,
      7.796899624130067,
      7.721284014729058,
      7.885337555004904,
      7.908135180413309,
      8.197378598399357,
      7.816220778396301,
      7.373725332500826,
      8.183635569164633
    ]
  },
  "execution_memory": {
    "total_memory": 28070.94140625,
    "layer_memory_total_mb": [
      53.34114583333333,
      53.34114583333333,
      53.34114583333333,
      53.34114583333333,
      53.34114583333333,
      53.34114583333333,
      53.34114583333333,
      53.34114583333333,
      53.34114583333333,
      53.34114583333333,
      53.34114583333333,
      53.34114583333333,
      53.34114583333333,
      53.34114583333333,
      53.34114583333333,
      53.34114583333333,
      53.34114583333333,
      53.34114583333333,
      53.34114583333333,
      53.34114583333333,
      53.34114583333333,
      53.34114583333333,
      53.34114583333333,
      53.34114583333333,
      53.34114583333333,
      53.34114583333333,
      53.34114583333333,
      53.34114583333333
    ]
  }
}