{
  "model": {
    "model_name": "google-bert/bert-base-uncased",
    "num_layers": 12,
    "parameters": {
      "total_parameters_bytes": 433981440,
      "parameters_per_layer_bytes": [
        737191.176011732,
        737191.176011732,
        737191.176011732,
        737191.176011732,
        737191.176011732,
        737191.176011732,
        737191.176011732,
        737191.176011732,
        737191.176011732,
        737191.176011732,
        737191.176011732,
        737191.176011732
      ]
    }
  },
  "execution_time": {
    "total_time_ms": 24.09219852149891,
    "forward_backward_time_ms": 28.804445979984347,
    "batch_generator_time_ms": 3.4725989641313424,
    "layernorm_grads_all_reduce_time_ms": 0.0005200370266362965,
    "embedding_grads_all_reduce_time_ms": 0.001040074053272593,
    "optimizer_time_ms": 0.03903639096227581,
    "layer_compute_total_ms": [
      1.813209551709389,
      1.719959320165211,
      1.7549473462758682,
      1.742341544061539,
      1.7651094352571846,
      1.802598182731838,
      1.6799895795112183,
      1.7352386514260465,
      1.6455390901489286,
      1.6127307077686008,
      1.6569007291138242,
      1.6504389171557345
    ]
  },
  "execution_memory": {
    "total_memory": 5280.732421875,
    "layer_memory_total_mb": [
      11.248644653499328,
      11.248644653499328,
      11.248644653499328,
      11.248644653499328,
      11.248644653499328,
      11.248644653499328,
      11.248644653499328,
      11.248644653499328,
      11.248644653499328,
      11.248644653499328,
      11.248644653499328,
      11.248644653499328
    ]
  }
}