{
  "model": {
    "model_name": "google-bert/bert-base-uncased",
    "num_layers": 12,
    "parameters": {
      "total_parameters_bytes": 433981440,
      "parameters_per_layer_bytes": [
        1575082.6666666665,
        1575082.6666666665,
        1575082.6666666665,
        1575082.6666666665,
        1575082.6666666665,
        1575082.6666666665,
        1575082.6666666665,
        1575082.6666666665,
        1575082.6666666665,
        1575082.6666666665,
        1575082.6666666665,
        1575082.6666666665
      ]
    }
  },
  "execution_time": {
    "total_time_ms": 51.475391361034575,
    "forward_backward_time_ms": 56.372380734427274,
    "batch_generator_time_ms": 7.419554946763027,
    "layernorm_grads_all_reduce_time_ms": 0.0011111111111111111,
    "embedding_grads_all_reduce_time_ms": 0.0022222222222222222,
    "optimizer_time_ms": 0.08340515292999852,
    "layer_compute_total_ms": [
      3.874103528182281,
      3.67486508346499,
      3.74962050005302,
      3.722686943041885,
      3.771332819370501,
      3.8514312772248456,
      3.589465735583669,
      3.707510902636891,
      3.5158588200122014,
      3.445760430218393,
      3.5401340978245974,
      3.5263277903949426
    ]
  },
  "execution_memory": {
    "total_memory": 5280.732421875,
    "layer_memory_total_mb": [
      24.033854166666664,
      24.033854166666664,
      24.033854166666664,
      24.033854166666664,
      24.033854166666664,
      24.033854166666664,
      24.033854166666664,
      24.033854166666664,
      24.033854166666664,
      24.033854166666664,
      24.033854166666664,
      24.033854166666664
    ]
  }
}