{
  "model": {
    "model_name": "google-bert/bert-base-uncased",
    "num_layers": 12,
    "parameters": {
      "total_parameters_bytes": 433981440,
      "parameters_per_layer_bytes": [
        28351488.0,
        28351488.0,
        28351488.0,
        28351488.0,
        28351488.0,
        28351488.0,
        28351488.0,
        28351488.0,
        28351488.0,
        28351488.0,
        28351488.0,
        28351488.0
      ]
    }
  },
  "execution_time": {
    "total_time_ms": 2124.336118984502,
    "forward_backward_time_ms": 2022.5286034401506,
    "batch_generator_time_ms": 136.46351697389036,
    "layernorm_grads_all_reduce_time_ms": 0.02,
    "embedding_grads_all_reduce_time_ms": 0.04,
    "optimizer_time_ms": -34.716001429539176,
    "layer_compute_total_ms": [
      168.08783874148503,
      167.70794399781153,
      169.65783025079872,
      167.08653200475965,
      166.20561997115146,
      166.49731174402405,
      174.85132823640015,
      167.47648023010697,
      169.93335749430116,
      165.03114775696304,
      166.05632849677932,
      173.93688451556955
    ]
  },
  "execution_memory": {
    "total_memory": 5280.732421875,
    "layer_memory_total_mb": [
      432.609375,
      432.609375,
      432.609375,
      432.609375,
      432.609375,
      432.609375,
      432.609375,
      432.609375,
      432.609375,
      432.609375,
      432.609375,
      432.609375
    ]
  }
}