{
  "model": {
    "model_name": "Qwen/Qwen3-1.7B",
    "num_layers": 28,
    "parameters": {
      "total_parameters_bytes": 8126959616,
      "parameters_per_layer_bytes": [
        88115536.10503282,
        88115536.10503282,
        88115536.10503282,
        88115536.10503282,
        88115536.10503282,
        88115536.10503282,
        88115536.10503282,
        88115536.10503282,
        88115536.10503282,
        88115536.10503282,
        88115536.10503282,
        88115536.10503282,
        88115536.10503282,
        88115536.10503282,
        88115536.10503282,
        88115536.10503282,
        88115536.10503282,
        88115536.10503282,
        88115536.10503282,
        88115536.10503282,
        88115536.10503282,
        88115536.10503282,
        88115536.10503282,
        88115536.10503282,
        88115536.10503282,
        88115536.10503282,
        88115536.10503282,
        88115536.10503282
      ]
    }
  },
  "execution_time": {
    "total_time_ms": 4298.833592555891,
    "forward_backward_time_ms": 4688.829958777119,
    "batch_generator_time_ms": 4.839576822573103,
    "layernorm_grads_all_reduce_time_ms": 0.0087527352297593,
    "embedding_grads_all_reduce_time_ms": 0.0175054704595186,
    "optimizer_time_ms": 643.2834794134232,
    "layer_compute_total_ms": [
      142.4407561236271,
      145.34660055749404,
      146.30247462037502,
      145.2371740779438,
      139.7329289937408,
      138.99688533924038,
      137.8123275655438,
      137.48893359012666,
      139.12426301683718,
      132.59345679202562,
      127.81407560667132,
      125.35953982651674,
      126.97924910642051,
      128.71924703950938,
      128.90367581599742,
      129.54336094835068,
      128.49339923904944,
      125.55568642288658,
      126.47476630245643,
      124.7436524123255,
      124.28193599957753,
      123.62049507890183,
      122.89077396727731,
      121.70123643903123,
      119.79768041106597,
      120.01331092655268,
      119.67782154567213,
      121.03857034898854
    ]
  },
  "execution_memory": {
    "total_memory": 88397.4453125,
    "layer_memory_total_mb": [
      1344.5363785557986,
      1344.5363785557986,
      1344.5363785557986,
      1344.5363785557986,
      1344.5363785557986,
      1344.5363785557986,
      1344.5363785557986,
      1344.5363785557986,
      1344.5363785557986,
      1344.5363785557986,
      1344.5363785557986,
      1344.5363785557986,
      1344.5363785557986,
      1344.5363785557986,
      1344.5363785557986,
      1344.5363785557986,
      1344.5363785557986,
      1344.5363785557986,
      1344.5363785557986,
      1344.5363785557986,
      1344.5363785557986,
      1344.5363785557986,
      1344.5363785557986,
      1344.5363785557986,
      1344.5363785557986,
      1344.5363785557986,
      1344.5363785557986,
      1344.5363785557986
    ]
  }
}