{
  "model": {
    "model_name": "Qwen/Qwen3-0.6B",
    "num_layers": 28,
    "parameters": {
      "total_parameters_bytes": 3006529536,
      "parameters_per_layer_bytes": [
        3304820.168067227,
        3304820.168067227,
        3304820.168067227,
        3304820.168067227,
        3304820.168067227,
        3304820.168067227,
        3304820.168067227,
        3304820.168067227,
        3304820.168067227,
        3304820.168067227,
        3304820.168067227,
        3304820.168067227,
        3304820.168067227,
        3304820.168067227,
        3304820.168067227,
        3304820.168067227,
        3304820.168067227,
        3304820.168067227,
        3304820.168067227,
        3304820.168067227,
        3304820.168067227,
        3304820.168067227,
        3304820.168067227,
        3304820.168067227,
        3304820.168067227,
        3304820.168067227,
        3304820.168067227,
        3304820.168067227
      ]
    }
  },
  "execution_time": {
    "total_time_ms": 717.1811116333491,
    "forward_backward_time_ms": 786.4251962044107,
    "batch_generator_time_ms": 1.0114689597257358,
    "layernorm_grads_all_reduce_time_ms": 0.0010504201680672268,
    "embedding_grads_all_reduce_time_ms": 0.0021008403361344537,
    "optimizer_time_ms": 103.82262846529744,
    "layer_compute_total_ms": [
      22.279187342370403,
      22.837242739711165,
      22.467093839921045,
      23.082502415674462,
      23.01621334099611,
      23.23645781229168,
      23.15524410534192,
      23.341464416529668,
      22.826831892194882,
      22.819351915812057,
      22.257138064889062,
      22.247893461664578,
      21.679448543311864,
      21.592558956598157,
      22.111421127314728,
      21.664469970361832,
      21.846947991343004,
      21.55264463060327,
      21.516852810221458,
      21.419025944408173,
      21.05650933614214,
      20.564656682561218,
      20.983202151711804,
      20.948121008961394,
      20.209633508142467,
      20.043621127512758,
      20.43617983154112,
      21.15194797968935
    ]
  },
  "execution_memory": {
    "total_memory": 28070.94140625,
    "layer_memory_total_mb": [
      50.42755383403362,
      50.42755383403362,
      50.42755383403362,
      50.42755383403362,
      50.42755383403362,
      50.42755383403362,
      50.42755383403362,
      50.42755383403362,
      50.42755383403362,
      50.42755383403362,
      50.42755383403362,
      50.42755383403362,
      50.42755383403362,
      50.42755383403362,
      50.42755383403362,
      50.42755383403362,
      50.42755383403362,
      50.42755383403362,
      50.42755383403362,
      50.42755383403362,
      50.42755383403362,
      50.42755383403362,
      50.42755383403362,
      50.42755383403362,
      50.42755383403362,
      50.42755383403362,
      50.42755383403362,
      50.42755383403362
    ]
  }
}