{
  "model": {
    "model_name": "google-bert/bert-base-uncased",
    "num_layers": 12,
    "parameters": {
      "total_parameters_bytes": 433981440,
      "parameters_per_layer_bytes": [
        1187953.5513170257,
        1187953.5513170257,
        1187953.5513170257,
        1187953.5513170257,
        1187953.5513170257,
        1187953.5513170257,
        1187953.5513170257,
        1187953.5513170257,
        1187953.5513170257,
        1187953.5513170257,
        1187953.5513170257,
        1187953.5513170257
      ]
    }
  },
  "execution_time": {
    "total_time_ms": 76.32682471609348,
    "forward_backward_time_ms": 98.70096202301377,
    "batch_generator_time_ms": 11.718614678157639,
    "layernorm_grads_all_reduce_time_ms": 0.0008380184851793499,
    "embedding_grads_all_reduce_time_ms": 0.0016760369703586997,
    "optimizer_time_ms": -5.910063995912424,
    "layer_compute_total_ms": [
      6.293583039091757,
      6.2544675601852004,
      5.818285307871106,
      6.081024299267575,
      6.12731178936433,
      5.716900260792606,
      5.512951733800435,
      5.760520243473864,
      5.676619737693204,
      5.5398435261612855,
      5.783691454811622,
      5.95056102587974
    ]
  },
  "execution_memory": {
    "total_memory": 5280.732421875,
    "layer_memory_total_mb": [
      18.126732655594264,
      18.126732655594264,
      18.126732655594264,
      18.126732655594264,
      18.126732655594264,
      18.126732655594264,
      18.126732655594264,
      18.126732655594264,
      18.126732655594264,
      18.126732655594264,
      18.126732655594264,
      18.126732655594264
    ]
  }
}