{
  "model": {
    "model_name": "Qwen/Qwen3-0.6B",
    "num_layers": 28,
    "parameters": {
      "total_parameters_bytes": 3006529536,
      "parameters_per_layer_bytes": [
        27537757.549234137,
        27537757.549234137,
        27537757.549234137,
        27537757.549234137,
        27537757.549234137,
        27537757.549234137,
        27537757.549234137,
        27537757.549234137,
        27537757.549234137,
        27537757.549234137,
        27537757.549234137,
        27537757.549234137,
        27537757.549234137,
        27537757.549234137,
        27537757.549234137,
        27537757.549234137,
        27537757.549234137,
        27537757.549234137,
        27537757.549234137,
        27537757.549234137,
        27537757.549234137,
        27537757.549234137,
        27537757.549234137,
        27537757.549234137,
        27537757.549234137,
        27537757.549234137,
        27537757.549234137,
        27537757.549234137
      ]
    }
  },
  "execution_time": {
    "total_time_ms": 1376.965934134555,
    "forward_backward_time_ms": 2149.6832343171973,
    "batch_generator_time_ms": 3.857101533863555,
    "layernorm_grads_all_reduce_time_ms": 0.0087527352297593,
    "embedding_grads_all_reduce_time_ms": 0.0175054704595186,
    "optimizer_time_ms": -300.64303635294124,
    "layer_compute_total_ms": [
      57.90664693666724,
      62.87207089377775,
      60.883270459671465,
      61.01100908208198,
      60.31133819124875,
      61.787086972280015,
      60.568565318205025,
      61.623180962444835,
      60.73929037143735,
      59.633284138644996,
      56.419468157989925,
      57.776560291089524,
      57.65882144869087,
      57.75906356177405,
      56.90014311476739,
      58.55985503010472,
      60.76373259933804,
      61.4767095226391,
      61.040067836628,
      59.92681947862831,
      60.306670787031976,
      61.06840274006299,
      60.54385328442225,
      60.69272866559722,
      60.65182144235497,
      57.553685781254515,
      57.6671533913482,
      59.62431028776209
    ]
  },
  "execution_memory": {
    "total_memory": 28070.94140625,
    "layer_memory_total_mb": [
      420.19283369803065,
      420.19283369803065,
      420.19283369803065,
      420.19283369803065,
      420.19283369803065,
      420.19283369803065,
      420.19283369803065,
      420.19283369803065,
      420.19283369803065,
      420.19283369803065,
      420.19283369803065,
      420.19283369803065,
      420.19283369803065,
      420.19283369803065,
      420.19283369803065,
      420.19283369803065,
      420.19283369803065,
      420.19283369803065,
      420.19283369803065,
      420.19283369803065,
      420.19283369803065,
      420.19283369803065,
      420.19283369803065,
      420.19283369803065,
      420.19283369803065,
      420.19283369803065,
      420.19283369803065,
      420.19283369803065
    ]
  }
}