{
  "model": {
    "model_name": "Qwen/Qwen3-1.7B",
    "num_layers": 28,
    "parameters": {
      "total_parameters_bytes": 8126959616,
      "parameters_per_layer_bytes": [
        12337254.901960785,
        12337254.901960785,
        12337254.901960785,
        12337254.901960785,
        12337254.901960785,
        12337254.901960785,
        12337254.901960785,
        12337254.901960785,
        12337254.901960785,
        12337254.901960785,
        12337254.901960785,
        12337254.901960785,
        12337254.901960785,
        12337254.901960785,
        12337254.901960785,
        12337254.901960785,
        12337254.901960785,
        12337254.901960785,
        12337254.901960785,
        12337254.901960785,
        12337254.901960785,
        12337254.901960785,
        12337254.901960785,
        12337254.901960785,
        12337254.901960785,
        12337254.901960785,
        12337254.901960785,
        12337254.901960785
      ]
    }
  },
  "execution_time": {
    "total_time_ms": 601.8893847420472,
    "forward_backward_time_ms": 610.7473805989107,
    "batch_generator_time_ms": 0.6776000636997267,
    "layernorm_grads_all_reduce_time_ms": 0.0012254901960784314,
    "embedding_grads_all_reduce_time_ms": 0.0024509803921568627,
    "optimizer_time_ms": 90.06757049385244,
    "layer_compute_total_ms": [
      19.94345145480931,
      20.35030528638933,
      20.484139369335594,
      20.334984238241518,
      19.564322472469225,
      19.46126734069634,
      19.295414735739435,
      19.25013561601957,
      19.479101776560842,
      18.564708870697217,
      17.895536933899752,
      17.551871844582767,
      17.778650993147725,
      18.02227202728425,
      18.048094316149147,
      18.137658073957187,
      17.990650567477203,
      17.579334771831853,
      17.70801721820545,
      17.46564005895611,
      17.400994102882024,
      17.30838426809379,
      17.20621436980568,
      17.039664538185438,
      16.773143366377802,
      16.80333428107677,
      16.75636165636402,
      16.946883164671494
    ]
  },
  "execution_memory": {
    "total_memory": 88397.4453125,
    "layer_memory_total_mb": [
      188.25157015931373,
      188.25157015931373,
      188.25157015931373,
      188.25157015931373,
      188.25157015931373,
      188.25157015931373,
      188.25157015931373,
      188.25157015931373,
      188.25157015931373,
      188.25157015931373,
      188.25157015931373,
      188.25157015931373,
      188.25157015931373,
      188.25157015931373,
      188.25157015931373,
      188.25157015931373,
      188.25157015931373,
      188.25157015931373,
      188.25157015931373,
      188.25157015931373,
      188.25157015931373,
      188.25157015931373,
      188.25157015931373,
      188.25157015931373,
      188.25157015931373,
      188.25157015931373,
      188.25157015931373,
      188.25157015931373
    ]
  }
}