{
  "model": {
    "model_name": "Qwen/Qwen3-0.6B",
    "num_layers": 28,
    "parameters": {
      "total_parameters_bytes": 3006529536,
      "parameters_per_layer_bytes": [
        27537757.549234137,
        27537757.549234137,
        27537757.549234137,
        27537757.549234137,
        27537757.549234137,
        27537757.549234137,
        27537757.549234137,
        27537757.549234137,
        27537757.549234137,
        27537757.549234137,
        27537757.549234137,
        27537757.549234137,
        27537757.549234137,
        27537757.549234137,
        27537757.549234137,
        27537757.549234137,
        27537757.549234137,
        27537757.549234137,
        27537757.549234137,
        27537757.549234137,
        27537757.549234137,
        27537757.549234137,
        27537757.549234137,
        27537757.549234137,
        27537757.549234137,
        27537757.549234137,
        27537757.549234137,
        27537757.549234137
      ]
    }
  },
  "execution_time": {
    "total_time_ms": 2884.351379004729,
    "forward_backward_time_ms": 3370.027488278211,
    "batch_generator_time_ms": 4.184533484255654,
    "layernorm_grads_all_reduce_time_ms": 0.0087527352297593,
    "embedding_grads_all_reduce_time_ms": 0.0175054704595186,
    "optimizer_time_ms": 256.2650199699067,
    "layer_compute_total_ms": [
      97.79142340924388,
      98.68222472071444,
      99.03239815585576,
      98.45126738936867,
      97.02676214294047,
      98.36364998298757,
      98.2753795299565,
      98.8985096393316,
      97.84820809027005,
      97.35454333929806,
      97.03733183900037,
      99.08461880857936,
      93.96980580042322,
      92.82928030083009,
      96.22819704758676,
      90.8737908055317,
      92.85837285912491,
      91.58000109143579,
      89.99408555550285,
      89.23896684294009,
      87.35706586710685,
      87.94980677567153,
      88.53261617722532,
      88.92266422278846,
      90.20272187921229,
      86.78981991402226,
      87.52439234123506,
      91.17766281669344
    ]
  },
  "execution_memory": {
    "total_memory": 28070.94140625,
    "layer_memory_total_mb": [
      420.19283369803065,
      420.19283369803065,
      420.19283369803065,
      420.19283369803065,
      420.19283369803065,
      420.19283369803065,
      420.19283369803065,
      420.19283369803065,
      420.19283369803065,
      420.19283369803065,
      420.19283369803065,
      420.19283369803065,
      420.19283369803065,
      420.19283369803065,
      420.19283369803065,
      420.19283369803065,
      420.19283369803065,
      420.19283369803065,
      420.19283369803065,
      420.19283369803065,
      420.19283369803065,
      420.19283369803065,
      420.19283369803065,
      420.19283369803065,
      420.19283369803065,
      420.19283369803065,
      420.19283369803065,
      420.19283369803065
    ]
  }
}