{
  "model": {
    "model_name": "Qwen/Qwen3-1.7B",
    "num_layers": 28,
    "parameters": {
      "total_parameters_bytes": 8126959616,
      "parameters_per_layer_bytes": [
        4026880.0,
        4026880.0,
        4026880.0,
        4026880.0,
        4026880.0,
        4026880.0,
        4026880.0,
        4026880.0,
        4026880.0,
        4026880.0,
        4026880.0,
        4026880.0,
        4026880.0,
        4026880.0,
        4026880.0,
        4026880.0,
        4026880.0,
        4026880.0,
        4026880.0,
        4026880.0,
        4026880.0,
        4026880.0,
        4026880.0,
        4026880.0,
        4026880.0,
        4026880.0,
        4026880.0,
        4026880.0
      ]
    }
  },
  "execution_time": {
    "total_time_ms": 577.4960770498728,
    "forward_backward_time_ms": 659.6775367752084,
    "batch_generator_time_ms": 0.34440689953044057,
    "layernorm_grads_all_reduce_time_ms": 0.0004,
    "embedding_grads_all_reduce_time_ms": 0.0008,
    "optimizer_time_ms": 68.97500649979217,
    "layer_compute_total_ms": [
      19.895491909992415,
      19.848806344671175,
      19.732778364559636,
      19.567981814907398,
      19.5206916105235,
      19.484871969907545,
      19.23275659995852,
      18.993634170037694,
      19.09168113488704,
      18.47309358534403,
      18.164645165088587,
      18.025310904777143,
      17.913574564736336,
      18.2438073301455,
      17.73520892020315,
      17.526408164703753,
      17.768180324928835,
      17.413845114933793,
      17.220702699851245,
      17.12573553522816,
      17.23938240436837,
      17.158527605060954,
      17.449554845225066,
      17.191798210551497,
      17.017927485576365,
      17.047942930075806,
      16.979158270114567,
      17.11196567019215
    ]
  },
  "execution_memory": {
    "total_memory": 88397.4453125,
    "layer_memory_total_mb": [
      61.4453125,
      61.4453125,
      61.4453125,
      61.4453125,
      61.4453125,
      61.4453125,
      61.4453125,
      61.4453125,
      61.4453125,
      61.4453125,
      61.4453125,
      61.4453125,
      61.4453125,
      61.4453125,
      61.4453125,
      61.4453125,
      61.4453125,
      61.4453125,
      61.4453125,
      61.4453125,
      61.4453125,
      61.4453125,
      61.4453125,
      61.4453125,
      61.4453125,
      61.4453125,
      61.4453125,
      61.4453125
    ]
  }
}