{
  "model": {
    "model_name": "Qwen/Qwen3-0.6B",
    "num_layers": 28,
    "parameters": {
      "total_parameters_bytes": 3006529536,
      "parameters_per_layer_bytes": [
        2945042.403819152,
        2945042.403819152,
        2945042.403819152,
        2945042.403819152,
        2945042.403819152,
        2945042.403819152,
        2945042.403819152,
        2945042.403819152,
        2945042.403819152,
        2945042.403819152,
        2945042.403819152,
        2945042.403819152,
        2945042.403819152,
        2945042.403819152,
        2945042.403819152,
        2945042.403819152,
        2945042.403819152,
        2945042.403819152,
        2945042.403819152,
        2945042.403819152,
        2945042.403819152,
        2945042.403819152,
        2945042.403819152,
        2945042.403819152,
        2945042.403819152,
        2945042.403819152,
        2945042.403819152,
        2945042.403819152
      ]
    }
  },
  "execution_time": {
    "total_time_ms": 639.1055118177932,
    "forward_backward_time_ms": 763.7905564639478,
    "batch_generator_time_ms": 0.9013558454169246,
    "layernorm_grads_all_reduce_time_ms": 0.0009360666479453338,
    "embedding_grads_all_reduce_time_ms": 0.0018721332958906677,
    "optimizer_time_ms": 92.5200246175823,
    "layer_compute_total_ms": [
      19.853773612221868,
      20.351076559210924,
      20.02122375325736,
      20.5696361506338,
      20.510563606316857,
      20.706831262100234,
      20.634458848905282,
      20.800406369499434,
      20.341799083936653,
      20.335133411825403,
      19.83412471943685,
      19.825886525793017,
      19.3193251083337,
      19.241894717477717,
      19.70427119086738,
      19.305977171004834,
      19.468589804136048,
      19.20632564666696,
      19.17443028674607,
      19.087253298770552,
      18.764201898350013,
      18.325894563136085,
      18.6988752676492,
      18.66761321775835,
      18.009520827250427,
      17.861581309924315,
      18.211404286836235,
      18.849250656804514
    ]
  },
  "execution_memory": {
    "total_memory": 28070.94140625,
    "layer_memory_total_mb": [
      44.93778081999439,
      44.93778081999439,
      44.93778081999439,
      44.93778081999439,
      44.93778081999439,
      44.93778081999439,
      44.93778081999439,
      44.93778081999439,
      44.93778081999439,
      44.93778081999439,
      44.93778081999439,
      44.93778081999439,
      44.93778081999439,
      44.93778081999439,
      44.93778081999439,
      44.93778081999439,
      44.93778081999439,
      44.93778081999439,
      44.93778081999439,
      44.93778081999439,
      44.93778081999439,
      44.93778081999439,
      44.93778081999439,
      44.93778081999439,
      44.93778081999439,
      44.93778081999439,
      44.93778081999439,
      44.93778081999439
    ]
  }
}