{
  "model": {
    "model_name": "Qwen/Qwen3-1.7B",
    "num_layers": 28,
    "parameters": {
      "total_parameters_bytes": 8126959616,
      "parameters_per_layer_bytes": [
        6144156.240463838,
        6144156.240463838,
        6144156.240463838,
        6144156.240463838,
        6144156.240463838,
        6144156.240463838,
        6144156.240463838,
        6144156.240463838,
        6144156.240463838,
        6144156.240463838,
        6144156.240463838,
        6144156.240463838,
        6144156.240463838,
        6144156.240463838,
        6144156.240463838,
        6144156.240463838,
        6144156.240463838,
        6144156.240463838,
        6144156.240463838,
        6144156.240463838,
        6144156.240463838,
        6144156.240463838,
        6144156.240463838,
        6144156.240463838,
        6144156.240463838,
        6144156.240463838,
        6144156.240463838,
        6144156.240463838
      ]
    }
  },
  "execution_time": {
    "total_time_ms": 210.0402582388841,
    "forward_backward_time_ms": 247.4722624533528,
    "batch_generator_time_ms": 1.7041925229058281,
    "layernorm_grads_all_reduce_time_ms": 0.0006103143118706132,
    "embedding_grads_all_reduce_time_ms": 0.0012206286237412265,
    "optimizer_time_ms": 15.29339586484519,
    "layer_compute_total_ms": [
      8.813317683582932,
      7.504446734560594,
      7.863269972665104,
      7.917543783739008,
      8.037686267586183,
      7.954433383972167,
      8.176527548191865,
      7.9881549576576765,
      7.601349641488529,
      7.750063198497094,
      6.882222092928984,
      6.693239671015883,
      6.798280241184003,
      6.34243588681882,
      6.412780539101818,
      6.380055210759012,
      6.064259353140553,
      6.396861375742362,
      6.003794483686287,
      6.13817764007548,
      6.171073077509715,
      6.577316592922072,
      6.157532430689174,
      5.874809741478374,
      5.803554812944296,
      5.824177456823731,
      6.14521467051735,
      6.768260458918406
    ]
  },
  "execution_memory": {
    "total_memory": 88397.4453125,
    "layer_memory_total_mb": [
      93.75238404028073,
      93.75238404028073,
      93.75238404028073,
      93.75238404028073,
      93.75238404028073,
      93.75238404028073,
      93.75238404028073,
      93.75238404028073,
      93.75238404028073,
      93.75238404028073,
      93.75238404028073,
      93.75238404028073,
      93.75238404028073,
      93.75238404028073,
      93.75238404028073,
      93.75238404028073,
      93.75238404028073,
      93.75238404028073,
      93.75238404028073,
      93.75238404028073,
      93.75238404028073,
      93.75238404028073,
      93.75238404028073,
      93.75238404028073,
      93.75238404028073,
      93.75238404028073,
      93.75238404028073,
      93.75238404028073
    ]
  }
}