{
  "model": {
    "model_name": "Qwen/Qwen3-1.7B",
    "num_layers": 28,
    "parameters": {
      "total_parameters_bytes": 8126959616,
      "parameters_per_layer_bytes": [
        8436499.69399755,
        8436499.69399755,
        8436499.69399755,
        8436499.69399755,
        8436499.69399755,
        8436499.69399755,
        8436499.69399755,
        8436499.69399755,
        8436499.69399755,
        8436499.69399755,
        8436499.69399755,
        8436499.69399755,
        8436499.69399755,
        8436499.69399755,
        8436499.69399755,
        8436499.69399755,
        8436499.69399755,
        8436499.69399755,
        8436499.69399755,
        8436499.69399755,
        8436499.69399755,
        8436499.69399755,
        8436499.69399755,
        8436499.69399755,
        8436499.69399755,
        8436499.69399755,
        8436499.69399755,
        8436499.69399755
      ]
    }
  },
  "execution_time": {
    "total_time_ms": 411.5858552448021,
    "forward_backward_time_ms": 489.23698104708626,
    "batch_generator_time_ms": 0.463358565214286,
    "layernorm_grads_all_reduce_time_ms": 0.0008380184851793499,
    "embedding_grads_all_reduce_time_ms": 0.0016760369703586997,
    "optimizer_time_ms": 61.59028381505871,
    "layer_compute_total_ms": [
      13.637792477564274,
      13.916008519374438,
      14.007527354706532,
      13.905531632981324,
      13.378535327662203,
      13.308063849640893,
      13.19465000984536,
      13.163687102561958,
      13.320259448573486,
      12.694976471783733,
      12.237381254299308,
      12.002375133091615,
      12.15745194982896,
      12.324045636696653,
      12.341703513901766,
      12.402949278972303,
      12.302422152533778,
      12.02115491669618,
      12.109150944019987,
      11.943407847513646,
      11.899201450468988,
      11.83587270764404,
      11.766006572714264,
      11.652115953231629,
      11.469862623599797,
      11.490507867995198,
      11.458386902904952,
      11.588669908266258
    ]
  },
  "execution_memory": {
    "total_memory": 88397.4453125,
    "layer_memory_total_mb": [
      128.73076925655442,
      128.73076925655442,
      128.73076925655442,
      128.73076925655442,
      128.73076925655442,
      128.73076925655442,
      128.73076925655442,
      128.73076925655442,
      128.73076925655442,
      128.73076925655442,
      128.73076925655442,
      128.73076925655442,
      128.73076925655442,
      128.73076925655442,
      128.73076925655442,
      128.73076925655442,
      128.73076925655442,
      128.73076925655442,
      128.73076925655442,
      128.73076925655442,
      128.73076925655442,
      128.73076925655442,
      128.73076925655442,
      128.73076925655442,
      128.73076925655442,
      128.73076925655442,
      128.73076925655442,
      128.73076925655442
    ]
  }
}