{
  "model": {
    "model_name": "google-bert/bert-base-uncased",
    "num_layers": 12,
    "parameters": {
      "total_parameters_bytes": 433981440,
      "parameters_per_layer_bytes": [
        315016.5333333333,
        315016.5333333333,
        315016.5333333333,
        315016.5333333333,
        315016.5333333333,
        315016.5333333333,
        315016.5333333333,
        315016.5333333333,
        315016.5333333333,
        315016.5333333333,
        315016.5333333333,
        315016.5333333333
      ]
    }
  },
  "execution_time": {
    "total_time_ms": 12.82835088883682,
    "forward_backward_time_ms": 14.69196977069534,
    "batch_generator_time_ms": 1.531379322598999,
    "layernorm_grads_all_reduce_time_ms": 0.00022222222222222223,
    "embedding_grads_all_reduce_time_ms": 0.00044444444444444447,
    "optimizer_time_ms": -0.021495289079379292,
    "layer_compute_total_ms": [
      0.9767215723210636,
      0.9940418498849289,
      0.9525427914923057,
      0.9204191082972102,
      0.9112312167417258,
      0.9179400082858694,
      0.9290380443821454,
      0.919170747349401,
      0.9344827831632251,
      0.95304663328635,
      0.9387615531320788,
      0.9704038803142289
    ]
  },
  "execution_memory": {
    "total_memory": 5280.732421875,
    "layer_memory_total_mb": [
      4.806770833333333,
      4.806770833333333,
      4.806770833333333,
      4.806770833333333,
      4.806770833333333,
      4.806770833333333,
      4.806770833333333,
      4.806770833333333,
      4.806770833333333,
      4.806770833333333,
      4.806770833333333,
      4.806770833333333
    ]
  }
}