{
  "model": {
    "model_name": "google-bert/bert-base-uncased",
    "num_layers": 12,
    "parameters": {
      "total_parameters_bytes": 433981440,
      "parameters_per_layer_bytes": [
        1737223.5294117646,
        1737223.5294117646,
        1737223.5294117646,
        1737223.5294117646,
        1737223.5294117646,
        1737223.5294117646,
        1737223.5294117646,
        1737223.5294117646,
        1737223.5294117646,
        1737223.5294117646,
        1737223.5294117646,
        1737223.5294117646
      ]
    }
  },
  "execution_time": {
    "total_time_ms": 239.9563643991189,
    "forward_backward_time_ms": 271.8990686622926,
    "batch_generator_time_ms": 20.6413756114118,
    "layernorm_grads_all_reduce_time_ms": 0.0012254901960784314,
    "embedding_grads_all_reduce_time_ms": 0.0024509803921568627,
    "optimizer_time_ms": -8.243713827519827,
    "layer_compute_total_ms": [
      19.109192078972494,
      19.31324930981146,
      19.345395249354837,
      19.355572793774268,
      18.658585875028603,
      18.963171585567704,
      19.1703756288417,
      19.176807107250365,
      18.573690671224075,
      18.667040119587053,
      18.55571181116758,
      18.666233914058573
    ]
  },
  "execution_memory": {
    "total_memory": 5280.732421875,
    "layer_memory_total_mb": [
      26.50792738970588,
      26.50792738970588,
      26.50792738970588,
      26.50792738970588,
      26.50792738970588,
      26.50792738970588,
      26.50792738970588,
      26.50792738970588,
      26.50792738970588,
      26.50792738970588,
      26.50792738970588,
      26.50792738970588
    ]
  }
}