{
  "model": {
    "model_name": "Qwen/Qwen3-1.7B",
    "num_layers": 28,
    "parameters": {
      "total_parameters_bytes": 8126959616,
      "parameters_per_layer_bytes": [
        12337254.901960785,
        12337254.901960785,
        12337254.901960785,
        12337254.901960785,
        12337254.901960785,
        12337254.901960785,
        12337254.901960785,
        12337254.901960785,
        12337254.901960785,
        12337254.901960785,
        12337254.901960785,
        12337254.901960785,
        12337254.901960785,
        12337254.901960785,
        12337254.901960785,
        12337254.901960785,
        12337254.901960785,
        12337254.901960785,
        12337254.901960785,
        12337254.901960785,
        12337254.901960785,
        12337254.901960785,
        12337254.901960785,
        12337254.901960785,
        12337254.901960785,
        12337254.901960785,
        12337254.901960785,
        12337254.901960785
      ]
    }
  },
  "execution_time": {
    "total_time_ms": 817.9664372244802,
    "forward_backward_time_ms": 834.8220598289447,
    "batch_generator_time_ms": 0.5384285567047568,
    "layernorm_grads_all_reduce_time_ms": 0.0012254901960784314,
    "embedding_grads_all_reduce_time_ms": 0.0024509803921568627,
    "optimizer_time_ms": 118.75347398088728,
    "layer_compute_total_ms": [
      27.87217402096847,
      28.040302773732428,
      27.221564459978254,
      27.17863164844839,
      26.58722415777875,
      25.618992172252653,
      25.804024723102508,
      25.105409298810304,
      24.668806938779216,
      25.066900489750253,
      24.31559868294725,
      24.652532092837717,
      24.674829565436298,
      24.368644808062385,
      24.409894563088493,
      24.362168903512522,
      24.362730085818374,
      24.775880836957594,
      24.451031876927956,
      24.764552374251128,
      24.459625596065568,
      24.43923586261186,
      24.49021415522307,
      23.8385671577014,
      23.196920942520556,
      23.109567982650262,
      23.097503355315624,
      23.737328690770607
    ]
  },
  "execution_memory": {
    "total_memory": 88397.4453125,
    "layer_memory_total_mb": [
      188.25157015931373,
      188.25157015931373,
      188.25157015931373,
      188.25157015931373,
      188.25157015931373,
      188.25157015931373,
      188.25157015931373,
      188.25157015931373,
      188.25157015931373,
      188.25157015931373,
      188.25157015931373,
      188.25157015931373,
      188.25157015931373,
      188.25157015931373,
      188.25157015931373,
      188.25157015931373,
      188.25157015931373,
      188.25157015931373,
      188.25157015931373,
      188.25157015931373,
      188.25157015931373,
      188.25157015931373,
      188.25157015931373,
      188.25157015931373,
      188.25157015931373,
      188.25157015931373,
      188.25157015931373,
      188.25157015931373
    ]
  }
}