{
  "model": {
    "model_name": "Qwen/Qwen3-0.6B",
    "num_layers": 28,
    "parameters": {
      "total_parameters_bytes": 3006529536,
      "parameters_per_layer_bytes": [
        62923776,
        62923776,
        62923776,
        62923776,
        62923776,
        62923776,
        62923776,
        62923776,
        62923776,
        62923776,
        62923776,
        62923776,
        62923776,
        62923776,
        62923776,
        62923776,
        62923776,
        62923776,
        62923776,
        62923776,
        62923776,
        62923776,
        62923776,
        62923776,
        62923776,
        62923776,
        62923776,
        62923776
      ]
    }
  },
  "execution_time": {
    "total_time_ms": 2819.2467500048224,
    "forward_backward_time_ms": 2536.4886119496077,
    "batch_generator_time_ms": 9.113400999922305,
    "layernorm_grads_all_reduce_time_ms": 0.02,
    "embedding_grads_all_reduce_time_ms": 0.04,
    "optimizer_time_ms": 273.58473705529235,
    "layer_compute_total_ms": [
      120.36627175984904,
      119.75470923789544,
      104.46096851228504,
      117.89495448465459,
      115.69156974292127,
      100.85490174969891,
      98.40737350168638,
      98.2220882360707,
      96.63648625428323,
      100.42454174981685,
      113.76573226152686,
      110.91838324500713,
      110.15816274448298,
      90.4122882639058,
      82.39831100217998,
      82.04509974166285,
      83.74049951089546,
      82.35068573412718,
      81.98631924460642,
      82.2075487303664,
      80.6578057599836,
      65.02645524597028,
      66.25592899945332,
      65.80740324716317,
      67.78101449162932,
      65.15847125410801,
      65.38671626185533,
      67.71792098152218
    ]
  },
  "execution_memory": {
    "total_memory": 28070.94140625,
    "layer_memory_total_mb": [
      960.140625,
      960.140625,
      960.140625,
      960.140625,
      960.140625,
      960.140625,
      960.140625,
      960.140625,
      960.140625,
      960.140625,
      960.140625,
      960.140625,
      960.140625,
      960.140625,
      960.140625,
      960.140625,
      960.140625,
      960.140625,
      960.140625,
      960.140625,
      960.140625,
      960.140625,
      960.140625,
      960.140625,
      960.140625,
      960.140625,
      960.140625,
      960.140625
    ]
  }
}