{
  "model": {
    "model_name": "Qwen/Qwen3-0.6B",
    "num_layers": 28,
    "parameters": {
      "total_parameters_bytes": 3006529536,
      "parameters_per_layer_bytes": [
        62923776,
        62923776,
        62923776,
        62923776,
        62923776,
        62923776,
        62923776,
        62923776,
        62923776,
        62923776,
        62923776,
        62923776,
        62923776,
        62923776,
        62923776,
        62923776,
        62923776,
        62923776,
        62923776,
        62923776,
        62923776,
        62923776,
        62923776,
        62923776,
        62923776,
        62923776,
        62923776,
        62923776
      ]
    }
  },
  "execution_time": {
    "total_time_ms": 3771.9356489833444,
    "forward_backward_time_ms": 2519.9148740503006,
    "batch_generator_time_ms": 6.369083013851196,
    "layernorm_grads_all_reduce_time_ms": 0.02,
    "embedding_grads_all_reduce_time_ms": 0.04,
    "optimizer_time_ms": 1245.5916919191927,
    "layer_compute_total_ms": [
      120.5254770029569,
      120.90313249791507,
      115.53602950880304,
      90.19139500742313,
      87.85256950068288,
      88.33382948068902,
      91.4969334990019,
      96.11156550818123,
      90.05180900567211,
      89.86865699989721,
      90.90627450495958,
      87.96711151080672,
      85.68283550266642,
      82.79368199873716,
      82.67342699400615,
      89.45022150874138,
      89.03151701088063,
      90.16998349397909,
      90.89984900492709,
      89.53528398706112,
      79.56146400829311,
      83.05494899104815,
      78.18588502414059,
      83.69948402105365,
      79.23368399497122,
      82.54693901108112,
      80.40664748114068,
      83.24423799058422
    ]
  },
  "execution_memory": {
    "total_memory": 28070.94140625,
    "layer_memory_total_mb": [
      960.140625,
      960.140625,
      960.140625,
      960.140625,
      960.140625,
      960.140625,
      960.140625,
      960.140625,
      960.140625,
      960.140625,
      960.140625,
      960.140625,
      960.140625,
      960.140625,
      960.140625,
      960.140625,
      960.140625,
      960.140625,
      960.140625,
      960.140625,
      960.140625,
      960.140625,
      960.140625,
      960.140625,
      960.140625,
      960.140625,
      960.140625,
      960.140625
    ]
  }
}