{
  "model": {
    "model_name": "Qwen/Qwen3-0.6B",
    "num_layers": 28,
    "parameters": {
      "total_parameters_bytes": 3006529536,
      "parameters_per_layer_bytes": [
        62923776,
        62923776,
        62923776,
        62923776,
        62923776,
        62923776,
        62923776,
        62923776,
        62923776,
        62923776,
        62923776,
        62923776,
        62923776,
        62923776,
        62923776,
        62923776,
        62923776,
        62923776,
        62923776,
        62923776,
        62923776,
        62923776,
        62923776,
        62923776,
        62923776,
        62923776,
        62923776,
        62923776
      ]
    }
  },
  "execution_time": {
    "total_time_ms": 10509.917617513565,
    "forward_backward_time_ms": 8897.496568810311,
    "batch_generator_time_ms": 17.722511023748666,
    "layernorm_grads_all_reduce_time_ms": 0.02,
    "embedding_grads_all_reduce_time_ms": 0.04,
    "optimizer_time_ms": 1594.6385376795056,
    "layer_compute_total_ms": [
      318.2440050150035,
      347.7756147622131,
      337.5592712473008,
      348.3137322618859,
      346.1178700090386,
      351.6415877529653,
      340.19342425017385,
      326.5109289859538,
      346.219054015819,
      326.525712494913,
      315.4545329962275,
      312.50847924820846,
      321.1449272421305,
      318.7494742523995,
      313.6592945083976,
      314.6627019959851,
      316.91682025120826,
      315.51773224782664,
      318.2790642385953,
      310.8759070019005,
      302.80196649982827,
      300.01638051180635,
      290.93900376028614,
      300.14435349585256,
      297.5298345045303,
      299.6108832448954,
      291.5618097613333,
      268.0222022536327
    ]
  },
  "execution_memory": {
    "total_memory": 28070.94140625,
    "layer_memory_total_mb": [
      960.140625,
      960.140625,
      960.140625,
      960.140625,
      960.140625,
      960.140625,
      960.140625,
      960.140625,
      960.140625,
      960.140625,
      960.140625,
      960.140625,
      960.140625,
      960.140625,
      960.140625,
      960.140625,
      960.140625,
      960.140625,
      960.140625,
      960.140625,
      960.140625,
      960.140625,
      960.140625,
      960.140625,
      960.140625,
      960.140625,
      960.140625,
      960.140625
    ]
  }
}