{
  "model": {
    "model_name": "Qwen/Qwen3-0.6B",
    "num_layers": 28,
    "parameters": {
      "total_parameters_bytes": 3006529536,
      "parameters_per_layer_bytes": [
        27537757.549234137,
        27537757.549234137,
        27537757.549234137,
        27537757.549234137,
        27537757.549234137,
        27537757.549234137,
        27537757.549234137,
        27537757.549234137,
        27537757.549234137,
        27537757.549234137,
        27537757.549234137,
        27537757.549234137,
        27537757.549234137,
        27537757.549234137,
        27537757.549234137,
        27537757.549234137,
        27537757.549234137,
        27537757.549234137,
        27537757.549234137,
        27537757.549234137,
        27537757.549234137,
        27537757.549234137,
        27537757.549234137,
        27537757.549234137,
        27537757.549234137,
        27537757.549234137,
        27537757.549234137,
        27537757.549234137
      ]
    }
  },
  "execution_time": {
    "total_time_ms": 1964.2155614864444,
    "forward_backward_time_ms": 2338.8290914309564,
    "batch_generator_time_ms": 4.273968918403892,
    "layernorm_grads_all_reduce_time_ms": 0.0087527352297593,
    "embedding_grads_all_reduce_time_ms": 0.0175054704595186,
    "optimizer_time_ms": 138.92232153192163,
    "layer_compute_total_ms": [
      72.58274791982836,
      67.03956159842006,
      65.91919267306072,
      66.48838742372745,
      66.92846477552902,
      67.61308074842209,
      68.29037636603051,
      70.09613895111185,
      70.46909944683668,
      69.32824026577732,
      67.94537352568713,
      70.58899037102319,
      69.06099890242076,
      66.78751794008959,
      68.29393271082213,
      67.36384420230254,
      66.18539365408412,
      65.73831280301115,
      63.39493917015481,
      63.18063468441033,
      60.89210513756555,
      60.20502155787807,
      56.21456006998849,
      58.28894496652352,
      57.84432329996581,
      54.65469508293274,
      57.61520438498962,
      61.982930197835955
    ]
  },
  "execution_memory": {
    "total_memory": 28070.94140625,
    "layer_memory_total_mb": [
      420.19283369803065,
      420.19283369803065,
      420.19283369803065,
      420.19283369803065,
      420.19283369803065,
      420.19283369803065,
      420.19283369803065,
      420.19283369803065,
      420.19283369803065,
      420.19283369803065,
      420.19283369803065,
      420.19283369803065,
      420.19283369803065,
      420.19283369803065,
      420.19283369803065,
      420.19283369803065,
      420.19283369803065,
      420.19283369803065,
      420.19283369803065,
      420.19283369803065,
      420.19283369803065,
      420.19283369803065,
      420.19283369803065,
      420.19283369803065,
      420.19283369803065,
      420.19283369803065,
      420.19283369803065,
      420.19283369803065
    ]
  }
}