{
  "model": {
    "model_name": "Qwen/Qwen3-0.6B",
    "num_layers": 28,
    "parameters": {
      "total_parameters_bytes": 3006529536,
      "parameters_per_layer_bytes": [
        3495765.333333333,
        3495765.333333333,
        3495765.333333333,
        3495765.333333333,
        3495765.333333333,
        3495765.333333333,
        3495765.333333333,
        3495765.333333333,
        3495765.333333333,
        3495765.333333333,
        3495765.333333333,
        3495765.333333333,
        3495765.333333333,
        3495765.333333333,
        3495765.333333333,
        3495765.333333333,
        3495765.333333333,
        3495765.333333333,
        3495765.333333333,
        3495765.333333333,
        3495765.333333333,
        3495765.333333333,
        3495765.333333333,
        3495765.333333333,
        3495765.333333333,
        3495765.333333333,
        3495765.333333333,
        3495765.333333333
      ]
    }
  },
  "execution_time": {
    "total_time_ms": 366.15238339032254,
    "forward_backward_time_ms": 427.04707895714694,
    "batch_generator_time_ms": 0.5312032784180094,
    "layernorm_grads_all_reduce_time_ms": 0.0011111111111111111,
    "embedding_grads_all_reduce_time_ms": 0.0022222222222222222,
    "optimizer_time_ms": 32.531420590624265,
    "layer_compute_total_ms": [
      12.414077916117902,
      12.527160193712916,
      12.571612765896134,
      12.497841443594854,
      12.317008416478831,
      12.486718900618143,
      12.475513456997254,
      12.554616362548485,
      12.421286415903724,
      12.35861841834978,
      12.318350180673102,
      12.578241887644657,
      11.928944791887059,
      11.784161415966485,
      12.21563501409643,
      11.535922888368885,
      11.78785455461669,
      11.625572360773932,
      11.42424919412911,
      11.328391068673227,
      11.089494194796618,
      11.164739360133858,
      11.238723775831103,
      11.288238208281756,
      11.450734416333336,
      11.017485472418937,
      11.110735361095673,
      11.574497752008028
    ]
  },
  "execution_memory": {
    "total_memory": 28070.94140625,
    "layer_memory_total_mb": [
      53.34114583333333,
      53.34114583333333,
      53.34114583333333,
      53.34114583333333,
      53.34114583333333,
      53.34114583333333,
      53.34114583333333,
      53.34114583333333,
      53.34114583333333,
      53.34114583333333,
      53.34114583333333,
      53.34114583333333,
      53.34114583333333,
      53.34114583333333,
      53.34114583333333,
      53.34114583333333,
      53.34114583333333,
      53.34114583333333,
      53.34114583333333,
      53.34114583333333,
      53.34114583333333,
      53.34114583333333,
      53.34114583333333,
      53.34114583333333,
      53.34114583333333,
      53.34114583333333,
      53.34114583333333,
      53.34114583333333
    ]
  }
}