{
  "model": {
    "model_name": "google-bert/bert-base-uncased",
    "num_layers": 12,
    "parameters": {
      "total_parameters_bytes": 433981440,
      "parameters_per_layer_bytes": [
        4135884.463894967,
        4135884.463894967,
        4135884.463894967,
        4135884.463894967,
        4135884.463894967,
        4135884.463894967,
        4135884.463894967,
        4135884.463894967,
        4135884.463894967,
        4135884.463894967,
        4135884.463894967,
        4135884.463894967
      ]
    }
  },
  "execution_time": {
    "total_time_ms": 154.61871860362726,
    "forward_backward_time_ms": 167.36301864340362,
    "batch_generator_time_ms": 11.863675560152808,
    "layernorm_grads_all_reduce_time_ms": 0.0029175784099197666,
    "embedding_grads_all_reduce_time_ms": 0.005835156819839533,
    "optimizer_time_ms": 12.438826341571232,
    "layer_compute_total_ms": [
      11.358952623052232,
      9.993613530055672,
      10.154685304438345,
      12.295827860376756,
      11.320539716957919,
      11.02160598261093,
      10.839702701094179,
      10.360966045626817,
      11.555076184727382,
      11.262894494467185,
      9.572685120985955,
      10.570914402280076
    ]
  },
  "execution_memory": {
    "total_memory": 5280.732421875,
    "layer_memory_total_mb": [
      63.1085886214442,
      63.1085886214442,
      63.1085886214442,
      63.1085886214442,
      63.1085886214442,
      63.1085886214442,
      63.1085886214442,
      63.1085886214442,
      63.1085886214442,
      63.1085886214442,
      63.1085886214442,
      63.1085886214442
    ]
  }
}