{
  "model": {
    "model_name": "google-bert/bert-base-uncased",
    "num_layers": 12,
    "parameters": {
      "total_parameters_bytes": 433981440,
      "parameters_per_layer_bytes": [
        1575082.6666666665,
        1575082.6666666665,
        1575082.6666666665,
        1575082.6666666665,
        1575082.6666666665,
        1575082.6666666665,
        1575082.6666666665,
        1575082.6666666665,
        1575082.6666666665,
        1575082.6666666665,
        1575082.6666666665,
        1575082.6666666665
      ]
    }
  },
  "execution_time": {
    "total_time_ms": 34.103182194586324,
    "forward_backward_time_ms": 31.885377543101313,
    "batch_generator_time_ms": 1.4469672783484888,
    "layernorm_grads_all_reduce_time_ms": 0.0011111111111111111,
    "embedding_grads_all_reduce_time_ms": 0.0022222222222222222,
    "optimizer_time_ms": 7.783055802991406,
    "layer_compute_total_ms": [
      2.0255596941246443,
      2.0062164993659177,
      2.062690694906956,
      2.0959136406114944,
      2.0517105569726684,
      2.0773599713316395,
      2.0663416257270404,
      1.994263874722593,
      2.1687919175342865,
      1.984934888443806,
      2.1224464443447584,
      2.2135959718272917
    ]
  },
  "execution_memory": {
    "total_memory": 5280.732421875,
    "layer_memory_total_mb": [
      24.033854166666664,
      24.033854166666664,
      24.033854166666664,
      24.033854166666664,
      24.033854166666664,
      24.033854166666664,
      24.033854166666664,
      24.033854166666664,
      24.033854166666664,
      24.033854166666664,
      24.033854166666664,
      24.033854166666664
    ]
  }
}