{
  "model": {
    "model_name": "google-bert/bert-base-uncased",
    "num_layers": 12,
    "parameters": {
      "total_parameters_bytes": 433981440,
      "parameters_per_layer_bytes": [
        28351488.0,
        28351488.0,
        28351488.0,
        28351488.0,
        28351488.0,
        28351488.0,
        28351488.0,
        28351488.0,
        28351488.0,
        28351488.0,
        28351488.0,
        28351488.0
      ]
    }
  },
  "execution_time": {
    "total_time_ms": 1882.360087998677,
    "forward_backward_time_ms": 1757.3143326299032,
    "batch_generator_time_ms": 136.54729502741247,
    "layernorm_grads_all_reduce_time_ms": 0.02,
    "embedding_grads_all_reduce_time_ms": 0.04,
    "optimizer_time_ms": -11.561539658638647,
    "layer_compute_total_ms": [
      146.2144089746289,
      143.4146387327928,
      144.30418622214347,
      147.6164749910822,
      146.8914862634847,
      148.46916621900164,
      145.10097025777213,
      147.17269098036923,
      147.18761923722923,
      144.00738375843503,
      149.26728897262365,
      147.66801802034024
    ]
  },
  "execution_memory": {
    "total_memory": 5280.732421875,
    "layer_memory_total_mb": [
      432.609375,
      432.609375,
      432.609375,
      432.609375,
      432.609375,
      432.609375,
      432.609375,
      432.609375,
      432.609375,
      432.609375,
      432.609375,
      432.609375
    ]
  }
}