{
  "model": {
    "model_name": "Qwen/Qwen3-1.7B",
    "num_layers": 28,
    "parameters": {
      "total_parameters_bytes": 8126959616,
      "parameters_per_layer_bytes": [
        5235316.754552923,
        5235316.754552923,
        5235316.754552923,
        5235316.754552923,
        5235316.754552923,
        5235316.754552923,
        5235316.754552923,
        5235316.754552923,
        5235316.754552923,
        5235316.754552923,
        5235316.754552923,
        5235316.754552923,
        5235316.754552923,
        5235316.754552923,
        5235316.754552923,
        5235316.754552923,
        5235316.754552923,
        5235316.754552923,
        5235316.754552923,
        5235316.754552923,
        5235316.754552923,
        5235316.754552923,
        5235316.754552923,
        5235316.754552923,
        5235316.754552923,
        5235316.754552923,
        5235316.754552923,
        5235316.754552923
      ]
    }
  },
  "execution_time": {
    "total_time_ms": 178.97124357723672,
    "forward_backward_time_ms": 230.231691002689,
    "batch_generator_time_ms": 1.4521095035628773,
    "layernorm_grads_all_reduce_time_ms": 0.0005200370266362965,
    "embedding_grads_all_reduce_time_ms": 0.001040074053272593,
    "optimizer_time_ms": 13.031206966701427,
    "layer_compute_total_ms": [
      7.509657620388902,
      6.394393987632236,
      6.700140332101768,
      6.746385997304317,
      6.848757085213247,
      6.777818912518537,
      6.967061056357645,
      6.806552413555338,
      6.476963081312446,
      6.603679028330311,
      5.86420839925538,
      5.703180130924275,
      5.792683170135308,
      5.404267008098348,
      5.4642063264159715,
      5.436321706776416,
      5.167238161419907,
      5.45064191506436,
      5.115717215056102,
      5.230222504739448,
      5.258252071047286,
      5.604404317088841,
      5.246714347657343,
      5.005811809735257,
      4.945096862621417,
      4.962669018797093,
      5.236218622340103,
      5.767103894004913
    ]
  },
  "execution_memory": {
    "total_memory": 88397.4453125,
    "layer_memory_total_mb": [
      79.88459403309514,
      79.88459403309514,
      79.88459403309514,
      79.88459403309514,
      79.88459403309514,
      79.88459403309514,
      79.88459403309514,
      79.88459403309514,
      79.88459403309514,
      79.88459403309514,
      79.88459403309514,
      79.88459403309514,
      79.88459403309514,
      79.88459403309514,
      79.88459403309514,
      79.88459403309514,
      79.88459403309514,
      79.88459403309514,
      79.88459403309514,
      79.88459403309514,
      79.88459403309514,
      79.88459403309514,
      79.88459403309514,
      79.88459403309514,
      79.88459403309514,
      79.88459403309514,
      79.88459403309514,
      79.88459403309514
    ]
  }
}