{
  "model": {
    "model_name": "Qwen/Qwen3-1.7B",
    "num_layers": 28,
    "parameters": {
      "total_parameters_bytes": 8126959616,
      "parameters_per_layer_bytes": [
        5162666.666666666,
        5162666.666666666,
        5162666.666666666,
        5162666.666666666,
        5162666.666666666,
        5162666.666666666,
        5162666.666666666,
        5162666.666666666,
        5162666.666666666,
        5162666.666666666,
        5162666.666666666,
        5162666.666666666,
        5162666.666666666,
        5162666.666666666,
        5162666.666666666,
        5162666.666666666,
        5162666.666666666,
        5162666.666666666,
        5162666.666666666,
        5162666.666666666,
        5162666.666666666,
        5162666.666666666,
        5162666.666666666,
        5162666.666666666,
        5162666.666666666,
        5162666.666666666,
        5162666.666666666,
        5162666.666666666
      ]
    }
  },
  "execution_time": {
    "total_time_ms": 570.1174451148687,
    "forward_backward_time_ms": 621.3565600129239,
    "batch_generator_time_ms": 0.2962577437313321,
    "layernorm_grads_all_reduce_time_ms": 0.0005128205128205128,
    "embedding_grads_all_reduce_time_ms": 0.0010256410256410256,
    "optimizer_time_ms": 48.95544328028181,
    "layer_compute_total_ms": [
      20.09369339084981,
      20.849697166853822,
      20.564312833579233,
      20.177679481163906,
      19.58941987779839,
      19.203379244292872,
      19.11242250673986,
      19.644568999632238,
      19.515128621909145,
      19.191158864906846,
      18.842833083069237,
      18.79859087878289,
      18.359208827650246,
      18.367264076518133,
      18.612951019372886,
      18.047935217439843,
      18.485506058100444,
      18.266079019014843,
      18.145112679727994,
      17.824222159479408,
      17.30041180771644,
      17.37383481388231,
      17.543074538340218,
      17.51571968578411,
      17.21215916040819,
      17.26316008381008,
      17.51085912184909,
      17.453822410644555
    ]
  },
  "execution_memory": {
    "total_memory": 88397.4453125,
    "layer_memory_total_mb": [
      78.77604166666666,
      78.77604166666666,
      78.77604166666666,
      78.77604166666666,
      78.77604166666666,
      78.77604166666666,
      78.77604166666666,
      78.77604166666666,
      78.77604166666666,
      78.77604166666666,
      78.77604166666666,
      78.77604166666666,
      78.77604166666666,
      78.77604166666666,
      78.77604166666666,
      78.77604166666666,
      78.77604166666666,
      78.77604166666666,
      78.77604166666666,
      78.77604166666666,
      78.77604166666666,
      78.77604166666666,
      78.77604166666666,
      78.77604166666666,
      78.77604166666666,
      78.77604166666666,
      78.77604166666666,
      78.77604166666666
    ]
  }
}