{
  "model": {
    "model_name": "google-bert/bert-base-uncased",
    "num_layers": 12,
    "parameters": {
      "total_parameters_bytes": 433981440,
      "parameters_per_layer_bytes": [
        676840.3361344539,
        676840.3361344539,
        676840.3361344539,
        676840.3361344539,
        676840.3361344539,
        676840.3361344539,
        676840.3361344539,
        676840.3361344539,
        676840.3361344539,
        676840.3361344539,
        676840.3361344539,
        676840.3361344539
      ]
    }
  },
  "execution_time": {
    "total_time_ms": 27.562824197749087,
    "forward_backward_time_ms": 31.230357571253162,
    "batch_generator_time_ms": 3.290301256539102,
    "layernorm_grads_all_reduce_time_ms": 0.0004774637127578305,
    "embedding_grads_all_reduce_time_ms": 0.000954927425515661,
    "optimizer_time_ms": -0.04618449238789477,
    "layer_compute_total_ms": [
      2.0985709871298637,
      2.1357851052722405,
      2.046620780039809,
      1.9776002613337693,
      1.9578592796685288,
      1.9722737000030617,
      1.9961187928378794,
      1.974918049595256,
      2.0078172862082284,
      2.04770332782113,
      2.017010594487373,
      2.0849968780624666
    ]
  },
  "execution_memory": {
    "total_memory": 5280.732421875,
    "layer_memory_total_mb": [
      10.327763918067228,
      10.327763918067228,
      10.327763918067228,
      10.327763918067228,
      10.327763918067228,
      10.327763918067228,
      10.327763918067228,
      10.327763918067228,
      10.327763918067228,
      10.327763918067228,
      10.327763918067228,
      10.327763918067228
    ]
  }
}