{
  "model": {
    "model_name": "google-bert/bert-base-uncased",
    "num_layers": 12,
    "parameters": {
      "total_parameters_bytes": 433981440,
      "parameters_per_layer_bytes": [
        4135884.463894967,
        4135884.463894967,
        4135884.463894967,
        4135884.463894967,
        4135884.463894967,
        4135884.463894967,
        4135884.463894967,
        4135884.463894967,
        4135884.463894967,
        4135884.463894967,
        4135884.463894967,
        4135884.463894967
      ]
    }
  },
  "execution_time": {
    "total_time_ms": 167.2011938730335,
    "forward_backward_time_ms": 205.46479487890565,
    "batch_generator_time_ms": 14.550179137116709,
    "layernorm_grads_all_reduce_time_ms": 0.0029175784099197666,
    "embedding_grads_all_reduce_time_ms": 0.005835156819839533,
    "optimizer_time_ms": -7.33093023808832,
    "layer_compute_total_ms": [
      13.092503977027864,
      14.172061456433266,
      13.93753668963488,
      13.174973342487524,
      12.762253536122024,
      13.004612684709086,
      14.702796064066565,
      14.373246649736002,
      12.125459006399236,
      13.734720096081755,
      13.044601893320783,
      11.848426842756357
    ]
  },
  "execution_memory": {
    "total_memory": 5280.732421875,
    "layer_memory_total_mb": [
      63.1085886214442,
      63.1085886214442,
      63.1085886214442,
      63.1085886214442,
      63.1085886214442,
      63.1085886214442,
      63.1085886214442,
      63.1085886214442,
      63.1085886214442,
      63.1085886214442,
      63.1085886214442,
      63.1085886214442
    ]
  }
}