{
  "model": {
    "model_name": "google-bert/bert-base-uncased",
    "num_layers": 12,
    "parameters": {
      "total_parameters_bytes": 433981440,
      "parameters_per_layer_bytes": [
        1489048.7394957982,
        1489048.7394957982,
        1489048.7394957982,
        1489048.7394957982,
        1489048.7394957982,
        1489048.7394957982,
        1489048.7394957982,
        1489048.7394957982,
        1489048.7394957982,
        1489048.7394957982,
        1489048.7394957982,
        1489048.7394957982
      ]
    }
  },
  "execution_time": {
    "total_time_ms": 205.67688377067338,
    "forward_backward_time_ms": 250.49651755414732,
    "batch_generator_time_ms": 17.6926076669244,
    "layernorm_grads_all_reduce_time_ms": 0.0010504201680672268,
    "embedding_grads_all_reduce_time_ms": 0.0021008403361344537,
    "optimizer_time_ms": -7.066040423588422,
    "layer_compute_total_ms": [
      16.37930749626214,
      16.554213694124112,
      16.58176735658986,
      16.590490966092233,
      15.993073607167375,
      16.254147073343745,
      16.431750539007172,
      16.437263234786027,
      15.920306289620637,
      16.00032010250319,
      15.904895838143641,
      15.999629069193062
    ]
  },
  "execution_memory": {
    "total_memory": 5280.732421875,
    "layer_memory_total_mb": [
      22.721080619747898,
      22.721080619747898,
      22.721080619747898,
      22.721080619747898,
      22.721080619747898,
      22.721080619747898,
      22.721080619747898,
      22.721080619747898,
      22.721080619747898,
      22.721080619747898,
      22.721080619747898,
      22.721080619747898
    ]
  }
}