{
  "model": {
    "model_name": "google-bert/bert-base-uncased",
    "num_layers": 12,
    "parameters": {
      "total_parameters_bytes": 433981440,
      "parameters_per_layer_bytes": [
        567029.76,
        567029.76,
        567029.76,
        567029.76,
        567029.76,
        567029.76,
        567029.76,
        567029.76,
        567029.76,
        567029.76,
        567029.76,
        567029.76
      ]
    }
  },
  "execution_time": {
    "total_time_ms": 18.53114088997245,
    "forward_backward_time_ms": 20.547929178878984,
    "batch_generator_time_ms": 2.6710397808346897,
    "layernorm_grads_all_reduce_time_ms": 0.0004,
    "embedding_grads_all_reduce_time_ms": 0.0008,
    "optimizer_time_ms": 0.030025855054799468,
    "layer_compute_total_ms": [
      1.3946772701456212,
      1.3229514300473966,
      1.3498633800190873,
      1.3401672994950786,
      1.3576798149733804,
      1.3865152598009445,
      1.292207664810121,
      1.334703924949281,
      1.2657091752043925,
      1.2404737548786215,
      1.274448275216855,
      1.2694780045421794
    ]
  },
  "execution_memory": {
    "total_memory": 5280.732421875,
    "layer_memory_total_mb": [
      8.6521875,
      8.6521875,
      8.6521875,
      8.6521875,
      8.6521875,
      8.6521875,
      8.6521875,
      8.6521875,
      8.6521875,
      8.6521875,
      8.6521875,
      8.6521875
    ]
  }
}