{
  "model": {
    "model_name": "Qwen/Qwen3-1.7B",
    "num_layers": 28,
    "parameters": {
      "total_parameters_bytes": 8126959616,
      "parameters_per_layer_bytes": [
        8436499.69399755,
        8436499.69399755,
        8436499.69399755,
        8436499.69399755,
        8436499.69399755,
        8436499.69399755,
        8436499.69399755,
        8436499.69399755,
        8436499.69399755,
        8436499.69399755,
        8436499.69399755,
        8436499.69399755,
        8436499.69399755,
        8436499.69399755,
        8436499.69399755,
        8436499.69399755,
        8436499.69399755,
        8436499.69399755,
        8436499.69399755,
        8436499.69399755,
        8436499.69399755,
        8436499.69399755,
        8436499.69399755,
        8436499.69399755,
        8436499.69399755,
        8436499.69399755,
        8436499.69399755,
        8436499.69399755
      ]
    }
  },
  "execution_time": {
    "total_time_ms": 288.4048687905337,
    "forward_backward_time_ms": 371.00899176798583,
    "batch_generator_time_ms": 2.340015314604458,
    "layernorm_grads_all_reduce_time_ms": 0.0008380184851793499,
    "embedding_grads_all_reduce_time_ms": 0.0016760369703586997,
    "optimizer_time_ms": 20.99925921223149,
    "layer_compute_total_ms": [
      12.101507356042996,
      10.304305441126257,
      10.797003220933917,
      10.871526226631849,
      11.036493064802013,
      10.922179089107761,
      11.227135095294328,
      10.968481955594998,
      10.437362172213433,
      10.641559759171498,
      9.449932962094616,
      9.190442467022109,
      9.334672968884115,
      8.708756145547921,
      8.805345915442034,
      8.760410986748031,
      8.326793814284542,
      8.783487419083125,
      8.243769907879127,
      8.428290517932863,
      8.47345902227853,
      9.031269266571098,
      8.45486645101452,
      8.06666182410337,
      7.968822159998705,
      7.997138973889677,
      8.43795301719981,
      9.293453007349012
    ]
  },
  "execution_memory": {
    "total_memory": 88397.4453125,
    "layer_memory_total_mb": [
      128.73076925655442,
      128.73076925655442,
      128.73076925655442,
      128.73076925655442,
      128.73076925655442,
      128.73076925655442,
      128.73076925655442,
      128.73076925655442,
      128.73076925655442,
      128.73076925655442,
      128.73076925655442,
      128.73076925655442,
      128.73076925655442,
      128.73076925655442,
      128.73076925655442,
      128.73076925655442,
      128.73076925655442,
      128.73076925655442,
      128.73076925655442,
      128.73076925655442,
      128.73076925655442,
      128.73076925655442,
      128.73076925655442,
      128.73076925655442,
      128.73076925655442,
      128.73076925655442,
      128.73076925655442,
      128.73076925655442
    ]
  }
}