{
  "model": {
    "model_name": "Qwen/Qwen3-1.7B",
    "num_layers": 28,
    "parameters": {
      "total_parameters_bytes": 8126959616,
      "parameters_per_layer_bytes": [
        3413420.133591021,
        3413420.133591021,
        3413420.133591021,
        3413420.133591021,
        3413420.133591021,
        3413420.133591021,
        3413420.133591021,
        3413420.133591021,
        3413420.133591021,
        3413420.133591021,
        3413420.133591021,
        3413420.133591021,
        3413420.133591021,
        3413420.133591021,
        3413420.133591021,
        3413420.133591021,
        3413420.133591021,
        3413420.133591021,
        3413420.133591021,
        3413420.133591021,
        3413420.133591021,
        3413420.133591021,
        3413420.133591021,
        3413420.133591021,
        3413420.133591021,
        3413420.133591021,
        3413420.133591021,
        3413420.133591021
      ]
    }
  },
  "execution_time": {
    "total_time_ms": 466.66373503067905,
    "forward_backward_time_ms": 534.3784649539032,
    "batch_generator_time_ms": 0.26049998278955994,
    "layernorm_grads_all_reduce_time_ms": 0.0003390635065947852,
    "embedding_grads_all_reduce_time_ms": 0.0006781270131895704,
    "optimizer_time_ms": 49.56007907981364,
    "layer_compute_total_ms": [
      15.608294621260807,
      16.02252630334612,
      15.550579146204369,
      15.470894848305472,
      15.26087109653292,
      15.394172773509256,
      15.17015539693074,
      15.08144389763567,
      14.675683196346947,
      14.633990324082319,
      15.241799762159367,
      15.37595141224613,
      15.063754776631576,
      15.139728499463414,
      15.19397561781608,
      14.974136549141656,
      14.916476045026778,
      14.578127725548875,
      14.708947034168263,
      14.823331379729874,
      14.726091246314832,
      14.50078080430174,
      14.051324699868097,
      14.148732199304254,
      14.08165063710181,
      14.174076094477085,
      14.202773623648591,
      14.071869066453017
    ]
  },
  "execution_memory": {
    "total_memory": 88397.4453125,
    "layer_memory_total_mb": [
      52.08465780015596,
      52.08465780015596,
      52.08465780015596,
      52.08465780015596,
      52.08465780015596,
      52.08465780015596,
      52.08465780015596,
      52.08465780015596,
      52.08465780015596,
      52.08465780015596,
      52.08465780015596,
      52.08465780015596,
      52.08465780015596,
      52.08465780015596,
      52.08465780015596,
      52.08465780015596,
      52.08465780015596,
      52.08465780015596,
      52.08465780015596,
      52.08465780015596,
      52.08465780015596,
      52.08465780015596,
      52.08465780015596,
      52.08465780015596,
      52.08465780015596,
      52.08465780015596,
      52.08465780015596,
      52.08465780015596
    ]
  }
}