{
  "model": {
    "model_name": "Qwen/Qwen3-1.7B",
    "num_layers": 28,
    "parameters": {
      "total_parameters_bytes": 8126959616,
      "parameters_per_layer_bytes": [
        12337254.901960785,
        12337254.901960785,
        12337254.901960785,
        12337254.901960785,
        12337254.901960785,
        12337254.901960785,
        12337254.901960785,
        12337254.901960785,
        12337254.901960785,
        12337254.901960785,
        12337254.901960785,
        12337254.901960785,
        12337254.901960785,
        12337254.901960785,
        12337254.901960785,
        12337254.901960785,
        12337254.901960785,
        12337254.901960785,
        12337254.901960785,
        12337254.901960785,
        12337254.901960785,
        12337254.901960785,
        12337254.901960785,
        12337254.901960785,
        12337254.901960785,
        12337254.901960785,
        12337254.901960785,
        12337254.901960785
      ]
    }
  },
  "execution_time": {
    "total_time_ms": 1769.2894517459338,
    "forward_backward_time_ms": 1860.3078964812744,
    "batch_generator_time_ms": 1.0551681970908104,
    "layernorm_grads_all_reduce_time_ms": 0.0012254901960784314,
    "embedding_grads_all_reduce_time_ms": 0.0024509803921568627,
    "optimizer_time_ms": 211.32048559985347,
    "layer_compute_total_ms": [
      60.954325704633625,
      60.811293948134725,
      60.455816067891035,
      59.95092467802512,
      59.80604047341758,
      59.69629892741282,
      58.92388664202978,
      58.191281158203715,
      58.49167014364902,
      56.59648770019617,
      55.65148641264885,
      55.224604487675066,
      54.88227501451083,
      55.89401755559283,
      54.335811642779255,
      53.69610344578356,
      54.43682697588491,
      53.351241160949115,
      52.759505820622685,
      52.46855249763529,
      52.81673530750113,
      52.569018397858315,
      53.46064597189052,
      52.67095039997395,
      52.13825822786876,
      52.23021731028126,
      52.01947999422355,
      52.426365411127904
    ]
  },
  "execution_memory": {
    "total_memory": 88397.4453125,
    "layer_memory_total_mb": [
      188.25157015931373,
      188.25157015931373,
      188.25157015931373,
      188.25157015931373,
      188.25157015931373,
      188.25157015931373,
      188.25157015931373,
      188.25157015931373,
      188.25157015931373,
      188.25157015931373,
      188.25157015931373,
      188.25157015931373,
      188.25157015931373,
      188.25157015931373,
      188.25157015931373,
      188.25157015931373,
      188.25157015931373,
      188.25157015931373,
      188.25157015931373,
      188.25157015931373,
      188.25157015931373,
      188.25157015931373,
      188.25157015931373,
      188.25157015931373,
      188.25157015931373,
      188.25157015931373,
      188.25157015931373,
      188.25157015931373
    ]
  }
}