{
  "model": {
    "model_name": "Qwen/Qwen3-0.6B",
    "num_layers": 28,
    "parameters": {
      "total_parameters_bytes": 3006529536,
      "parameters_per_layer_bytes": [
        62923776,
        62923776,
        62923776,
        62923776,
        62923776,
        62923776,
        62923776,
        62923776,
        62923776,
        62923776,
        62923776,
        62923776,
        62923776,
        62923776,
        62923776,
        62923776,
        62923776,
        62923776,
        62923776,
        62923776,
        62923776,
        62923776,
        62923776,
        62923776,
        62923776,
        62923776,
        62923776,
        62923776
      ]
    }
  },
  "execution_time": {
    "total_time_ms": 6773.070701499819,
    "forward_backward_time_ms": 5890.118084280402,
    "batch_generator_time_ms": 11.721565999323502,
    "layernorm_grads_all_reduce_time_ms": 0.02,
    "embedding_grads_all_reduce_time_ms": 0.04,
    "optimizer_time_ms": 871.171051220093,
    "layer_compute_total_ms": [
      252.42903824982932,
      240.5376172537217,
      244.0916655032197,
      243.11178000061773,
      221.27581224776804,
      230.927559256088,
      218.1083139948896,
      224.20252249139594,
      235.89687125058845,
      221.44731875596335,
      214.8893957491964,
      213.80062151001766,
      201.4097249993938,
      206.12738975614775,
      204.28854449710343,
      207.323622504191,
      203.01656449737493,
      200.0571957541979,
      194.78461200196762,
      198.70220949087525,
      195.60397474560887,
      191.92628075688845,
      171.58722724707332,
      184.21414101612754,
      203.5589709848864,
      191.39460474980297,
      183.20328501431504,
      192.20122000115225
    ]
  },
  "execution_memory": {
    "total_memory": 28070.94140625,
    "layer_memory_total_mb": [
      960.140625,
      960.140625,
      960.140625,
      960.140625,
      960.140625,
      960.140625,
      960.140625,
      960.140625,
      960.140625,
      960.140625,
      960.140625,
      960.140625,
      960.140625,
      960.140625,
      960.140625,
      960.140625,
      960.140625,
      960.140625,
      960.140625,
      960.140625,
      960.140625,
      960.140625,
      960.140625,
      960.140625,
      960.140625,
      960.140625,
      960.140625,
      960.140625
    ]
  }
}