{
  "model": {
    "model_name": "Qwen/Qwen3-1.7B",
    "num_layers": 28,
    "parameters": {
      "total_parameters_bytes": 8126959616,
      "parameters_per_layer_bytes": [
        4686944.274443084,
        4686944.274443084,
        4686944.274443084,
        4686944.274443084,
        4686944.274443084,
        4686944.274443084,
        4686944.274443084,
        4686944.274443084,
        4686944.274443084,
        4686944.274443084,
        4686944.274443084,
        4686944.274443084,
        4686944.274443084,
        4686944.274443084,
        4686944.274443084,
        4686944.274443084,
        4686944.274443084,
        4686944.274443084,
        4686944.274443084,
        4686944.274443084,
        4686944.274443084,
        4686944.274443084,
        4686944.274443084,
        4686944.274443084,
        4686944.274443084,
        4686944.274443084,
        4686944.274443084,
        4686944.274443084
      ]
    }
  },
  "execution_time": {
    "total_time_ms": 228.65880846933447,
    "forward_backward_time_ms": 271.79832280393686,
    "batch_generator_time_ms": 0.2574214251190478,
    "layernorm_grads_all_reduce_time_ms": 0.0004655658250996388,
    "embedding_grads_all_reduce_time_ms": 0.0009311316501992776,
    "optimizer_time_ms": 34.21682434169929,
    "layer_compute_total_ms": [
      7.5765513764245975,
      7.7311158440969105,
      7.781959641503629,
      7.725295351656292,
      7.432519626479001,
      7.393368805356052,
      7.330361116580756,
      7.313159501423311,
      7.4001441380963815,
      7.052764706546519,
      6.798545141277393,
      6.667986185050897,
      6.7541399721272,
      6.846692020387029,
      6.8565019521676485,
      6.890527377206835,
      6.8346789736298765,
      6.678419398164545,
      6.727306080011104,
      6.6352265819520255,
      6.610667472482771,
      6.575484837580022,
      6.5366703181745915,
      6.47339775179535,
      6.372145901999888,
      6.383615482219555,
      6.365770501613862,
      6.43814994903681
    ]
  },
  "execution_memory": {
    "total_memory": 88397.4453125,
    "layer_memory_total_mb": [
      71.51709403141913,
      71.51709403141913,
      71.51709403141913,
      71.51709403141913,
      71.51709403141913,
      71.51709403141913,
      71.51709403141913,
      71.51709403141913,
      71.51709403141913,
      71.51709403141913,
      71.51709403141913,
      71.51709403141913,
      71.51709403141913,
      71.51709403141913,
      71.51709403141913,
      71.51709403141913,
      71.51709403141913,
      71.51709403141913,
      71.51709403141913,
      71.51709403141913,
      71.51709403141913,
      71.51709403141913,
      71.51709403141913,
      71.51709403141913,
      71.51709403141913,
      71.51709403141913,
      71.51709403141913,
      71.51709403141913
    ]
  }
}