{
  "model": {
    "model_name": "google-bert/bert-base-uncased",
    "num_layers": 12,
    "parameters": {
      "total_parameters_bytes": 433981440,
      "parameters_per_layer_bytes": [
        737191.176011732,
        737191.176011732,
        737191.176011732,
        737191.176011732,
        737191.176011732,
        737191.176011732,
        737191.176011732,
        737191.176011732,
        737191.176011732,
        737191.176011732,
        737191.176011732,
        737191.176011732
      ]
    }
  },
  "execution_time": {
    "total_time_ms": 15.961425720577703,
    "forward_backward_time_ms": 16.292386857288882,
    "batch_generator_time_ms": 0.6772289049651262,
    "layernorm_grads_all_reduce_time_ms": 0.0005200370266362965,
    "embedding_grads_all_reduce_time_ms": 0.001040074053272593,
    "optimizer_time_ms": 3.642729478138821,
    "layer_compute_total_ms": [
      0.9480294365462155,
      0.9389761768070382,
      0.9654079822647924,
      0.9809574279750511,
      0.9602689118097295,
      0.972273692470111,
      0.967116739552111,
      0.9333819501650251,
      1.015066890168626,
      0.9290156737076691,
      0.9933756643006451,
      1.036036680626833
    ]
  },
  "execution_memory": {
    "total_memory": 5280.732421875,
    "layer_memory_total_mb": [
      11.248644653499328,
      11.248644653499328,
      11.248644653499328,
      11.248644653499328,
      11.248644653499328,
      11.248644653499328,
      11.248644653499328,
      11.248644653499328,
      11.248644653499328,
      11.248644653499328,
      11.248644653499328,
      11.248644653499328
    ]
  }
}