{
  "model": {
    "model_name": "Qwen/Qwen3-0.6B",
    "num_layers": 28,
    "parameters": {
      "total_parameters_bytes": 3006529536,
      "parameters_per_layer_bytes": [
        62923776,
        62923776,
        62923776,
        62923776,
        62923776,
        62923776,
        62923776,
        62923776,
        62923776,
        62923776,
        62923776,
        62923776,
        62923776,
        62923776,
        62923776,
        62923776,
        62923776,
        62923776,
        62923776,
        62923776,
        62923776,
        62923776,
        62923776,
        62923776,
        62923776,
        62923776,
        62923776,
        62923776
      ]
    }
  },
  "execution_time": {
    "total_time_ms": 16861.78151651984,
    "forward_backward_time_ms": 14380.486755660968,
    "batch_generator_time_ms": 10.996502940542996,
    "layernorm_grads_all_reduce_time_ms": 0.02,
    "embedding_grads_all_reduce_time_ms": 0.04,
    "optimizer_time_ms": 2470.23825791833,
    "layer_compute_total_ms": [
      494.3853346630931,
      524.0346675273031,
      538.2651444815565,
      521.3030917802826,
      536.2812635139562,
      525.6361264910083,
      514.0652707777917,
      519.2525790189393,
      513.8560180203058,
      539.5408219774254,
      515.6274234468583,
      546.6988905100152,
      507.1195004857145,
      525.1950249949005,
      516.5250795835163,
      523.7402815255336,
      490.1924102450721,
      533.9009447197895,
      485.86642125155777,
      513.0448830022942,
      509.38648675219156,
      501.10317321377806,
      484.95465755695477,
      515.3835194068961,
      480.31693024677224,
      513.1378244841471,
      482.7630447689444,
      508.9099412143696
    ]
  },
  "execution_memory": {
    "total_memory": 28070.94140625,
    "layer_memory_total_mb": [
      960.140625,
      960.140625,
      960.140625,
      960.140625,
      960.140625,
      960.140625,
      960.140625,
      960.140625,
      960.140625,
      960.140625,
      960.140625,
      960.140625,
      960.140625,
      960.140625,
      960.140625,
      960.140625,
      960.140625,
      960.140625,
      960.140625,
      960.140625,
      960.140625,
      960.140625,
      960.140625,
      960.140625,
      960.140625,
      960.140625,
      960.140625,
      960.140625
    ]
  }
}