{
  "model": {
    "model_name": "Qwen/Qwen3-1.7B",
    "num_layers": 28,
    "parameters": {
      "total_parameters_bytes": 8126959616,
      "parameters_per_layer_bytes": [
        5162666.666666666,
        5162666.666666666,
        5162666.666666666,
        5162666.666666666,
        5162666.666666666,
        5162666.666666666,
        5162666.666666666,
        5162666.666666666,
        5162666.666666666,
        5162666.666666666,
        5162666.666666666,
        5162666.666666666,
        5162666.666666666,
        5162666.666666666,
        5162666.666666666,
        5162666.666666666,
        5162666.666666666,
        5162666.666666666,
        5162666.666666666,
        5162666.666666666,
        5162666.666666666,
        5162666.666666666,
        5162666.666666666,
        5162666.666666666,
        5162666.666666666,
        5162666.666666666,
        5162666.666666666,
        5162666.666666666
      ]
    }
  },
  "execution_time": {
    "total_time_ms": 477.98953185944504,
    "forward_backward_time_ms": 521.923851116795,
    "batch_generator_time_ms": 0.23769438475704727,
    "layernorm_grads_all_reduce_time_ms": 0.0005128205128205128,
    "embedding_grads_all_reduce_time_ms": 0.0010256410256410256,
    "optimizer_time_ms": 40.23749299193518,
    "layer_compute_total_ms": [
      17.51910670524618,
      17.295560345817833,
      16.683141185636394,
      16.798904301816574,
      16.452989557038585,
      16.083657730725974,
      16.532058050730623,
      16.380649442465092,
      15.916951353294559,
      15.572124749619084,
      16.133205570767107,
      16.143654320890512,
      15.998285686155446,
      15.723199186210806,
      15.874256192219969,
      15.573544846399901,
      15.27419146814515,
      15.150479082830058,
      14.678413498749693,
      15.021230403456288,
      14.966867333919836,
      14.833793994069147,
      14.712900667337891,
      14.535873974240623,
      14.425375602187183,
      14.60122585353346,
      14.22674777598168,
      14.404417141728723
    ]
  },
  "execution_memory": {
    "total_memory": 88397.4453125,
    "layer_memory_total_mb": [
      78.77604166666666,
      78.77604166666666,
      78.77604166666666,
      78.77604166666666,
      78.77604166666666,
      78.77604166666666,
      78.77604166666666,
      78.77604166666666,
      78.77604166666666,
      78.77604166666666,
      78.77604166666666,
      78.77604166666666,
      78.77604166666666,
      78.77604166666666,
      78.77604166666666,
      78.77604166666666,
      78.77604166666666,
      78.77604166666666,
      78.77604166666666,
      78.77604166666666,
      78.77604166666666,
      78.77604166666666,
      78.77604166666666,
      78.77604166666666,
      78.77604166666666,
      78.77604166666666,
      78.77604166666666,
      78.77604166666666
    ]
  }
}