{
  "model": {
    "model_name": "Qwen/Qwen3-1.7B",
    "num_layers": 28,
    "parameters": {
      "total_parameters_bytes": 8126959616,
      "parameters_per_layer_bytes": [
        9423570.158195265,
        9423570.158195265,
        9423570.158195265,
        9423570.158195265,
        9423570.158195265,
        9423570.158195265,
        9423570.158195265,
        9423570.158195265,
        9423570.158195265,
        9423570.158195265,
        9423570.158195265,
        9423570.158195265,
        9423570.158195265,
        9423570.158195265,
        9423570.158195265,
        9423570.158195265,
        9423570.158195265,
        9423570.158195265,
        9423570.158195265,
        9423570.158195265,
        9423570.158195265,
        9423570.158195265,
        9423570.158195265,
        9423570.158195265,
        9423570.158195265,
        9423570.158195265,
        9423570.158195265,
        9423570.158195265
      ]
    }
  },
  "execution_time": {
    "total_time_ms": 624.7876184359973,
    "forward_backward_time_ms": 746.9727422384244,
    "batch_generator_time_ms": 0.41126809161385525,
    "layernorm_grads_all_reduce_time_ms": 0.0009360666479453338,
    "embedding_grads_all_reduce_time_ms": 0.0018721332958906677,
    "optimizer_time_ms": 90.7075117180605,
    "layer_compute_total_ms": [
      21.289613405513688,
      21.418035255420445,
      20.792658054237812,
      20.759864668289705,
      20.308129657163214,
      19.56856464715732,
      19.70989813165932,
      19.176274443348508,
      18.842784294714818,
      19.14686024490893,
      18.57299309677521,
      18.83035307287801,
      18.847384559951344,
      18.61351133892999,
      18.645019155181327,
      18.608564846266233,
      18.608993494362814,
      18.924570591554243,
      18.676441085437812,
      18.915917567526837,
      18.683005229232897,
      18.667430931284542,
      18.706369700142307,
      18.208621923321488,
      17.718513047923594,
      17.65179020297914,
      17.64257487404058,
      18.13129290617693
    ]
  },
  "execution_memory": {
    "total_memory": 88397.4453125,
    "layer_memory_total_mb": [
      143.7922692595713,
      143.7922692595713,
      143.7922692595713,
      143.7922692595713,
      143.7922692595713,
      143.7922692595713,
      143.7922692595713,
      143.7922692595713,
      143.7922692595713,
      143.7922692595713,
      143.7922692595713,
      143.7922692595713,
      143.7922692595713,
      143.7922692595713,
      143.7922692595713,
      143.7922692595713,
      143.7922692595713,
      143.7922692595713,
      143.7922692595713,
      143.7922692595713,
      143.7922692595713,
      143.7922692595713,
      143.7922692595713,
      143.7922692595713,
      143.7922692595713,
      143.7922692595713,
      143.7922692595713,
      143.7922692595713
    ]
  }
}