{
  "model": {
    "model_name": "Qwen/Qwen3-1.7B",
    "num_layers": 28,
    "parameters": {
      "total_parameters_bytes": 8126959616,
      "parameters_per_layer_bytes": [
        5235316.754552923,
        5235316.754552923,
        5235316.754552923,
        5235316.754552923,
        5235316.754552923,
        5235316.754552923,
        5235316.754552923,
        5235316.754552923,
        5235316.754552923,
        5235316.754552923,
        5235316.754552923,
        5235316.754552923,
        5235316.754552923,
        5235316.754552923,
        5235316.754552923,
        5235316.754552923,
        5235316.754552923,
        5235316.754552923,
        5235316.754552923,
        5235316.754552923,
        5235316.754552923,
        5235316.754552923,
        5235316.754552923,
        5235316.754552923,
        5235316.754552923,
        5235316.754552923,
        5235316.754552923,
        5235316.754552923
      ]
    }
  },
  "execution_time": {
    "total_time_ms": 578.1402529324855,
    "forward_backward_time_ms": 739.3134138616683,
    "batch_generator_time_ms": 0.3004267425276387,
    "layernorm_grads_all_reduce_time_ms": 0.0005200370266362965,
    "embedding_grads_all_reduce_time_ms": 0.001040074053272593,
    "optimizer_time_ms": 49.64435416422224,
    "layer_compute_total_ms": [
      20.376455901981927,
      21.143098315789857,
      20.853697996546693,
      20.46162386151914,
      19.86508615022146,
      19.473613074963907,
      19.38137637583218,
      19.92101134163461,
      19.78974945277691,
      19.46122072793137,
      19.107993235350563,
      19.06312844583119,
      18.617563321745855,
      18.625731925702496,
      18.87487622483131,
      18.301909406433737,
      18.74563783232751,
      18.523122971636628,
      18.400454369595302,
      18.075048213144896,
      17.54386669633325,
      17.61832292586898,
      17.789944225905863,
      17.762204430340528,
      17.45437213995027,
      17.50609075864544,
      17.757275467568267,
      17.699436124245626
    ]
  },
  "execution_memory": {
    "total_memory": 88397.4453125,
    "layer_memory_total_mb": [
      79.88459403309514,
      79.88459403309514,
      79.88459403309514,
      79.88459403309514,
      79.88459403309514,
      79.88459403309514,
      79.88459403309514,
      79.88459403309514,
      79.88459403309514,
      79.88459403309514,
      79.88459403309514,
      79.88459403309514,
      79.88459403309514,
      79.88459403309514,
      79.88459403309514,
      79.88459403309514,
      79.88459403309514,
      79.88459403309514,
      79.88459403309514,
      79.88459403309514,
      79.88459403309514,
      79.88459403309514,
      79.88459403309514,
      79.88459403309514,
      79.88459403309514,
      79.88459403309514,
      79.88459403309514,
      79.88459403309514
    ]
  }
}