{
  "model": {
    "model_name": "Qwen/Qwen3-0.6B",
    "num_layers": 28,
    "parameters": {
      "total_parameters_bytes": 3006529536,
      "parameters_per_layer_bytes": [
        62923776,
        62923776,
        62923776,
        62923776,
        62923776,
        62923776,
        62923776,
        62923776,
        62923776,
        62923776,
        62923776,
        62923776,
        62923776,
        62923776,
        62923776,
        62923776,
        62923776,
        62923776,
        62923776,
        62923776,
        62923776,
        62923776,
        62923776,
        62923776,
        62923776,
        62923776,
        62923776,
        62923776
      ]
    }
  },
  "execution_time": {
    "total_time_ms": 12349.369249510346,
    "forward_backward_time_ms": 11377.497506022337,
    "batch_generator_time_ms": 14.777336007682607,
    "layernorm_grads_all_reduce_time_ms": 0.02,
    "embedding_grads_all_reduce_time_ms": 0.04,
    "optimizer_time_ms": 957.0344074803265,
    "layer_compute_total_ms": [
      375.3683990071295,
      446.4230457524536,
      437.2383004956646,
      381.777221984521,
      422.6553712578607,
      404.99472251394764,
      429.41299949598033,
      402.03132398892194,
      405.0717979844194,
      408.915194500878,
      410.43347600498237,
      385.910724507994,
      418.4463122583111,
      400.61974975833436,
      419.04294549749466,
      408.5359677483211,
      373.4691982390359,
      441.06257851672126,
      422.19738599669654,
      431.1678460071562,
      426.13964223710354,
      416.53102350392146,
      407.35829323966755,
      385.733731003711,
      385.7879802453681,
      373.2917785018799,
      404.2541860108031,
      353.6263097630581
    ]
  },
  "execution_memory": {
    "total_memory": 28070.94140625,
    "layer_memory_total_mb": [
      960.140625,
      960.140625,
      960.140625,
      960.140625,
      960.140625,
      960.140625,
      960.140625,
      960.140625,
      960.140625,
      960.140625,
      960.140625,
      960.140625,
      960.140625,
      960.140625,
      960.140625,
      960.140625,
      960.140625,
      960.140625,
      960.140625,
      960.140625,
      960.140625,
      960.140625,
      960.140625,
      960.140625,
      960.140625,
      960.140625,
      960.140625,
      960.140625
    ]
  }
}