{
  "model": {
    "model_name": "Qwen/Qwen3-1.7B",
    "num_layers": 28,
    "parameters": {
      "total_parameters_bytes": 8126959616,
      "parameters_per_layer_bytes": [
        201344000.0,
        201344000.0,
        201344000.0,
        201344000.0,
        201344000.0,
        201344000.0,
        201344000.0,
        201344000.0,
        201344000.0,
        201344000.0,
        201344000.0,
        201344000.0,
        201344000.0,
        201344000.0,
        201344000.0,
        201344000.0,
        201344000.0,
        201344000.0,
        201344000.0,
        201344000.0,
        201344000.0,
        201344000.0,
        201344000.0,
        201344000.0,
        201344000.0,
        201344000.0,
        201344000.0,
        201344000.0
      ]
    }
  },
  "execution_time": {
    "total_time_ms": 13349.212255503517,
    "forward_backward_time_ms": 11402.308406090015,
    "batch_generator_time_ms": 8.78715404542163,
    "layernorm_grads_all_reduce_time_ms": 0.02,
    "embedding_grads_all_reduce_time_ms": 0.04,
    "optimizer_time_ms": 1938.0566953680805,
    "layer_compute_total_ms": [
      454.8738800222054,
      457.61774126731325,
      444.2559319868451,
      443.5552685026778,
      433.9034982549492,
      418.1019522511633,
      421.12168348103296,
      409.7202797565842,
      402.5949292408768,
      409.09181599272415,
      396.83057050569914,
      402.32932375511155,
      402.6932185079204,
      397.6962832675781,
      398.3694792696042,
      397.59059650532436,
      397.5997550005559,
      404.34237525914796,
      399.04084023146424,
      404.1574947477784,
      399.1810897277901,
      398.84832927782554,
      399.68029501324054,
      389.0454160136869,
      378.5737497819355,
      377.14814947685227,
      376.951254758751,
      387.3932042333763
    ]
  },
  "execution_memory": {
    "total_memory": 88397.4453125,
    "layer_memory_total_mb": [
      3072.265625,
      3072.265625,
      3072.265625,
      3072.265625,
      3072.265625,
      3072.265625,
      3072.265625,
      3072.265625,
      3072.265625,
      3072.265625,
      3072.265625,
      3072.265625,
      3072.265625,
      3072.265625,
      3072.265625,
      3072.265625,
      3072.265625,
      3072.265625,
      3072.265625,
      3072.265625,
      3072.265625,
      3072.265625,
      3072.265625,
      3072.265625,
      3072.265625,
      3072.265625,
      3072.265625,
      3072.265625
    ]
  }
}