{
  "model": {
    "model_name": "Qwen/Qwen3-0.6B",
    "num_layers": 28,
    "parameters": {
      "total_parameters_bytes": 3006529536,
      "parameters_per_layer_bytes": [
        2945042.403819152,
        2945042.403819152,
        2945042.403819152,
        2945042.403819152,
        2945042.403819152,
        2945042.403819152,
        2945042.403819152,
        2945042.403819152,
        2945042.403819152,
        2945042.403819152,
        2945042.403819152,
        2945042.403819152,
        2945042.403819152,
        2945042.403819152,
        2945042.403819152,
        2945042.403819152,
        2945042.403819152,
        2945042.403819152,
        2945042.403819152,
        2945042.403819152,
        2945042.403819152,
        2945042.403819152,
        2945042.403819152,
        2945042.403819152,
        2945042.403819152,
        2945042.403819152,
        2945042.403819152,
        2945042.403819152
      ]
    }
  },
  "execution_time": {
    "total_time_ms": 340.18912311691486,
    "forward_backward_time_ms": 443.74904316502193,
    "batch_generator_time_ms": 0.5266042778427644,
    "layernorm_grads_all_reduce_time_ms": 0.0009360666479453338,
    "embedding_grads_all_reduce_time_ms": 0.0018721332958906677,
    "optimizer_time_ms": 22.628342584478176,
    "layer_compute_total_ms": [
      11.90262342010667,
      12.067882500120836,
      11.942529261329854,
      12.407443496517365,
      12.177547984926091,
      12.370218957712359,
      12.452456086725066,
      12.404475814368997,
      12.622300851455247,
      12.48090173554077,
      11.45907004112893,
      11.038603130591355,
      10.74814291423965,
      11.084868669577931,
      11.055335440476522,
      10.73747380156674,
      10.868897875180078,
      11.002666561602434,
      10.933553075227088,
      10.828655855156327,
      10.870467132305208,
      10.728149489911937,
      10.832923219621303,
      10.516277964449076,
      10.461077095233174,
      10.240157667543018,
      10.24890168905661,
      10.547766322979447
    ]
  },
  "execution_memory": {
    "total_memory": 28070.94140625,
    "layer_memory_total_mb": [
      44.93778081999439,
      44.93778081999439,
      44.93778081999439,
      44.93778081999439,
      44.93778081999439,
      44.93778081999439,
      44.93778081999439,
      44.93778081999439,
      44.93778081999439,
      44.93778081999439,
      44.93778081999439,
      44.93778081999439,
      44.93778081999439,
      44.93778081999439,
      44.93778081999439,
      44.93778081999439,
      44.93778081999439,
      44.93778081999439,
      44.93778081999439,
      44.93778081999439,
      44.93778081999439,
      44.93778081999439,
      44.93778081999439,
      44.93778081999439,
      44.93778081999439,
      44.93778081999439,
      44.93778081999439,
      44.93778081999439
    ]
  }
}