{
  "model": {
    "model_name": "Qwen/Qwen3-0.6B",
    "num_layers": 28,
    "parameters": {
      "total_parameters_bytes": 3006529536,
      "parameters_per_layer_bytes": [
        62923776.0,
        62923776.0,
        62923776.0,
        62923776.0,
        62923776.0,
        62923776.0,
        62923776.0,
        62923776.0,
        62923776.0,
        62923776.0,
        62923776.0,
        62923776.0,
        62923776.0,
        62923776.0,
        62923776.0,
        62923776.0,
        62923776.0,
        62923776.0,
        62923776.0,
        62923776.0,
        62923776.0,
        62923776.0,
        62923776.0,
        62923776.0,
        62923776.0,
        62923776.0,
        62923776.0,
        62923776.0
      ]
    }
  },
  "execution_time": {
    "total_time_ms": 10716.698972508311,
    "forward_backward_time_ms": 9236.9995272893,
    "batch_generator_time_ms": 10.882409987971187,
    "layernorm_grads_all_reduce_time_ms": 0.02,
    "embedding_grads_all_reduce_time_ms": 0.04,
    "optimizer_time_ms": 1468.7570352310408,
    "layer_compute_total_ms": [
      344.52723451249767,
      353.5254522575997,
      341.9061440072255,
      347.0361419749679,
      351.6487514862092,
      345.7317987631541,
      350.77648352307733,
      350.83917950396426,
      341.0113245045068,
      340.2009737328626,
      344.4704552530311,
      342.5597614987055,
      328.8521882641362,
      332.08372874651104,
      327.8223212546436,
      325.88945650786627,
      329.52563428261783,
      321.89366800594144,
      331.41516499745194,
      321.2778335000621,
      312.7617669670144,
      313.35212898557074,
      312.01815174426883,
      309.8672047344735,
      303.00684850953985,
      304.5124267373467,
      297.8557407768676,
      310.6315622571856
    ]
  },
  "execution_memory": {
    "total_memory": 28070.94140625,
    "layer_memory_total_mb": [
      960.140625,
      960.140625,
      960.140625,
      960.140625,
      960.140625,
      960.140625,
      960.140625,
      960.140625,
      960.140625,
      960.140625,
      960.140625,
      960.140625,
      960.140625,
      960.140625,
      960.140625,
      960.140625,
      960.140625,
      960.140625,
      960.140625,
      960.140625,
      960.140625,
      960.140625,
      960.140625,
      960.140625,
      960.140625,
      960.140625,
      960.140625,
      960.140625
    ]
  }
}