{
  "model": {
    "model_name": "Qwen/Qwen3-1.7B",
    "num_layers": 28,
    "parameters": {
      "total_parameters_bytes": 8126959616,
      "parameters_per_layer_bytes": [
        2237155.5555555555,
        2237155.5555555555,
        2237155.5555555555,
        2237155.5555555555,
        2237155.5555555555,
        2237155.5555555555,
        2237155.5555555555,
        2237155.5555555555,
        2237155.5555555555,
        2237155.5555555555,
        2237155.5555555555,
        2237155.5555555555,
        2237155.5555555555,
        2237155.5555555555,
        2237155.5555555555,
        2237155.5555555555,
        2237155.5555555555,
        2237155.5555555555,
        2237155.5555555555,
        2237155.5555555555,
        2237155.5555555555,
        2237155.5555555555,
        2237155.5555555555,
        2237155.5555555555,
        2237155.5555555555,
        2237155.5555555555,
        2237155.5555555555,
        2237155.5555555555
      ]
    }
  },
  "execution_time": {
    "total_time_ms": 320.831153916596,
    "forward_backward_time_ms": 366.4875204306714,
    "batch_generator_time_ms": 0.1913371664058003,
    "layernorm_grads_all_reduce_time_ms": 0.00022222222222222223,
    "embedding_grads_all_reduce_time_ms": 0.00044444444444444447,
    "optimizer_time_ms": 38.3194480554401,
    "layer_compute_total_ms": [
      11.053051061106897,
      11.02711463592843,
      10.962654646977576,
      10.871101008281888,
      10.844828672513056,
      10.824928872170858,
      10.684864777754735,
      10.552018983354275,
      10.60648951938169,
      10.262829769635573,
      10.091469536160327,
      10.01406161376508,
      9.951985869297966,
      10.1354485167475,
      9.852893844557306,
      9.736893424835419,
      9.87121129162713,
      9.67435839718544,
      9.567057055472914,
      9.5142975195712,
      9.57743466909354,
      9.532515336144975,
      9.694197136236149,
      9.550999005861943,
      9.454404158653537,
      9.47107940559767,
      9.432865705619204,
      9.506647594551193
    ]
  },
  "execution_memory": {
    "total_memory": 88397.4453125,
    "layer_memory_total_mb": [
      34.13628472222222,
      34.13628472222222,
      34.13628472222222,
      34.13628472222222,
      34.13628472222222,
      34.13628472222222,
      34.13628472222222,
      34.13628472222222,
      34.13628472222222,
      34.13628472222222,
      34.13628472222222,
      34.13628472222222,
      34.13628472222222,
      34.13628472222222,
      34.13628472222222,
      34.13628472222222,
      34.13628472222222,
      34.13628472222222,
      34.13628472222222,
      34.13628472222222,
      34.13628472222222,
      34.13628472222222,
      34.13628472222222,
      34.13628472222222,
      34.13628472222222,
      34.13628472222222,
      34.13628472222222,
      34.13628472222222
    ]
  }
}