{
  "model": {
    "model_name": "Qwen/Qwen3-1.7B",
    "num_layers": 28,
    "parameters": {
      "total_parameters_bytes": 8126959616,
      "parameters_per_layer_bytes": [
        8436499.69399755,
        8436499.69399755,
        8436499.69399755,
        8436499.69399755,
        8436499.69399755,
        8436499.69399755,
        8436499.69399755,
        8436499.69399755,
        8436499.69399755,
        8436499.69399755,
        8436499.69399755,
        8436499.69399755,
        8436499.69399755,
        8436499.69399755,
        8436499.69399755,
        8436499.69399755,
        8436499.69399755,
        8436499.69399755,
        8436499.69399755,
        8436499.69399755,
        8436499.69399755,
        8436499.69399755,
        8436499.69399755,
        8436499.69399755,
        8436499.69399755,
        8436499.69399755,
        8436499.69399755,
        8436499.69399755
      ]
    }
  },
  "execution_time": {
    "total_time_ms": 931.6494675724925,
    "forward_backward_time_ms": 1191.3734511647297,
    "batch_generator_time_ms": 0.4841254579675468,
    "layernorm_grads_all_reduce_time_ms": 0.0008380184851793499,
    "embedding_grads_all_reduce_time_ms": 0.0016760369703586997,
    "optimizer_time_ms": 79.99985451709942,
    "layer_compute_total_ms": [
      32.83582866926363,
      34.071241690619296,
      33.60488486462315,
      32.973073366816884,
      32.01177714449296,
      31.380934230022415,
      31.232298546551412,
      32.1018983123924,
      31.89037512533433,
      31.360964467570696,
      30.791752751683994,
      30.71945497090076,
      30.001444923135672,
      30.014608295670993,
      30.41609418504599,
      29.492781496491254,
      30.207831779936907,
      29.849258145878192,
      29.651582690484826,
      29.127203924494914,
      28.271226547358868,
      28.391209728347516,
      28.66777046251617,
      28.62306891191849,
      28.127009715228727,
      28.21035216254413,
      28.615126089187903,
      28.521920343457595
    ]
  },
  "execution_memory": {
    "total_memory": 88397.4453125,
    "layer_memory_total_mb": [
      128.73076925655442,
      128.73076925655442,
      128.73076925655442,
      128.73076925655442,
      128.73076925655442,
      128.73076925655442,
      128.73076925655442,
      128.73076925655442,
      128.73076925655442,
      128.73076925655442,
      128.73076925655442,
      128.73076925655442,
      128.73076925655442,
      128.73076925655442,
      128.73076925655442,
      128.73076925655442,
      128.73076925655442,
      128.73076925655442,
      128.73076925655442,
      128.73076925655442,
      128.73076925655442,
      128.73076925655442,
      128.73076925655442,
      128.73076925655442,
      128.73076925655442,
      128.73076925655442,
      128.73076925655442,
      128.73076925655442
    ]
  }
}