{
  "model": {
    "model_name": "Qwen/Qwen3-1.7B",
    "num_layers": 28,
    "parameters": {
      "total_parameters_bytes": 8126959616,
      "parameters_per_layer_bytes": [
        5162666.666666666,
        5162666.666666666,
        5162666.666666666,
        5162666.666666666,
        5162666.666666666,
        5162666.666666666,
        5162666.666666666,
        5162666.666666666,
        5162666.666666666,
        5162666.666666666,
        5162666.666666666,
        5162666.666666666,
        5162666.666666666,
        5162666.666666666,
        5162666.666666666,
        5162666.666666666,
        5162666.666666666,
        5162666.666666666,
        5162666.666666666,
        5162666.666666666,
        5162666.666666666,
        5162666.666666666,
        5162666.666666666,
        5162666.666666666,
        5162666.666666666,
        5162666.666666666,
        5162666.666666666,
        5162666.666666666
      ]
    }
  },
  "execution_time": {
    "total_time_ms": 404.46165783289007,
    "forward_backward_time_ms": 455.5891250937014,
    "batch_generator_time_ms": 0.21354282030071584,
    "layernorm_grads_all_reduce_time_ms": 0.0005128205128205128,
    "embedding_grads_all_reduce_time_ms": 0.0010256410256410256,
    "optimizer_time_ms": 22.340143101067426,
    "layer_compute_total_ms": [
      14.356918474032472,
      14.151503077114167,
      14.839863762459478,
      14.730710609001108,
      15.233156916413765,
      15.046747480832542,
      14.699346012397047,
      14.571757807294862,
      15.059094166365236,
      14.602513788700795,
      13.60307904430486,
      13.613217724830461,
      13.314757436045253,
      13.11497223109771,
      13.29013032059615,
      13.132922538669588,
      13.186214468218028,
      13.026163178997544,
      13.171088032182665,
      13.045464417350908,
      12.911846410507001,
      12.892807398039178,
      12.90660173085948,
      12.773321717619323,
      12.573959506997385,
      12.344367737592293,
      12.895174672639069,
      12.818732788825097
    ]
  },
  "execution_memory": {
    "total_memory": 88397.4453125,
    "layer_memory_total_mb": [
      78.77604166666666,
      78.77604166666666,
      78.77604166666666,
      78.77604166666666,
      78.77604166666666,
      78.77604166666666,
      78.77604166666666,
      78.77604166666666,
      78.77604166666666,
      78.77604166666666,
      78.77604166666666,
      78.77604166666666,
      78.77604166666666,
      78.77604166666666,
      78.77604166666666,
      78.77604166666666,
      78.77604166666666,
      78.77604166666666,
      78.77604166666666,
      78.77604166666666,
      78.77604166666666,
      78.77604166666666,
      78.77604166666666,
      78.77604166666666,
      78.77604166666666,
      78.77604166666666,
      78.77604166666666,
      78.77604166666666
    ]
  }
}