{
  "model": {
    "model_name": "Qwen/Qwen3-1.7B",
    "num_layers": 28,
    "parameters": {
      "total_parameters_bytes": 8126959616,
      "parameters_per_layer_bytes": [
        8436499.69399755,
        8436499.69399755,
        8436499.69399755,
        8436499.69399755,
        8436499.69399755,
        8436499.69399755,
        8436499.69399755,
        8436499.69399755,
        8436499.69399755,
        8436499.69399755,
        8436499.69399755,
        8436499.69399755,
        8436499.69399755,
        8436499.69399755,
        8436499.69399755,
        8436499.69399755,
        8436499.69399755,
        8436499.69399755,
        8436499.69399755,
        8436499.69399755,
        8436499.69399755,
        8436499.69399755,
        8436499.69399755,
        8436499.69399755,
        8436499.69399755,
        8436499.69399755,
        8436499.69399755,
        8436499.69399755
      ]
    }
  },
  "execution_time": {
    "total_time_ms": 660.9453743299817,
    "forward_backward_time_ms": 873.5351378035075,
    "batch_generator_time_ms": 0.34895802003919746,
    "layernorm_grads_all_reduce_time_ms": 0.0008380184851793499,
    "embedding_grads_all_reduce_time_ms": 0.0016760369703586997,
    "optimizer_time_ms": 36.506833116480536,
    "layer_compute_total_ms": [
      23.461157989331625,
      23.12548128480354,
      24.250356293444227,
      24.071985190832446,
      24.893050813005182,
      24.588432434988796,
      24.020731172950377,
      23.812234687935728,
      24.608608598867633,
      23.86249414578434,
      22.22928180424247,
      22.245849787549243,
      21.758125071316,
      21.431648866433797,
      21.71788101424916,
      21.46098211107558,
      21.54806837411689,
      21.286522793176964,
      21.52334971974248,
      21.31806364250456,
      21.09971364111293,
      21.06860130455712,
      21.09114312105067,
      20.87334544719028,
      20.547560472582845,
      20.17237628631017,
      21.072469753311818,
      20.947553315539636
    ]
  },
  "execution_memory": {
    "total_memory": 88397.4453125,
    "layer_memory_total_mb": [
      128.73076925655442,
      128.73076925655442,
      128.73076925655442,
      128.73076925655442,
      128.73076925655442,
      128.73076925655442,
      128.73076925655442,
      128.73076925655442,
      128.73076925655442,
      128.73076925655442,
      128.73076925655442,
      128.73076925655442,
      128.73076925655442,
      128.73076925655442,
      128.73076925655442,
      128.73076925655442,
      128.73076925655442,
      128.73076925655442,
      128.73076925655442,
      128.73076925655442,
      128.73076925655442,
      128.73076925655442,
      128.73076925655442,
      128.73076925655442,
      128.73076925655442,
      128.73076925655442,
      128.73076925655442,
      128.73076925655442
    ]
  }
}