{
  "model": {
    "model_name": "google-bert/bert-base-uncased",
    "num_layers": 12,
    "parameters": {
      "total_parameters_bytes": 433981440,
      "parameters_per_layer_bytes": [
        12407653.391684901,
        12407653.391684901,
        12407653.391684901,
        12407653.391684901,
        12407653.391684901,
        12407653.391684901,
        12407653.391684901,
        12407653.391684901,
        12407653.391684901,
        12407653.391684901,
        12407653.391684901,
        12407653.391684901
      ]
    }
  },
  "execution_time": {
    "total_time_ms": 447.5824026181006,
    "forward_backward_time_ms": 475.0261885983507,
    "batch_generator_time_ms": 43.43564858501145,
    "layernorm_grads_all_reduce_time_ms": 0.0087527352297593,
    "embedding_grads_all_reduce_time_ms": 0.0175054704595186,
    "optimizer_time_ms": 34.2690289039124,
    "layer_compute_total_ms": [
      32.36258597723545,
      30.423127903442023,
      31.642159508211087,
      30.248697146088602,
      30.064566400466603,
      32.168881077608766,
      32.0127385241006,
      30.935149121707553,
      30.449405146958366,
      30.818909308078332,
      28.935793645351847,
      29.78945316423823
    ]
  },
  "execution_memory": {
    "total_memory": 5280.732421875,
    "layer_memory_total_mb": [
      189.3257658643326,
      189.3257658643326,
      189.3257658643326,
      189.3257658643326,
      189.3257658643326,
      189.3257658643326,
      189.3257658643326,
      189.3257658643326,
      189.3257658643326,
      189.3257658643326,
      189.3257658643326,
      189.3257658643326
    ]
  }
}