{
  "model": {
    "model_name": "google-bert/bert-base-uncased",
    "num_layers": 12,
    "parameters": {
      "total_parameters_bytes": 433981440,
      "parameters_per_layer_bytes": [
        715946.6666666666,
        715946.6666666666,
        715946.6666666666,
        715946.6666666666,
        715946.6666666666,
        715946.6666666666,
        715946.6666666666,
        715946.6666666666,
        715946.6666666666,
        715946.6666666666,
        715946.6666666666,
        715946.6666666666
      ]
    }
  },
  "execution_time": {
    "total_time_ms": 38.90965252525568,
    "forward_backward_time_ms": 46.215894046387604,
    "batch_generator_time_ms": 4.382076994527715,
    "layernorm_grads_all_reduce_time_ms": 0.000505050505050505,
    "embedding_grads_all_reduce_time_ms": 0.00101010101010101,
    "optimizer_time_ms": -1.5212227882170637,
    "layer_compute_total_ms": [
      2.8208887497477018,
      3.0102652082786507,
      2.9602593558868673,
      3.0215139394376727,
      2.940589702947446,
      2.7649653595584125,
      3.075863017448967,
      3.0916421651408648,
      3.064635744852818,
      3.1043393311039025,
      3.0858078025630675,
      3.1065127904635075
    ]
  },
  "execution_memory": {
    "total_memory": 5280.732421875,
    "layer_memory_total_mb": [
      10.924479166666666,
      10.924479166666666,
      10.924479166666666,
      10.924479166666666,
      10.924479166666666,
      10.924479166666666,
      10.924479166666666,
      10.924479166666666,
      10.924479166666666,
      10.924479166666666,
      10.924479166666666,
      10.924479166666666
    ]
  }
}