{
  "model": {
    "model_name": "Qwen/Qwen3-1.7B",
    "num_layers": 28,
    "parameters": {
      "total_parameters_bytes": 8126959616,
      "parameters_per_layer_bytes": [
        29371845.368344273,
        29371845.368344273,
        29371845.368344273,
        29371845.368344273,
        29371845.368344273,
        29371845.368344273,
        29371845.368344273,
        29371845.368344273,
        29371845.368344273,
        29371845.368344273,
        29371845.368344273,
        29371845.368344273,
        29371845.368344273,
        29371845.368344273,
        29371845.368344273,
        29371845.368344273,
        29371845.368344273,
        29371845.368344273,
        29371845.368344273,
        29371845.368344273,
        29371845.368344273,
        29371845.368344273,
        29371845.368344273,
        29371845.368344273,
        29371845.368344273,
        29371845.368344273,
        29371845.368344273,
        29371845.368344273
      ]
    }
  },
  "execution_time": {
    "total_time_ms": 1947.3686733046704,
    "forward_backward_time_ms": 2136.365382653792,
    "batch_generator_time_ms": 1.2818605463780641,
    "layernorm_grads_all_reduce_time_ms": 0.0029175784099197666,
    "embedding_grads_all_reduce_time_ms": 0.005835156819839533,
    "optimizer_time_ms": 282.7216185803181,
    "layer_compute_total_ms": [
      66.35651057946103,
      66.75678209588814,
      64.80757578218018,
      64.70536374947889,
      63.29737392486495,
      60.99226145166496,
      61.43277658366637,
      59.76955211620484,
      58.730113674817915,
      59.67787250076209,
      57.889215245178576,
      58.69136743327667,
      58.74445200699058,
      58.01550448834108,
      58.11370959439886,
      58.00008701755279,
      58.00142304895053,
      58.98502921358833,
      58.21164700677815,
      58.958059044168984,
      58.232106451902276,
      58.18356371667769,
      58.30492998004968,
      56.753525311989335,
      55.22592994630715,
      55.017964912742855,
      54.98924212381488,
      56.51250244104687
    ]
  },
  "execution_memory": {
    "total_memory": 88397.4453125,
    "layer_memory_total_mb": [
      448.1787928519329,
      448.1787928519329,
      448.1787928519329,
      448.1787928519329,
      448.1787928519329,
      448.1787928519329,
      448.1787928519329,
      448.1787928519329,
      448.1787928519329,
      448.1787928519329,
      448.1787928519329,
      448.1787928519329,
      448.1787928519329,
      448.1787928519329,
      448.1787928519329,
      448.1787928519329,
      448.1787928519329,
      448.1787928519329,
      448.1787928519329,
      448.1787928519329,
      448.1787928519329,
      448.1787928519329,
      448.1787928519329,
      448.1787928519329,
      448.1787928519329,
      448.1787928519329,
      448.1787928519329,
      448.1787928519329
    ]
  }
}