{
  "model": {
    "model_name": "Qwen/Qwen3-1.7B",
    "num_layers": 28,
    "parameters": {
      "total_parameters_bytes": 8126959616,
      "parameters_per_layer_bytes": [
        12337254.901960785,
        12337254.901960785,
        12337254.901960785,
        12337254.901960785,
        12337254.901960785,
        12337254.901960785,
        12337254.901960785,
        12337254.901960785,
        12337254.901960785,
        12337254.901960785,
        12337254.901960785,
        12337254.901960785,
        12337254.901960785,
        12337254.901960785,
        12337254.901960785,
        12337254.901960785,
        12337254.901960785,
        12337254.901960785,
        12337254.901960785,
        12337254.901960785,
        12337254.901960785,
        12337254.901960785,
        12337254.901960785,
        12337254.901960785,
        12337254.901960785,
        12337254.901960785,
        12337254.901960785,
        12337254.901960785
      ]
    }
  },
  "execution_time": {
    "total_time_ms": 1362.4130122230317,
    "forward_backward_time_ms": 1487.271491735235,
    "batch_generator_time_ms": 0.7079688728873745,
    "layernorm_grads_all_reduce_time_ms": 0.0012254901960784314,
    "embedding_grads_all_reduce_time_ms": 0.0024509803921568627,
    "optimizer_time_ms": 116.9891107800852,
    "layer_compute_total_ms": [
      48.018017294310205,
      49.824643964908034,
      49.142659344950374,
      48.21871934836963,
      46.81295191385645,
      45.89042834114105,
      45.673068490370994,
      46.94474209470939,
      46.63541766265053,
      45.86122522863768,
      45.028829058805165,
      44.92310320297381,
      43.87310933078184,
      43.89235900638524,
      44.47947853894256,
      43.129256953440795,
      44.17492256531356,
      43.65055647926341,
      43.36148250670293,
      42.59464854287359,
      41.34289586402826,
      41.51835525376287,
      41.92278841882773,
      41.8574183667635,
      41.13199799362251,
      41.25387520028144,
      41.84580304853643,
      41.70950208426089
    ]
  },
  "execution_memory": {
    "total_memory": 88397.4453125,
    "layer_memory_total_mb": [
      188.25157015931373,
      188.25157015931373,
      188.25157015931373,
      188.25157015931373,
      188.25157015931373,
      188.25157015931373,
      188.25157015931373,
      188.25157015931373,
      188.25157015931373,
      188.25157015931373,
      188.25157015931373,
      188.25157015931373,
      188.25157015931373,
      188.25157015931373,
      188.25157015931373,
      188.25157015931373,
      188.25157015931373,
      188.25157015931373,
      188.25157015931373,
      188.25157015931373,
      188.25157015931373,
      188.25157015931373,
      188.25157015931373,
      188.25157015931373,
      188.25157015931373,
      188.25157015931373,
      188.25157015931373,
      188.25157015931373
    ]
  }
}