{
  "model": {
    "model_name": "google-bert/bert-base-uncased",
    "num_layers": 12,
    "parameters": {
      "total_parameters_bytes": 433981440,
      "parameters_per_layer_bytes": [
        726961.2307692308,
        726961.2307692308,
        726961.2307692308,
        726961.2307692308,
        726961.2307692308,
        726961.2307692308,
        726961.2307692308,
        726961.2307692308,
        726961.2307692308,
        726961.2307692308,
        726961.2307692308,
        726961.2307692308
      ]
    }
  },
  "execution_time": {
    "total_time_ms": 52.887473000177685,
    "forward_backward_time_ms": 56.35435678445801,
    "batch_generator_time_ms": 8.635572590626394,
    "layernorm_grads_all_reduce_time_ms": 0.0005128205128205128,
    "embedding_grads_all_reduce_time_ms": 0.0010256410256410256,
    "optimizer_time_ms": -2.9897722507430573,
    "layer_compute_total_ms": [
      3.8161103330845108,
      3.9991167760513817,
      3.991581839494383,
      4.057682935709659,
      4.036226961313962,
      4.00587344297375,
      4.026554141324969,
      3.848866308078122,
      3.785495389960348,
      3.8391592825064436,
      3.8430672821750003,
      3.9903995060833553
    ]
  },
  "execution_memory": {
    "total_memory": 5280.732421875,
    "layer_memory_total_mb": [
      11.092548076923077,
      11.092548076923077,
      11.092548076923077,
      11.092548076923077,
      11.092548076923077,
      11.092548076923077,
      11.092548076923077,
      11.092548076923077,
      11.092548076923077,
      11.092548076923077,
      11.092548076923077,
      11.092548076923077
    ]
  }
}