{
  "model": {
    "model_name": "Qwen/Qwen3-0.6B",
    "num_layers": 28,
    "parameters": {
      "total_parameters_bytes": 3006529536,
      "parameters_per_layer_bytes": [
        62923776,
        62923776,
        62923776,
        62923776,
        62923776,
        62923776,
        62923776,
        62923776,
        62923776,
        62923776,
        62923776,
        62923776,
        62923776,
        62923776,
        62923776,
        62923776,
        62923776,
        62923776,
        62923776,
        62923776,
        62923776,
        62923776,
        62923776,
        62923776,
        62923776,
        62923776,
        62923776,
        62923776
      ]
    }
  },
  "execution_time": {
    "total_time_ms": 8601.84053001285,
    "forward_backward_time_ms": 7922.188645265123,
    "batch_generator_time_ms": 12.784246995579451,
    "layernorm_grads_all_reduce_time_ms": 0.02,
    "embedding_grads_all_reduce_time_ms": 0.04,
    "optimizer_time_ms": 666.8076377521479,
    "layer_compute_total_ms": [
      290.56753275654046,
      296.9018087387667,
      305.69466224551434,
      310.9112032543635,
      328.70148174697533,
      307.6096579898149,
      285.3850087703904,
      287.9532807492069,
      300.8806404977804,
      305.0398467530613,
      277.9402809974272,
      265.17366275948007,
      279.94416750152595,
      270.8080540105584,
      277.52360749582294,
      292.7311774910777,
      258.6197387354332,
      272.17583425954217,
      258.48833750205813,
      259.4225982466014,
      266.7632672455511,
      291.5638567501446,
      281.05705425696215,
      269.0496522554895,
      288.9123642453342,
      265.48543250828516,
      276.7896875011502,
      250.0947480002651
    ]
  },
  "execution_memory": {
    "total_memory": 28070.94140625,
    "layer_memory_total_mb": [
      960.140625,
      960.140625,
      960.140625,
      960.140625,
      960.140625,
      960.140625,
      960.140625,
      960.140625,
      960.140625,
      960.140625,
      960.140625,
      960.140625,
      960.140625,
      960.140625,
      960.140625,
      960.140625,
      960.140625,
      960.140625,
      960.140625,
      960.140625,
      960.140625,
      960.140625,
      960.140625,
      960.140625,
      960.140625,
      960.140625,
      960.140625,
      960.140625
    ]
  }
}