{
  "model": {
    "model_name": "Qwen/Qwen3-0.6B",
    "num_layers": 28,
    "parameters": {
      "total_parameters_bytes": 3006529536,
      "parameters_per_layer_bytes": [
        62923776,
        62923776,
        62923776,
        62923776,
        62923776,
        62923776,
        62923776,
        62923776,
        62923776,
        62923776,
        62923776,
        62923776,
        62923776,
        62923776,
        62923776,
        62923776,
        62923776,
        62923776,
        62923776,
        62923776,
        62923776,
        62923776,
        62923776,
        62923776,
        62923776,
        62923776,
        62923776,
        62923776
      ]
    }
  },
  "execution_time": {
    "total_time_ms": 7438.304095499916,
    "forward_backward_time_ms": 6738.388030222268,
    "batch_generator_time_ms": 15.60732998768799,
    "layernorm_grads_all_reduce_time_ms": 0.02,
    "embedding_grads_all_reduce_time_ms": 0.04,
    "optimizer_time_ms": 684.2487352899602,
    "layer_compute_total_ms": [
      253.23435774771497,
      251.482759755163,
      241.67105350352358,
      264.7117770029581,
      265.2947750102612,
      264.88044824509416,
      258.5877402452752,
      251.93784898874583,
      255.80832175910473,
      250.94287749379873,
      234.15113873488735,
      226.63417599687818,
      230.98517650942085,
      233.2674869830953,
      229.6286249984405,
      227.51463199529098,
      232.38124549243366,
      236.18527824874036,
      228.25326349266106,
      228.52219949709252,
      230.94763725384837,
      234.85863076348323,
      234.07336099626264,
      256.85548050387297,
      229.60846649220912,
      220.74348975729663,
      223.15544100274565,
      242.07034175196895
    ]
  },
  "execution_memory": {
    "total_memory": 28070.94140625,
    "layer_memory_total_mb": [
      960.140625,
      960.140625,
      960.140625,
      960.140625,
      960.140625,
      960.140625,
      960.140625,
      960.140625,
      960.140625,
      960.140625,
      960.140625,
      960.140625,
      960.140625,
      960.140625,
      960.140625,
      960.140625,
      960.140625,
      960.140625,
      960.140625,
      960.140625,
      960.140625,
      960.140625,
      960.140625,
      960.140625,
      960.140625,
      960.140625,
      960.140625,
      960.140625
    ]
  }
}