{
  "model": {
    "model_name": "google-bert/bert-base-uncased",
    "num_layers": 12,
    "parameters": {
      "total_parameters_bytes": 433981440,
      "parameters_per_layer_bytes": [
        737191.176011732,
        737191.176011732,
        737191.176011732,
        737191.176011732,
        737191.176011732,
        737191.176011732,
        737191.176011732,
        737191.176011732,
        737191.176011732,
        737191.176011732,
        737191.176011732,
        737191.176011732
      ]
    }
  },
  "execution_time": {
    "total_time_ms": 40.064230813237145,
    "forward_backward_time_ms": 51.95258836847897,
    "batch_generator_time_ms": 4.512107735636512,
    "layernorm_grads_all_reduce_time_ms": 0.0005200370266362965,
    "embedding_grads_all_reduce_time_ms": 0.001040074053272593,
    "optimizer_time_ms": -1.566362507758841,
    "layer_compute_total_ms": [
      2.9045938638233375,
      3.0995897492338442,
      3.0481000575452155,
      3.111172267510474,
      3.027846740842638,
      2.847011041387488,
      3.1671340627107214,
      3.183381429986849,
      3.155573639743611,
      3.196455362926418,
      3.177373942543643,
      3.1986933160253277
    ]
  },
  "execution_memory": {
    "total_memory": 5280.732421875,
    "layer_memory_total_mb": [
      11.248644653499328,
      11.248644653499328,
      11.248644653499328,
      11.248644653499328,
      11.248644653499328,
      11.248644653499328,
      11.248644653499328,
      11.248644653499328,
      11.248644653499328,
      11.248644653499328,
      11.248644653499328,
      11.248644653499328
    ]
  }
}