{
  "model": {
    "model_name": "Qwen/Qwen3-1.7B",
    "num_layers": 28,
    "parameters": {
      "total_parameters_bytes": 8126959616,
      "parameters_per_layer_bytes": [
        88115536.10503282,
        88115536.10503282,
        88115536.10503282,
        88115536.10503282,
        88115536.10503282,
        88115536.10503282,
        88115536.10503282,
        88115536.10503282,
        88115536.10503282,
        88115536.10503282,
        88115536.10503282,
        88115536.10503282,
        88115536.10503282,
        88115536.10503282,
        88115536.10503282,
        88115536.10503282,
        88115536.10503282,
        88115536.10503282,
        88115536.10503282,
        88115536.10503282,
        88115536.10503282,
        88115536.10503282,
        88115536.10503282,
        88115536.10503282,
        88115536.10503282,
        88115536.10503282,
        88115536.10503282,
        88115536.10503282
      ]
    }
  },
  "execution_time": {
    "total_time_ms": 12636.675646605532,
    "forward_backward_time_ms": 14281.956295936014,
    "batch_generator_time_ms": 7.536256007230647,
    "layernorm_grads_all_reduce_time_ms": 0.0087527352297593,
    "embedding_grads_all_reduce_time_ms": 0.0175054704595186,
    "optimizer_time_ms": 1509.2999234090191,
    "layer_compute_total_ms": [
      435.3499323849544,
      434.32836640418327,
      431.78946093128303,
      428.18340951657325,
      427.1486129217396,
      426.36481334589814,
      420.84806564460655,
      415.6156273531224,
      417.761075161642,
      404.2252425677031,
      397.4758241813695,
      394.42693445901847,
      391.98193795921964,
      399.2080378587637,
      388.0789698075087,
      383.51002548585893,
      388.80044474680165,
      381.04693905763224,
      376.82062800549767,
      374.7425718868306,
      377.22937427501904,
      375.4601226490362,
      381.8283335935463,
      376.1881446510174,
      372.38353360123335,
      373.0403266975012,
      371.5351919062268,
      374.44126192980633
    ]
  },
  "execution_memory": {
    "total_memory": 88397.4453125,
    "layer_memory_total_mb": [
      1344.5363785557986,
      1344.5363785557986,
      1344.5363785557986,
      1344.5363785557986,
      1344.5363785557986,
      1344.5363785557986,
      1344.5363785557986,
      1344.5363785557986,
      1344.5363785557986,
      1344.5363785557986,
      1344.5363785557986,
      1344.5363785557986,
      1344.5363785557986,
      1344.5363785557986,
      1344.5363785557986,
      1344.5363785557986,
      1344.5363785557986,
      1344.5363785557986,
      1344.5363785557986,
      1344.5363785557986,
      1344.5363785557986,
      1344.5363785557986,
      1344.5363785557986,
      1344.5363785557986,
      1344.5363785557986,
      1344.5363785557986,
      1344.5363785557986,
      1344.5363785557986
    ]
  }
}