{
  "model": {
    "model_name": "google-bert/bert-base-uncased",
    "num_layers": 12,
    "parameters": {
      "total_parameters_bytes": 433981440,
      "parameters_per_layer_bytes": [
        480647.74692299863,
        480647.74692299863,
        480647.74692299863,
        480647.74692299863,
        480647.74692299863,
        480647.74692299863,
        480647.74692299863,
        480647.74692299863,
        480647.74692299863,
        480647.74692299863,
        480647.74692299863,
        480647.74692299863
      ]
    }
  },
  "execution_time": {
    "total_time_ms": 26.121829586683702,
    "forward_backward_time_ms": 31.0238798718661,
    "batch_generator_time_ms": 2.94188873602715,
    "layernorm_grads_all_reduce_time_ms": 0.0003390635065947852,
    "embedding_grads_all_reduce_time_ms": 0.0006781270131895704,
    "optimizer_time_ms": -1.021266443111852,
    "layer_compute_total_ms": [
      1.8937916537824055,
      2.0209287330524965,
      1.9873575169213022,
      2.028480520830906,
      1.974152379153,
      1.856247723841473,
      2.064967542992898,
      2.075560806624932,
      2.057430161329325,
      2.084084994943114,
      2.0716439321448727,
      2.0855441376318935
    ]
  },
  "execution_memory": {
    "total_memory": 5280.732421875,
    "layer_memory_total_mb": [
      7.3341025836639195,
      7.3341025836639195,
      7.3341025836639195,
      7.3341025836639195,
      7.3341025836639195,
      7.3341025836639195,
      7.3341025836639195,
      7.3341025836639195,
      7.3341025836639195,
      7.3341025836639195,
      7.3341025836639195,
      7.3341025836639195
    ]
  }
}