{
  "model": {
    "model_name": "google-bert/bert-base-uncased",
    "num_layers": 12,
    "parameters": {
      "total_parameters_bytes": 433981440,
      "parameters_per_layer_bytes": [
        737191.176011732,
        737191.176011732,
        737191.176011732,
        737191.176011732,
        737191.176011732,
        737191.176011732,
        737191.176011732,
        737191.176011732,
        737191.176011732,
        737191.176011732,
        737191.176011732,
        737191.176011732
      ]
    }
  },
  "execution_time": {
    "total_time_ms": 53.63171620037363,
    "forward_backward_time_ms": 67.05253405456851,
    "batch_generator_time_ms": 8.757094111995936,
    "layernorm_grads_all_reduce_time_ms": 0.0005200370266362965,
    "embedding_grads_all_reduce_time_ms": 0.001040074053272593,
    "optimizer_time_ms": -3.0318449296124483,
    "layer_compute_total_ms": [
      3.8698114083199657,
      4.05539315490873,
      4.04775218520289,
      4.114783469392615,
      4.093025562192385,
      4.062244903012477,
      4.08321662432717,
      3.9030283320084544,
      3.8387656455337544,
      3.893184707212687,
      3.897147701041764,
      4.046553213757341
    ]
  },
  "execution_memory": {
    "total_memory": 5280.732421875,
    "layer_memory_total_mb": [
      11.248644653499328,
      11.248644653499328,
      11.248644653499328,
      11.248644653499328,
      11.248644653499328,
      11.248644653499328,
      11.248644653499328,
      11.248644653499328,
      11.248644653499328,
      11.248644653499328,
      11.248644653499328,
      11.248644653499328
    ]
  }
}