{
  "model": {
    "model_name": "google-bert/bert-base-uncased",
    "num_layers": 12,
    "parameters": {
      "total_parameters_bytes": 433981440,
      "parameters_per_layer_bytes": [
        676840.3361344539,
        676840.3361344539,
        676840.3361344539,
        676840.3361344539,
        676840.3361344539,
        676840.3361344539,
        676840.3361344539,
        676840.3361344539,
        676840.3361344539,
        676840.3361344539,
        676840.3361344539,
        676840.3361344539
      ]
    }
  },
  "execution_time": {
    "total_time_ms": 17.616534436952367,
    "forward_backward_time_ms": 19.859488100374087,
    "batch_generator_time_ms": 1.9440736953655404,
    "layernorm_grads_all_reduce_time_ms": 0.0004774637127578305,
    "embedding_grads_all_reduce_time_ms": 0.000954927425515661,
    "optimizer_time_ms": 0.20759238954315537,
    "layer_compute_total_ms": [
      1.394868697550223,
      1.334144498842206,
      1.3416797173356854,
      1.3045459859490445,
      1.2256254596943459,
      1.2818034640224103,
      1.2289592722765932,
      1.241540274272155,
      1.2568334905619707,
      1.245306728759388,
      1.258244610153235,
      1.349883761488141
    ]
  },
  "execution_memory": {
    "total_memory": 5280.732421875,
    "layer_memory_total_mb": [
      10.327763918067228,
      10.327763918067228,
      10.327763918067228,
      10.327763918067228,
      10.327763918067228,
      10.327763918067228,
      10.327763918067228,
      10.327763918067228,
      10.327763918067228,
      10.327763918067228,
      10.327763918067228,
      10.327763918067228
    ]
  }
}