{
  "model": {
    "model_name": "Qwen/Qwen3-1.7B",
    "num_layers": 28,
    "parameters": {
      "total_parameters_bytes": 8126959616,
      "parameters_per_layer_bytes": [
        2237155.5555555555,
        2237155.5555555555,
        2237155.5555555555,
        2237155.5555555555,
        2237155.5555555555,
        2237155.5555555555,
        2237155.5555555555,
        2237155.5555555555,
        2237155.5555555555,
        2237155.5555555555,
        2237155.5555555555,
        2237155.5555555555,
        2237155.5555555555,
        2237155.5555555555,
        2237155.5555555555,
        2237155.5555555555,
        2237155.5555555555,
        2237155.5555555555,
        2237155.5555555555,
        2237155.5555555555,
        2237155.5555555555,
        2237155.5555555555,
        2237155.5555555555,
        2237155.5555555555,
        2237155.5555555555,
        2237155.5555555555,
        2237155.5555555555,
        2237155.5555555555
      ]
    }
  },
  "execution_time": {
    "total_time_ms": 247.05089288310975,
    "forward_backward_time_ms": 292.9979721336729,
    "batch_generator_time_ms": 0.1283783556169106,
    "layernorm_grads_all_reduce_time_ms": 0.00022222222222222223,
    "embedding_grads_all_reduce_time_ms": 0.00044444444444444447,
    "optimizer_time_ms": 21.214025421455453,
    "layer_compute_total_ms": [
      8.707267136034918,
      9.034868772303323,
      8.911202227884335,
      8.74366110850436,
      8.488748613712637,
      8.321464339193579,
      8.282049752920608,
      8.512646566507303,
      8.456555736160631,
      8.316168841459634,
      8.165227669330005,
      8.146056047472586,
      7.955657158648441,
      7.959147766491191,
      8.065612108394918,
      7.820771927557265,
      8.010385958510193,
      7.915300908239765,
      7.862882161215466,
      7.723829602441078,
      7.496845116677125,
      7.528661752682335,
      7.6019989666140955,
      7.590145197173115,
      7.45860230284355,
      7.480702702984369,
      7.5880389528012735,
      7.563323044612642
    ]
  },
  "execution_memory": {
    "total_memory": 88397.4453125,
    "layer_memory_total_mb": [
      34.13628472222222,
      34.13628472222222,
      34.13628472222222,
      34.13628472222222,
      34.13628472222222,
      34.13628472222222,
      34.13628472222222,
      34.13628472222222,
      34.13628472222222,
      34.13628472222222,
      34.13628472222222,
      34.13628472222222,
      34.13628472222222,
      34.13628472222222,
      34.13628472222222,
      34.13628472222222,
      34.13628472222222,
      34.13628472222222,
      34.13628472222222,
      34.13628472222222,
      34.13628472222222,
      34.13628472222222,
      34.13628472222222,
      34.13628472222222,
      34.13628472222222,
      34.13628472222222,
      34.13628472222222,
      34.13628472222222
    ]
  }
}