{
  "model": {
    "model_name": "Qwen/Qwen3-0.6B",
    "num_layers": 28,
    "parameters": {
      "total_parameters_bytes": 3006529536,
      "parameters_per_layer_bytes": [
        2636564.3722642367,
        2636564.3722642367,
        2636564.3722642367,
        2636564.3722642367,
        2636564.3722642367,
        2636564.3722642367,
        2636564.3722642367,
        2636564.3722642367,
        2636564.3722642367,
        2636564.3722642367,
        2636564.3722642367,
        2636564.3722642367,
        2636564.3722642367,
        2636564.3722642367,
        2636564.3722642367,
        2636564.3722642367,
        2636564.3722642367,
        2636564.3722642367,
        2636564.3722642367,
        2636564.3722642367,
        2636564.3722642367,
        2636564.3722642367,
        2636564.3722642367,
        2636564.3722642367,
        2636564.3722642367,
        2636564.3722642367,
        2636564.3722642367,
        2636564.3722642367
      ]
    }
  },
  "execution_time": {
    "total_time_ms": 276.15821910620997,
    "forward_backward_time_ms": 351.63187594905463,
    "batch_generator_time_ms": 0.40064235003194826,
    "layernorm_grads_all_reduce_time_ms": 0.0008380184851793499,
    "embedding_grads_all_reduce_time_ms": 0.0016760369703586997,
    "optimizer_time_ms": 24.535738623678533,
    "layer_compute_total_ms": [
      9.36290409314719,
      9.448192628220914,
      9.481719497703889,
      9.426079939115754,
      9.289692661607004,
      9.417691132160735,
      9.409239800160691,
      9.468900527535684,
      9.368340863611028,
      9.321075617269587,
      9.2907046424848,
      9.48671929161308,
      8.997008619856759,
      8.88781058902546,
      9.213235155015225,
      8.700584961651016,
      8.890596015636941,
      8.76820008520682,
      8.616358803577938,
      8.544061010599933,
      8.36388101387579,
      8.420632169401475,
      8.47643244657401,
      8.513777055283143,
      8.636334398790039,
      8.30957083747381,
      8.37990145488063,
      8.729678765564602
    ]
  },
  "execution_memory": {
    "total_memory": 28070.94140625,
    "layer_memory_total_mb": [
      40.23077960608271,
      40.23077960608271,
      40.23077960608271,
      40.23077960608271,
      40.23077960608271,
      40.23077960608271,
      40.23077960608271,
      40.23077960608271,
      40.23077960608271,
      40.23077960608271,
      40.23077960608271,
      40.23077960608271,
      40.23077960608271,
      40.23077960608271,
      40.23077960608271,
      40.23077960608271,
      40.23077960608271,
      40.23077960608271,
      40.23077960608271,
      40.23077960608271,
      40.23077960608271,
      40.23077960608271,
      40.23077960608271,
      40.23077960608271,
      40.23077960608271,
      40.23077960608271,
      40.23077960608271,
      40.23077960608271
    ]
  }
}