{
  "model": {
    "model_name": "google-bert/bert-base-uncased",
    "num_layers": 12,
    "parameters": {
      "total_parameters_bytes": 433981440,
      "parameters_per_layer_bytes": [
        715946.6666666666,
        715946.6666666666,
        715946.6666666666,
        715946.6666666666,
        715946.6666666666,
        715946.6666666666,
        715946.6666666666,
        715946.6666666666,
        715946.6666666666,
        715946.6666666666,
        715946.6666666666,
        715946.6666666666
      ]
    }
  },
  "execution_time": {
    "total_time_ms": 23.397905164106625,
    "forward_backward_time_ms": 25.62380942473967,
    "batch_generator_time_ms": 3.372524975801376,
    "layernorm_grads_all_reduce_time_ms": 0.000505050505050505,
    "embedding_grads_all_reduce_time_ms": 0.00101010101010101,
    "optimizer_time_ms": 0.03791143314999933,
    "layer_compute_total_ms": [
      1.760956149173764,
      1.6703932197568139,
      1.7043729545695547,
      1.6921304286554022,
      1.714242190622955,
      1.750650580556748,
      1.6315753343562134,
      1.6852322284713142,
      1.5981176454600916,
      1.5662547410083605,
      1.6091518626475443,
      1.6028762683613376
    ]
  },
  "execution_memory": {
    "total_memory": 5280.732421875,
    "layer_memory_total_mb": [
      10.924479166666666,
      10.924479166666666,
      10.924479166666666,
      10.924479166666666,
      10.924479166666666,
      10.924479166666666,
      10.924479166666666,
      10.924479166666666,
      10.924479166666666,
      10.924479166666666,
      10.924479166666666,
      10.924479166666666
    ]
  }
}