{
  "model": {
    "model_name": "google-bert/bert-base-uncased",
    "num_layers": 12,
    "parameters": {
      "total_parameters_bytes": 433981440,
      "parameters_per_layer_bytes": [
        28351488.0,
        28351488.0,
        28351488.0,
        28351488.0,
        28351488.0,
        28351488.0,
        28351488.0,
        28351488.0,
        28351488.0,
        28351488.0,
        28351488.0,
        28351488.0
      ]
    }
  },
  "execution_time": {
    "total_time_ms": 1168.0497959896456,
    "forward_backward_time_ms": 1142.1686518006027,
    "batch_generator_time_ms": 81.44865499343723,
    "layernorm_grads_all_reduce_time_ms": 0.02,
    "embedding_grads_all_reduce_time_ms": 0.04,
    "optimizer_time_ms": -55.62751080439426,
    "layer_compute_total_ms": [
      95.0876512506511,
      91.30564746737946,
      94.223826774396,
      92.96258052927442,
      92.90538150526118,
      92.6863812492229,
      93.85218475654256,
      95.55627522058785,
      96.20243997778744,
      97.50907903071493,
      98.27541127742734,
      101.6017927613575
    ]
  },
  "execution_memory": {
    "total_memory": 5280.732421875,
    "layer_memory_total_mb": [
      432.609375,
      432.609375,
      432.609375,
      432.609375,
      432.609375,
      432.609375,
      432.609375,
      432.609375,
      432.609375,
      432.609375,
      432.609375,
      432.609375
    ]
  }
}