{
  "model": {
    "model_name": "Qwen/Qwen3-1.7B",
    "num_layers": 28,
    "parameters": {
      "total_parameters_bytes": 8126959616,
      "parameters_per_layer_bytes": [
        12337254.901960785,
        12337254.901960785,
        12337254.901960785,
        12337254.901960785,
        12337254.901960785,
        12337254.901960785,
        12337254.901960785,
        12337254.901960785,
        12337254.901960785,
        12337254.901960785,
        12337254.901960785,
        12337254.901960785,
        12337254.901960785,
        12337254.901960785,
        12337254.901960785,
        12337254.901960785,
        12337254.901960785,
        12337254.901960785,
        12337254.901960785,
        12337254.901960785,
        12337254.901960785,
        12337254.901960785,
        12337254.901960785,
        12337254.901960785,
        12337254.901960785,
        12337254.901960785,
        12337254.901960785,
        12337254.901960785
      ]
    }
  },
  "execution_time": {
    "total_time_ms": 421.7536312799162,
    "forward_backward_time_ms": 463.1554413895214,
    "batch_generator_time_ms": 3.42196010880049,
    "layernorm_grads_all_reduce_time_ms": 0.0012254901960784314,
    "embedding_grads_all_reduce_time_ms": 0.0024509803921568627,
    "optimizer_time_ms": 30.708614123221622,
    "layer_compute_total_ms": [
      17.69683949087088,
      15.068671537472468,
      15.789176287024233,
      15.898156237323978,
      16.139398222352895,
      15.972229288772544,
      16.418186749647514,
      16.039941051620225,
      15.263249249484016,
      15.561860969041042,
      13.819265807921742,
      13.439795589411183,
      13.650713449975477,
      12.735393628128232,
      12.876643276125405,
      12.810931939740982,
      12.176824693775487,
      12.844678142345419,
      12.055413310686252,
      12.325250077529013,
      12.391302987131947,
      13.20702602635149,
      12.36411383294634,
      11.796416374279799,
      11.653338922805428,
      11.69474848407559,
      12.339380193189557,
      13.590434757276727
    ]
  },
  "execution_memory": {
    "total_memory": 88397.4453125,
    "layer_memory_total_mb": [
      188.25157015931373,
      188.25157015931373,
      188.25157015931373,
      188.25157015931373,
      188.25157015931373,
      188.25157015931373,
      188.25157015931373,
      188.25157015931373,
      188.25157015931373,
      188.25157015931373,
      188.25157015931373,
      188.25157015931373,
      188.25157015931373,
      188.25157015931373,
      188.25157015931373,
      188.25157015931373,
      188.25157015931373,
      188.25157015931373,
      188.25157015931373,
      188.25157015931373,
      188.25157015931373,
      188.25157015931373,
      188.25157015931373,
      188.25157015931373,
      188.25157015931373,
      188.25157015931373,
      188.25157015931373,
      188.25157015931373
    ]
  }
}