{
  "model": {
    "model_name": "Qwen/Qwen3-1.7B",
    "num_layers": 28,
    "parameters": {
      "total_parameters_bytes": 8126959616,
      "parameters_per_layer_bytes": [
        10574789.915966386,
        10574789.915966386,
        10574789.915966386,
        10574789.915966386,
        10574789.915966386,
        10574789.915966386,
        10574789.915966386,
        10574789.915966386,
        10574789.915966386,
        10574789.915966386,
        10574789.915966386,
        10574789.915966386,
        10574789.915966386,
        10574789.915966386,
        10574789.915966386,
        10574789.915966386,
        10574789.915966386,
        10574789.915966386,
        10574789.915966386,
        10574789.915966386,
        10574789.915966386,
        10574789.915966386,
        10574789.915966386,
        10574789.915966386,
        10574789.915966386,
        10574789.915966386,
        10574789.915966386,
        10574789.915966386
      ]
    }
  },
  "execution_time": {
    "total_time_ms": 515.9051869217548,
    "forward_backward_time_ms": 562.6723647787228,
    "batch_generator_time_ms": 0.5808000545997658,
    "layernorm_grads_all_reduce_time_ms": 0.0010504201680672268,
    "embedding_grads_all_reduce_time_ms": 0.0021008403361344537,
    "optimizer_time_ms": 77.20077470901639,
    "layer_compute_total_ms": [
      17.094386961265123,
      17.44311881690514,
      17.557833745144798,
      17.4299864899213,
      16.76941926211648,
      16.681086292025437,
      16.538926916348085,
      16.50011624230249,
      16.696372951337864,
      15.912607603454758,
      15.339031657628361,
      15.044461581070943,
      15.238843708412336,
      15.447661737672213,
      15.46979512812784,
      15.546564063391875,
      15.420557629266176,
      15.068001232998732,
      15.178300472747528,
      14.970548621962383,
      14.915137802470307,
      14.835757944080392,
      14.748183745547724,
      14.605426747016091,
      14.376980028323832,
      14.40285795520866,
      14.362595705454876,
      14.525899855432712
    ]
  },
  "execution_memory": {
    "total_memory": 88397.4453125,
    "layer_memory_total_mb": [
      161.35848870798318,
      161.35848870798318,
      161.35848870798318,
      161.35848870798318,
      161.35848870798318,
      161.35848870798318,
      161.35848870798318,
      161.35848870798318,
      161.35848870798318,
      161.35848870798318,
      161.35848870798318,
      161.35848870798318,
      161.35848870798318,
      161.35848870798318,
      161.35848870798318,
      161.35848870798318,
      161.35848870798318,
      161.35848870798318,
      161.35848870798318,
      161.35848870798318,
      161.35848870798318,
      161.35848870798318,
      161.35848870798318,
      161.35848870798318,
      161.35848870798318,
      161.35848870798318,
      161.35848870798318,
      161.35848870798318
    ]
  }
}