{
  "model": {
    "model_name": "Qwen/Qwen3-0.6B",
    "num_layers": 28,
    "parameters": {
      "total_parameters_bytes": 3006529536,
      "parameters_per_layer_bytes": [
        27537757.549234137,
        27537757.549234137,
        27537757.549234137,
        27537757.549234137,
        27537757.549234137,
        27537757.549234137,
        27537757.549234137,
        27537757.549234137,
        27537757.549234137,
        27537757.549234137,
        27537757.549234137,
        27537757.549234137,
        27537757.549234137,
        27537757.549234137,
        27537757.549234137,
        27537757.549234137,
        27537757.549234137,
        27537757.549234137,
        27537757.549234137,
        27537757.549234137,
        27537757.549234137,
        27537757.549234137,
        27537757.549234137,
        27537757.549234137,
        27537757.549234137,
        27537757.549234137,
        27537757.549234137,
        27537757.549234137
      ]
    }
  },
  "execution_time": {
    "total_time_ms": 1422.8295485812077,
    "forward_backward_time_ms": 1943.4502154682193,
    "batch_generator_time_ms": 6.166381185214061,
    "layernorm_grads_all_reduce_time_ms": 0.0087527352297593,
    "embedding_grads_all_reduce_time_ms": 0.0175054704595186,
    "optimizer_time_ms": -96.51737648097664,
    "layer_compute_total_ms": [
      58.83788620873254,
      55.113013897318375,
      53.53826979983749,
      52.289320575022415,
      52.06716291100007,
      53.04795021575384,
      52.29615788314292,
      54.46382396341418,
      56.32975372191339,
      56.79595776700111,
      53.66837669072746,
      53.08944463902571,
      54.760558428920405,
      55.63743304167273,
      55.90052429114874,
      56.8727529522376,
      56.53943478079366,
      54.974791578438,
      56.234212246819254,
      54.75836334733753,
      53.43513906471272,
      54.614164881663974,
      54.252956019122465,
      52.37638938693631,
      53.50181400109514,
      52.83770459987879,
      49.04795973892864,
      45.87296903868567
    ]
  },
  "execution_memory": {
    "total_memory": 28070.94140625,
    "layer_memory_total_mb": [
      420.19283369803065,
      420.19283369803065,
      420.19283369803065,
      420.19283369803065,
      420.19283369803065,
      420.19283369803065,
      420.19283369803065,
      420.19283369803065,
      420.19283369803065,
      420.19283369803065,
      420.19283369803065,
      420.19283369803065,
      420.19283369803065,
      420.19283369803065,
      420.19283369803065,
      420.19283369803065,
      420.19283369803065,
      420.19283369803065,
      420.19283369803065,
      420.19283369803065,
      420.19283369803065,
      420.19283369803065,
      420.19283369803065,
      420.19283369803065,
      420.19283369803065,
      420.19283369803065,
      420.19283369803065,
      420.19283369803065
    ]
  }
}