{
  "model": {
    "model_name": "Qwen/Qwen3-0.6B",
    "num_layers": 28,
    "parameters": {
      "total_parameters_bytes": 3006529536,
      "parameters_per_layer_bytes": [
        27537757.549234137,
        27537757.549234137,
        27537757.549234137,
        27537757.549234137,
        27537757.549234137,
        27537757.549234137,
        27537757.549234137,
        27537757.549234137,
        27537757.549234137,
        27537757.549234137,
        27537757.549234137,
        27537757.549234137,
        27537757.549234137,
        27537757.549234137,
        27537757.549234137,
        27537757.549234137,
        27537757.549234137,
        27537757.549234137,
        27537757.549234137,
        27537757.549234137,
        27537757.549234137,
        27537757.549234137,
        27537757.549234137,
        27537757.549234137,
        27537757.549234137,
        27537757.549234137,
        27537757.549234137,
        27537757.549234137
      ]
    }
  },
  "execution_time": {
    "total_time_ms": 3088.0074078778594,
    "forward_backward_time_ms": 3375.655373537423,
    "batch_generator_time_ms": 5.354165419002819,
    "layernorm_grads_all_reduce_time_ms": 0.0087527352297593,
    "embedding_grads_all_reduce_time_ms": 0.0175054704595186,
    "optimizer_time_ms": 454.3695919294638,
    "layer_compute_total_ms": [
      102.02736641227877,
      98.72107593028315,
      96.97541159603651,
      93.85635634360497,
      95.07472243229299,
      92.84665327836582,
      92.68913664195291,
      94.39293840539354,
      96.80401422521527,
      89.86411586338124,
      94.67517647902936,
      97.44444420865352,
      97.81925251740041,
      103.14364397910543,
      90.87631444197609,
      91.09025798609105,
      92.82067658443867,
      89.79895897196907,
      90.38563511671633,
      90.7468069912825,
      93.2461679434196,
      92.91824901652781,
      89.84089431508814,
      93.49906597430645,
      93.2362537235745,
      92.68195098263458,
      87.23535251136792,
      93.54649945131668
    ]
  },
  "execution_memory": {
    "total_memory": 28070.94140625,
    "layer_memory_total_mb": [
      420.19283369803065,
      420.19283369803065,
      420.19283369803065,
      420.19283369803065,
      420.19283369803065,
      420.19283369803065,
      420.19283369803065,
      420.19283369803065,
      420.19283369803065,
      420.19283369803065,
      420.19283369803065,
      420.19283369803065,
      420.19283369803065,
      420.19283369803065,
      420.19283369803065,
      420.19283369803065,
      420.19283369803065,
      420.19283369803065,
      420.19283369803065,
      420.19283369803065,
      420.19283369803065,
      420.19283369803065,
      420.19283369803065,
      420.19283369803065,
      420.19283369803065,
      420.19283369803065,
      420.19283369803065,
      420.19283369803065
    ]
  }
}