{
  "model": {
    "model_name": "Qwen/Qwen3-1.7B",
    "num_layers": 28,
    "parameters": {
      "total_parameters_bytes": 8126959616,
      "parameters_per_layer_bytes": [
        201344000.0,
        201344000.0,
        201344000.0,
        201344000.0,
        201344000.0,
        201344000.0,
        201344000.0,
        201344000.0,
        201344000.0,
        201344000.0,
        201344000.0,
        201344000.0,
        201344000.0,
        201344000.0,
        201344000.0,
        201344000.0,
        201344000.0,
        201344000.0,
        201344000.0,
        201344000.0,
        201344000.0,
        201344000.0,
        201344000.0,
        201344000.0,
        201344000.0,
        201344000.0,
        201344000.0,
        201344000.0
      ]
    }
  },
  "execution_time": {
    "total_time_ms": 22234.580359479878,
    "forward_backward_time_ms": 20313.704019543366,
    "batch_generator_time_ms": 11.554052005521953,
    "layernorm_grads_all_reduce_time_ms": 0.02,
    "embedding_grads_all_reduce_time_ms": 0.04,
    "optimizer_time_ms": 1909.2622879309906,
    "layer_compute_total_ms": [
      783.6540422431426,
      813.1381895072991,
      802.0082005095901,
      786.9294997653924,
      763.9873752341373,
      748.931790527422,
      745.3844777628547,
      766.1381909856573,
      761.0900162544567,
      748.455195731367,
      734.8704902397003,
      733.1450442725327,
      716.0091442783596,
      716.3232989842072,
      725.9050897555426,
      703.8694734801538,
      720.9347362659173,
      712.3770817415789,
      707.6593945093919,
      695.144664219697,
      674.7160605009412,
      677.5795577414101,
      684.1799069952685,
      683.1130677455803,
      671.2742072559195,
      673.2632432685932,
      682.9235057521146,
      680.6990740151377
    ]
  },
  "execution_memory": {
    "total_memory": 88397.4453125,
    "layer_memory_total_mb": [
      3072.265625,
      3072.265625,
      3072.265625,
      3072.265625,
      3072.265625,
      3072.265625,
      3072.265625,
      3072.265625,
      3072.265625,
      3072.265625,
      3072.265625,
      3072.265625,
      3072.265625,
      3072.265625,
      3072.265625,
      3072.265625,
      3072.265625,
      3072.265625,
      3072.265625,
      3072.265625,
      3072.265625,
      3072.265625,
      3072.265625,
      3072.265625,
      3072.265625,
      3072.265625,
      3072.265625,
      3072.265625
    ]
  }
}