{
  "model": {
    "model_name": "Qwen/Qwen3-0.6B",
    "num_layers": 28,
    "parameters": {
      "total_parameters_bytes": 3006529536,
      "parameters_per_layer_bytes": [
        27537757.549234137,
        27537757.549234137,
        27537757.549234137,
        27537757.549234137,
        27537757.549234137,
        27537757.549234137,
        27537757.549234137,
        27537757.549234137,
        27537757.549234137,
        27537757.549234137,
        27537757.549234137,
        27537757.549234137,
        27537757.549234137,
        27537757.549234137,
        27537757.549234137,
        27537757.549234137,
        27537757.549234137,
        27537757.549234137,
        27537757.549234137,
        27537757.549234137,
        27537757.549234137,
        27537757.549234137,
        27537757.549234137,
        27537757.549234137,
        27537757.549234137,
        27537757.549234137,
        27537757.549234137,
        27537757.549234137
      ]
    }
  },
  "execution_time": {
    "total_time_ms": 2611.674584686008,
    "forward_backward_time_ms": 2776.365523618256,
    "batch_generator_time_ms": 4.467334793432243,
    "layernorm_grads_all_reduce_time_ms": 0.0087527352297593,
    "embedding_grads_all_reduce_time_ms": 0.0175054704595186,
    "optimizer_time_ms": 445.5257266247839,
    "layer_compute_total_ms": [
      79.10405261647384,
      78.63788785200455,
      76.89203522807493,
      77.18009004293975,
      78.18528719519466,
      79.19465579564788,
      78.20776608633489,
      81.87143074010277,
      78.654187636937,
      80.29745755023252,
      77.30041717750242,
      75.67216236976279,
      75.17382341306616,
      73.27696673660712,
      78.23405230300159,
      73.85211017329748,
      77.963623086284,
      77.67293785193822,
      75.42058019501441,
      76.26536772642447,
      76.34463697606677,
      78.08480831257963,
      74.83228522452731,
      75.57495152888538,
      75.31979649913083,
      76.79885470410768,
      76.49806367411203,
      79.14497636585176
    ]
  },
  "execution_memory": {
    "total_memory": 28070.94140625,
    "layer_memory_total_mb": [
      420.19283369803065,
      420.19283369803065,
      420.19283369803065,
      420.19283369803065,
      420.19283369803065,
      420.19283369803065,
      420.19283369803065,
      420.19283369803065,
      420.19283369803065,
      420.19283369803065,
      420.19283369803065,
      420.19283369803065,
      420.19283369803065,
      420.19283369803065,
      420.19283369803065,
      420.19283369803065,
      420.19283369803065,
      420.19283369803065,
      420.19283369803065,
      420.19283369803065,
      420.19283369803065,
      420.19283369803065,
      420.19283369803065,
      420.19283369803065,
      420.19283369803065,
      420.19283369803065,
      420.19283369803065,
      420.19283369803065
    ]
  }
}