{
  "model": {
    "model_name": "Qwen/Qwen3-1.7B",
    "num_layers": 28,
    "parameters": {
      "total_parameters_bytes": 8126959616,
      "parameters_per_layer_bytes": [
        4806722.689075631,
        4806722.689075631,
        4806722.689075631,
        4806722.689075631,
        4806722.689075631,
        4806722.689075631,
        4806722.689075631,
        4806722.689075631,
        4806722.689075631,
        4806722.689075631,
        4806722.689075631,
        4806722.689075631,
        4806722.689075631,
        4806722.689075631,
        4806722.689075631,
        4806722.689075631,
        4806722.689075631,
        4806722.689075631,
        4806722.689075631,
        4806722.689075631,
        4806722.689075631,
        4806722.689075631,
        4806722.689075631,
        4806722.689075631,
        4806722.689075631,
        4806722.689075631,
        4806722.689075631,
        4806722.689075631
      ]
    }
  },
  "execution_time": {
    "total_time_ms": 657.1482781350181,
    "forward_backward_time_ms": 753.8639694762126,
    "batch_generator_time_ms": 0.3668318369180908,
    "layernorm_grads_all_reduce_time_ms": 0.0004774637127578305,
    "embedding_grads_all_reduce_time_ms": 0.000954927425515661,
    "optimizer_time_ms": 69.78969692040413,
    "layer_compute_total_ms": [
      21.97934650806174,
      22.562660822411534,
      21.89807251523136,
      21.785862383550104,
      21.490110353802784,
      21.67782360624086,
      21.362365981745533,
      21.23744389194848,
      20.66605827491695,
      20.60734705061879,
      21.463254411066,
      21.652164581807448,
      21.21253435958724,
      21.319519319837404,
      21.395909229194505,
      21.086335429900448,
      21.005138846255484,
      20.528682248358148,
      20.71289987006898,
      20.873974044230962,
      20.737042070643785,
      20.4197635724442,
      19.786846799713995,
      19.92401445540873,
      19.829551291063968,
      19.95970331619618,
      20.00011470981035,
      19.8157770424417
    ]
  },
  "execution_memory": {
    "total_memory": 88397.4453125,
    "layer_memory_total_mb": [
      73.34476759453783,
      73.34476759453783,
      73.34476759453783,
      73.34476759453783,
      73.34476759453783,
      73.34476759453783,
      73.34476759453783,
      73.34476759453783,
      73.34476759453783,
      73.34476759453783,
      73.34476759453783,
      73.34476759453783,
      73.34476759453783,
      73.34476759453783,
      73.34476759453783,
      73.34476759453783,
      73.34476759453783,
      73.34476759453783,
      73.34476759453783,
      73.34476759453783,
      73.34476759453783,
      73.34476759453783,
      73.34476759453783,
      73.34476759453783,
      73.34476759453783,
      73.34476759453783,
      73.34476759453783,
      73.34476759453783
    ]
  }
}