{
  "model": {
    "model_name": "Qwen/Qwen3-1.7B",
    "num_layers": 28,
    "parameters": {
      "total_parameters_bytes": 8126959616,
      "parameters_per_layer_bytes": [
        8436499.69399755,
        8436499.69399755,
        8436499.69399755,
        8436499.69399755,
        8436499.69399755,
        8436499.69399755,
        8436499.69399755,
        8436499.69399755,
        8436499.69399755,
        8436499.69399755,
        8436499.69399755,
        8436499.69399755,
        8436499.69399755,
        8436499.69399755,
        8436499.69399755,
        8436499.69399755,
        8436499.69399755,
        8436499.69399755,
        8436499.69399755,
        8436499.69399755,
        8436499.69399755,
        8436499.69399755,
        8436499.69399755,
        8436499.69399755,
        8436499.69399755,
        8436499.69399755,
        8436499.69399755,
        8436499.69399755
      ]
    }
  },
  "execution_time": {
    "total_time_ms": 1153.3911161542912,
    "forward_backward_time_ms": 1442.0468151512384,
    "batch_generator_time_ms": 0.643843400190657,
    "layernorm_grads_all_reduce_time_ms": 0.0008380184851793499,
    "embedding_grads_all_reduce_time_ms": 0.0016760369703586997,
    "optimizer_time_ms": 122.49110148403386,
    "layer_compute_total_ms": [
      38.57696024589851,
      39.60076198210036,
      38.4343125293573,
      38.23736737507498,
      37.71827940810466,
      38.04774355638021,
      37.49406939527819,
      37.2748128996327,
      36.27194776780457,
      36.16890100229189,
      37.67114330990706,
      38.0027082244538,
      37.231093035655356,
      37.41886725164334,
      37.552942689026146,
      37.00959549969282,
      36.86708364756721,
      36.030832795921555,
      36.354161602204584,
      36.63687028105491,
      36.39653468693125,
      35.83966462678481,
      34.72880333836479,
      34.96955258897686,
      34.803755951925204,
      35.03219174721179,
      35.103119639647694,
      34.779580135718675
    ]
  },
  "execution_memory": {
    "total_memory": 88397.4453125,
    "layer_memory_total_mb": [
      128.73076925655442,
      128.73076925655442,
      128.73076925655442,
      128.73076925655442,
      128.73076925655442,
      128.73076925655442,
      128.73076925655442,
      128.73076925655442,
      128.73076925655442,
      128.73076925655442,
      128.73076925655442,
      128.73076925655442,
      128.73076925655442,
      128.73076925655442,
      128.73076925655442,
      128.73076925655442,
      128.73076925655442,
      128.73076925655442,
      128.73076925655442,
      128.73076925655442,
      128.73076925655442,
      128.73076925655442,
      128.73076925655442,
      128.73076925655442,
      128.73076925655442,
      128.73076925655442,
      128.73076925655442,
      128.73076925655442
    ]
  }
}