{
  "model": {
    "model_name": "Qwen/Qwen3-0.6B",
    "num_layers": 28,
    "parameters": {
      "total_parameters_bytes": 3006529536,
      "parameters_per_layer_bytes": [
        1613430.1538461538,
        1613430.1538461538,
        1613430.1538461538,
        1613430.1538461538,
        1613430.1538461538,
        1613430.1538461538,
        1613430.1538461538,
        1613430.1538461538,
        1613430.1538461538,
        1613430.1538461538,
        1613430.1538461538,
        1613430.1538461538,
        1613430.1538461538,
        1613430.1538461538,
        1613430.1538461538,
        1613430.1538461538,
        1613430.1538461538,
        1613430.1538461538,
        1613430.1538461538,
        1613430.1538461538,
        1613430.1538461538,
        1613430.1538461538,
        1613430.1538461538,
        1613430.1538461538,
        1613430.1538461538,
        1613430.1538461538,
        1613430.1538461538,
        1613430.1538461538
      ]
    }
  },
  "execution_time": {
    "total_time_ms": 239.10110661586842,
    "forward_backward_time_ms": 249.65392022127511,
    "batch_generator_time_ms": 0.3926980261428234,
    "layernorm_grads_all_reduce_time_ms": 0.0005128205128205128,
    "embedding_grads_all_reduce_time_ms": 0.0010256410256410256,
    "optimizer_time_ms": 29.429622237548138,
    "layer_compute_total_ms": [
      7.774339115339665,
      7.662037852405308,
      8.021977898375226,
      7.933853897460115,
      7.91344527552167,
      8.09651078881684,
      8.102276743440411,
      8.0836124812217,
      7.99971219832794,
      8.13563107080065,
      7.245261706441688,
      7.27192485310997,
      7.4807476735142515,
      7.283376680182603,
      7.354482274818927,
      7.33627939711695,
      7.168612032472036,
      7.093717396716014,
      7.176510525497202,
      7.295041698410223,
      7.313467993905457,
      7.209964928990349,
      7.094868986034551,
      7.086762288310684,
      7.252742423681924,
      7.185727544054269,
      6.899924505910931,
      6.804437659761438
    ]
  },
  "execution_memory": {
    "total_memory": 28070.94140625,
    "layer_memory_total_mb": [
      24.618990384615383,
      24.618990384615383,
      24.618990384615383,
      24.618990384615383,
      24.618990384615383,
      24.618990384615383,
      24.618990384615383,
      24.618990384615383,
      24.618990384615383,
      24.618990384615383,
      24.618990384615383,
      24.618990384615383,
      24.618990384615383,
      24.618990384615383,
      24.618990384615383,
      24.618990384615383,
      24.618990384615383,
      24.618990384615383,
      24.618990384615383,
      24.618990384615383,
      24.618990384615383,
      24.618990384615383,
      24.618990384615383,
      24.618990384615383,
      24.618990384615383,
      24.618990384615383,
      24.618990384615383,
      24.618990384615383
    ]
  }
}