{
  "model": {
    "model_name": "Qwen/Qwen3-1.7B",
    "num_layers": 28,
    "parameters": {
      "total_parameters_bytes": 8126959616,
      "parameters_per_layer_bytes": [
        5162666.666666666,
        5162666.666666666,
        5162666.666666666,
        5162666.666666666,
        5162666.666666666,
        5162666.666666666,
        5162666.666666666,
        5162666.666666666,
        5162666.666666666,
        5162666.666666666,
        5162666.666666666,
        5162666.666666666,
        5162666.666666666,
        5162666.666666666,
        5162666.666666666,
        5162666.666666666,
        5162666.666666666,
        5162666.666666666,
        5162666.666666666,
        5162666.666666666,
        5162666.666666666,
        5162666.666666666,
        5162666.666666666,
        5162666.666666666,
        5162666.666666666,
        5162666.666666666,
        5162666.666666666,
        5162666.666666666
      ]
    }
  },
  "execution_time": {
    "total_time_ms": 176.48767339713416,
    "forward_backward_time_ms": 193.4984119659923,
    "batch_generator_time_ms": 1.4319586916826665,
    "layernorm_grads_all_reduce_time_ms": 0.0005128205128205128,
    "embedding_grads_all_reduce_time_ms": 0.0010256410256410256,
    "optimizer_time_ms": 12.850373910025048,
    "layer_compute_total_ms": [
      7.405446679256737,
      6.305659474142326,
      6.607163000108602,
      6.652766917772495,
      6.753717409969211,
      6.683763640840203,
      6.870379686006345,
      6.712098409293386,
      6.387082762861003,
      6.512040282429482,
      5.782831230391867,
      5.624037538953603,
      5.712298551374354,
      5.329272410539814,
      5.388379955547862,
      5.360882288630073,
      5.095532794933742,
      5.37500377648916,
      5.044726800779477,
      5.157643109365987,
      5.1852837115382915,
      5.5266324294886235,
      5.173906096248314,
      4.936346544314008,
      4.876474133850887,
      4.893802442567017,
      5.163556019303938,
      5.687074236891185
    ]
  },
  "execution_memory": {
    "total_memory": 88397.4453125,
    "layer_memory_total_mb": [
      78.77604166666666,
      78.77604166666666,
      78.77604166666666,
      78.77604166666666,
      78.77604166666666,
      78.77604166666666,
      78.77604166666666,
      78.77604166666666,
      78.77604166666666,
      78.77604166666666,
      78.77604166666666,
      78.77604166666666,
      78.77604166666666,
      78.77604166666666,
      78.77604166666666,
      78.77604166666666,
      78.77604166666666,
      78.77604166666666,
      78.77604166666666,
      78.77604166666666,
      78.77604166666666,
      78.77604166666666,
      78.77604166666666,
      78.77604166666666,
      78.77604166666666,
      78.77604166666666,
      78.77604166666666,
      78.77604166666666
    ]
  }
}