{
  "model": {
    "model_name": "Qwen/Qwen3-0.6B",
    "num_layers": 28,
    "parameters": {
      "total_parameters_bytes": 3006529536,
      "parameters_per_layer_bytes": [
        62923776,
        62923776,
        62923776,
        62923776,
        62923776,
        62923776,
        62923776,
        62923776,
        62923776,
        62923776,
        62923776,
        62923776,
        62923776,
        62923776,
        62923776,
        62923776,
        62923776,
        62923776,
        62923776,
        62923776,
        62923776,
        62923776,
        62923776,
        62923776,
        62923776,
        62923776,
        62923776,
        62923776
      ]
    }
  },
  "execution_time": {
    "total_time_ms": 4526.912560497294,
    "forward_backward_time_ms": 4838.717474282021,
    "batch_generator_time_ms": 10.53932000650093,
    "layernorm_grads_all_reduce_time_ms": 0.02,
    "embedding_grads_all_reduce_time_ms": 0.04,
    "optimizer_time_ms": -322.40423379122745,
    "layer_compute_total_ms": [
      198.8833977447939,
      205.8676052474766,
      179.043473515776,
      187.5982437559287,
      186.34673276392277,
      178.26984050043393,
      187.46279850893188,
      180.279661246459,
      179.8909412464127,
      190.05418424785603,
      192.60370623669587,
      179.61613400257193,
      166.2645154792699,
      180.31283549498767,
      177.74403050134424,
      181.99575800827006,
      172.7005277571152,
      175.28555152239278,
      172.60787125997012,
      173.99691773607628,
      175.1031724998029,
      156.9498874960118,
      137.66469075198984,
      156.77580250485335,
      140.10399774997495,
      138.193603255786,
      148.70348275144352,
      138.3981104954728
    ]
  },
  "execution_memory": {
    "total_memory": 28070.94140625,
    "layer_memory_total_mb": [
      960.140625,
      960.140625,
      960.140625,
      960.140625,
      960.140625,
      960.140625,
      960.140625,
      960.140625,
      960.140625,
      960.140625,
      960.140625,
      960.140625,
      960.140625,
      960.140625,
      960.140625,
      960.140625,
      960.140625,
      960.140625,
      960.140625,
      960.140625,
      960.140625,
      960.140625,
      960.140625,
      960.140625,
      960.140625,
      960.140625,
      960.140625,
      960.140625
    ]
  }
}