{
  "model": {
    "model_name": "Qwen/Qwen3-1.7B",
    "num_layers": 28,
    "parameters": {
      "total_parameters_bytes": 8126959616,
      "parameters_per_layer_bytes": [
        3413420.133591021,
        3413420.133591021,
        3413420.133591021,
        3413420.133591021,
        3413420.133591021,
        3413420.133591021,
        3413420.133591021,
        3413420.133591021,
        3413420.133591021,
        3413420.133591021,
        3413420.133591021,
        3413420.133591021,
        3413420.133591021,
        3413420.133591021,
        3413420.133591021,
        3413420.133591021,
        3413420.133591021,
        3413420.133591021,
        3413420.133591021,
        3413420.133591021,
        3413420.133591021,
        3413420.133591021,
        3413420.133591021,
        3413420.133591021,
        3413420.133591021,
        3413420.133591021,
        3413420.133591021,
        3413420.133591021
      ]
    }
  },
  "execution_time": {
    "total_time_ms": 489.5196123231553,
    "forward_backward_time_ms": 552.2199374851587,
    "batch_generator_time_ms": 0.2919395276255726,
    "layernorm_grads_all_reduce_time_ms": 0.0003390635065947852,
    "embedding_grads_all_reduce_time_ms": 0.0006781270131895704,
    "optimizer_time_ms": 58.46726892804408,
    "layer_compute_total_ms": [
      16.86458813107552,
      16.82501470236257,
      16.72666256786325,
      16.586971327863726,
      16.546885371548754,
      16.51652253916823,
      16.302814735664832,
      16.10012051167878,
      16.183230880960767,
      15.658879721750948,
      15.397420714312366,
      15.279312807087393,
      15.184598518916635,
      15.464523217496946,
      15.033405316687983,
      14.856413525839818,
      15.061353816947099,
      14.760998469919803,
      14.597279608594617,
      14.516779858973448,
      14.613113623883946,
      14.54457634443847,
      14.791268135850085,
      14.572778464848858,
      14.425395420588243,
      14.450838275248197,
      14.392532355232229,
      14.505107712162332
    ]
  },
  "execution_memory": {
    "total_memory": 88397.4453125,
    "layer_memory_total_mb": [
      52.08465780015596,
      52.08465780015596,
      52.08465780015596,
      52.08465780015596,
      52.08465780015596,
      52.08465780015596,
      52.08465780015596,
      52.08465780015596,
      52.08465780015596,
      52.08465780015596,
      52.08465780015596,
      52.08465780015596,
      52.08465780015596,
      52.08465780015596,
      52.08465780015596,
      52.08465780015596,
      52.08465780015596,
      52.08465780015596,
      52.08465780015596,
      52.08465780015596,
      52.08465780015596,
      52.08465780015596,
      52.08465780015596,
      52.08465780015596,
      52.08465780015596,
      52.08465780015596,
      52.08465780015596,
      52.08465780015596
    ]
  }
}