{
  "model": {
    "model_name": "Qwen/Qwen3-0.6B",
    "num_layers": 28,
    "parameters": {
      "total_parameters_bytes": 3006529536,
      "parameters_per_layer_bytes": [
        2945042.403819152,
        2945042.403819152,
        2945042.403819152,
        2945042.403819152,
        2945042.403819152,
        2945042.403819152,
        2945042.403819152,
        2945042.403819152,
        2945042.403819152,
        2945042.403819152,
        2945042.403819152,
        2945042.403819152,
        2945042.403819152,
        2945042.403819152,
        2945042.403819152,
        2945042.403819152,
        2945042.403819152,
        2945042.403819152,
        2945042.403819152,
        2945042.403819152,
        2945042.403819152,
        2945042.403819152,
        2945042.403819152,
        2945042.403819152,
        2945042.403819152,
        2945042.403819152,
        2945042.403819152,
        2945042.403819152
      ]
    }
  },
  "execution_time": {
    "total_time_ms": 436.43841421037484,
    "forward_backward_time_ms": 534.6857296718987,
    "batch_generator_time_ms": 0.7168034737232104,
    "layernorm_grads_all_reduce_time_ms": 0.0009360666479453338,
    "embedding_grads_all_reduce_time_ms": 0.0018721332958906677,
    "optimizer_time_ms": 53.71877128448832,
    "layer_compute_total_ms": [
      14.19073413358827,
      13.985747273416036,
      14.64275662438612,
      14.481901245012848,
      14.444648775874995,
      14.778803742574967,
      14.789328512317516,
      14.755260075243205,
      14.602114374931652,
      14.85021116546033,
      13.224993286119343,
      13.273662326653975,
      13.654832877799112,
      13.294565689746399,
      13.424356862208095,
      13.39113060411687,
      13.085082339530537,
      12.948374916780145,
      13.099499695515814,
      13.31585819704197,
      13.349492266325603,
      13.160565020622654,
      12.950476947268909,
      12.935679549008551,
      13.238648063446366,
      13.116323795662105,
      12.594638946481624,
      12.420343945085468
    ]
  },
  "execution_memory": {
    "total_memory": 28070.94140625,
    "layer_memory_total_mb": [
      44.93778081999439,
      44.93778081999439,
      44.93778081999439,
      44.93778081999439,
      44.93778081999439,
      44.93778081999439,
      44.93778081999439,
      44.93778081999439,
      44.93778081999439,
      44.93778081999439,
      44.93778081999439,
      44.93778081999439,
      44.93778081999439,
      44.93778081999439,
      44.93778081999439,
      44.93778081999439,
      44.93778081999439,
      44.93778081999439,
      44.93778081999439,
      44.93778081999439,
      44.93778081999439,
      44.93778081999439,
      44.93778081999439,
      44.93778081999439,
      44.93778081999439,
      44.93778081999439,
      44.93778081999439,
      44.93778081999439
    ]
  }
}