{
  "model": {
    "model_name": "Qwen/Qwen3-0.6B",
    "num_layers": 28,
    "parameters": {
      "total_parameters_bytes": 3006529536,
      "parameters_per_layer_bytes": [
        3495765.333333333,
        3495765.333333333,
        3495765.333333333,
        3495765.333333333,
        3495765.333333333,
        3495765.333333333,
        3495765.333333333,
        3495765.333333333,
        3495765.333333333,
        3495765.333333333,
        3495765.333333333,
        3495765.333333333,
        3495765.333333333,
        3495765.333333333,
        3495765.333333333,
        3495765.333333333,
        3495765.333333333,
        3495765.333333333,
        3495765.333333333,
        3495765.333333333,
        3495765.333333333,
        3495765.333333333,
        3495765.333333333,
        3495765.333333333,
        3495765.333333333,
        3495765.333333333,
        3495765.333333333,
        3495765.333333333
      ]
    }
  },
  "execution_time": {
    "total_time_ms": 758.6182425277203,
    "forward_backward_time_ms": 830.4407065852304,
    "batch_generator_time_ms": 1.0699093885098894,
    "layernorm_grads_all_reduce_time_ms": 0.0011111111111111111,
    "embedding_grads_all_reduce_time_ms": 0.0022222222222222222,
    "optimizer_time_ms": 109.82126922107017,
    "layer_compute_total_ms": [
      23.566429277707357,
      24.156727875783364,
      23.76519259511648,
      24.416158110802318,
      24.346039000698106,
      24.579008708112976,
      24.493102653650567,
      24.690082360595827,
      24.145715512632805,
      24.137803359836752,
      23.54310604197154,
      23.53332730611631,
      22.9320389035921,
      22.84012902964605,
      23.388969903559577,
      22.916194901982735,
      23.10921609750949,
      22.79790854259368,
      22.760048750367584,
      22.656569665640642,
      22.273107653341462,
      21.75283684644253,
      22.195564942699598,
      22.15845688947916,
      21.377301221946254,
      21.201697014880157,
      21.61693688847461,
      22.374060529626956
    ]
  },
  "execution_memory": {
    "total_memory": 28070.94140625,
    "layer_memory_total_mb": [
      53.34114583333333,
      53.34114583333333,
      53.34114583333333,
      53.34114583333333,
      53.34114583333333,
      53.34114583333333,
      53.34114583333333,
      53.34114583333333,
      53.34114583333333,
      53.34114583333333,
      53.34114583333333,
      53.34114583333333,
      53.34114583333333,
      53.34114583333333,
      53.34114583333333,
      53.34114583333333,
      53.34114583333333,
      53.34114583333333,
      53.34114583333333,
      53.34114583333333,
      53.34114583333333,
      53.34114583333333,
      53.34114583333333,
      53.34114583333333,
      53.34114583333333,
      53.34114583333333,
      53.34114583333333,
      53.34114583333333
    ]
  }
}