{
  "model": {
    "model_name": "Qwen/Qwen3-0.6B",
    "num_layers": 28,
    "parameters": {
      "total_parameters_bytes": 3006529536,
      "parameters_per_layer_bytes": [
        1613430.1538461538,
        1613430.1538461538,
        1613430.1538461538,
        1613430.1538461538,
        1613430.1538461538,
        1613430.1538461538,
        1613430.1538461538,
        1613430.1538461538,
        1613430.1538461538,
        1613430.1538461538,
        1613430.1538461538,
        1613430.1538461538,
        1613430.1538461538,
        1613430.1538461538,
        1613430.1538461538,
        1613430.1538461538,
        1613430.1538461538,
        1613430.1538461538,
        1613430.1538461538,
        1613430.1538461538,
        1613430.1538461538,
        1613430.1538461538,
        1613430.1538461538,
        1613430.1538461538,
        1613430.1538461538,
        1613430.1538461538,
        1613430.1538461538,
        1613430.1538461538
      ]
    }
  },
  "execution_time": {
    "total_time_ms": 70.89580975634118,
    "forward_backward_time_ms": 87.580654957354,
    "batch_generator_time_ms": 0.1605247186186413,
    "layernorm_grads_all_reduce_time_ms": 0.0005128205128205128,
    "embedding_grads_all_reduce_time_ms": 0.0010256410256410256,
    "optimizer_time_ms": -2.682438604042698,
    "layer_compute_total_ms": [
      3.158448653919503,
      3.100594429549976,
      3.0298277057367016,
      3.105622640503451,
      3.003013526605896,
      3.0198281668932534,
      3.05340223115845,
      3.1329366088940356,
      3.0347316604979238,
      3.023812968212251,
      2.60301550606994,
      2.4512138785585424,
      2.484455825954986,
      2.455809199137804,
      2.465070313729274,
      2.4531016354628195,
      2.549617922527548,
      2.399907853358831,
      2.39313118538867,
      2.3662910572080036,
      2.573965679263123,
      2.4598366151808593,
      2.237589070155548,
      2.0531038720106993,
      2.262990654204399,
      2.116432826882467,
      2.155179614932515,
      2.2732538782292977
    ]
  },
  "execution_memory": {
    "total_memory": 28070.94140625,
    "layer_memory_total_mb": [
      24.618990384615383,
      24.618990384615383,
      24.618990384615383,
      24.618990384615383,
      24.618990384615383,
      24.618990384615383,
      24.618990384615383,
      24.618990384615383,
      24.618990384615383,
      24.618990384615383,
      24.618990384615383,
      24.618990384615383,
      24.618990384615383,
      24.618990384615383,
      24.618990384615383,
      24.618990384615383,
      24.618990384615383,
      24.618990384615383,
      24.618990384615383,
      24.618990384615383,
      24.618990384615383,
      24.618990384615383,
      24.618990384615383,
      24.618990384615383,
      24.618990384615383,
      24.618990384615383,
      24.618990384615383,
      24.618990384615383
    ]
  }
}