{
  "model": {
    "model_name": "Qwen/Qwen3-1.7B",
    "num_layers": 28,
    "parameters": {
      "total_parameters_bytes": 8126959616,
      "parameters_per_layer_bytes": [
        4806722.689075631,
        4806722.689075631,
        4806722.689075631,
        4806722.689075631,
        4806722.689075631,
        4806722.689075631,
        4806722.689075631,
        4806722.689075631,
        4806722.689075631,
        4806722.689075631,
        4806722.689075631,
        4806722.689075631,
        4806722.689075631,
        4806722.689075631,
        4806722.689075631,
        4806722.689075631,
        4806722.689075631,
        4806722.689075631,
        4806722.689075631,
        4806722.689075631,
        4806722.689075631,
        4806722.689075631,
        4806722.689075631,
        4806722.689075631,
        4806722.689075631,
        4806722.689075631,
        4806722.689075631,
        4806722.689075631
      ]
    }
  },
  "execution_time": {
    "total_time_ms": 530.81026450248,
    "forward_backward_time_ms": 622.8185587230215,
    "batch_generator_time_ms": 0.27583202839767845,
    "layernorm_grads_all_reduce_time_ms": 0.0004774637127578305,
    "embedding_grads_all_reduce_time_ms": 0.000954927425515661,
    "optimizer_time_ms": 45.58017303120204,
    "layer_compute_total_ms": [
      18.70831842635463,
      19.412198947366768,
      19.14649065387677,
      18.786514031832326,
      18.238812433970047,
      17.87938766537963,
      17.794702009235454,
      18.290159257678987,
      18.16964324518852,
      17.868009829339357,
      17.543699633300715,
      17.502507741418373,
      17.093419219785133,
      17.10091909339685,
      17.329666963224376,
      16.803606605236677,
      17.21100879168061,
      17.006710316596138,
      16.894084093520625,
      16.595317614106595,
      16.107621765205817,
      16.17598256640112,
      16.3335539294134,
      16.308085077959806,
      16.025453763749034,
      16.072938389720047,
      16.30355962929991,
      16.250455357504244
    ]
  },
  "execution_memory": {
    "total_memory": 88397.4453125,
    "layer_memory_total_mb": [
      73.34476759453783,
      73.34476759453783,
      73.34476759453783,
      73.34476759453783,
      73.34476759453783,
      73.34476759453783,
      73.34476759453783,
      73.34476759453783,
      73.34476759453783,
      73.34476759453783,
      73.34476759453783,
      73.34476759453783,
      73.34476759453783,
      73.34476759453783,
      73.34476759453783,
      73.34476759453783,
      73.34476759453783,
      73.34476759453783,
      73.34476759453783,
      73.34476759453783,
      73.34476759453783,
      73.34476759453783,
      73.34476759453783,
      73.34476759453783,
      73.34476759453783,
      73.34476759453783,
      73.34476759453783,
      73.34476759453783
    ]
  }
}