{
  "model": {
    "model_name": "google-bert/bert-base-uncased",
    "num_layers": 12,
    "parameters": {
      "total_parameters_bytes": 433981440,
      "parameters_per_layer_bytes": [
        1187953.5513170257,
        1187953.5513170257,
        1187953.5513170257,
        1187953.5513170257,
        1187953.5513170257,
        1187953.5513170257,
        1187953.5513170257,
        1187953.5513170257,
        1187953.5513170257,
        1187953.5513170257,
        1187953.5513170257,
        1187953.5513170257
      ]
    }
  },
  "execution_time": {
    "total_time_ms": 38.82359654314955,
    "forward_backward_time_ms": 46.41719137329617,
    "batch_generator_time_ms": 5.595951777472173,
    "layernorm_grads_all_reduce_time_ms": 0.0008380184851793499,
    "embedding_grads_all_reduce_time_ms": 0.0016760369703586997,
    "optimizer_time_ms": 0.06290555392309444,
    "layer_compute_total_ms": [
      2.921913333103761,
      2.7716443834354347,
      2.828026162306682,
      2.807712425524415,
      2.8444019547564308,
      2.9048135442411005,
      2.707234774503307,
      2.796266403372323,
      2.6517192142059733,
      2.5988498424203064,
      2.6700280325916603,
      2.6596150858373524
    ]
  },
  "execution_memory": {
    "total_memory": 5280.732421875,
    "layer_memory_total_mb": [
      18.126732655594264,
      18.126732655594264,
      18.126732655594264,
      18.126732655594264,
      18.126732655594264,
      18.126732655594264,
      18.126732655594264,
      18.126732655594264,
      18.126732655594264,
      18.126732655594264,
      18.126732655594264,
      18.126732655594264
    ]
  }
}