{
  "model": {
    "model_name": "Qwen/Qwen3-1.7B",
    "num_layers": 28,
    "parameters": {
      "total_parameters_bytes": 8126959616,
      "parameters_per_layer_bytes": [
        9423570.158195265,
        9423570.158195265,
        9423570.158195265,
        9423570.158195265,
        9423570.158195265,
        9423570.158195265,
        9423570.158195265,
        9423570.158195265,
        9423570.158195265,
        9423570.158195265,
        9423570.158195265,
        9423570.158195265,
        9423570.158195265,
        9423570.158195265,
        9423570.158195265,
        9423570.158195265,
        9423570.158195265,
        9423570.158195265,
        9423570.158195265,
        9423570.158195265,
        9423570.158195265,
        9423570.158195265,
        9423570.158195265,
        9423570.158195265,
        9423570.158195265,
        9423570.158195265,
        9423570.158195265,
        9423570.158195265
      ]
    }
  },
  "execution_time": {
    "total_time_ms": 872.4886147392286,
    "forward_backward_time_ms": 1117.8083441277743,
    "batch_generator_time_ms": 0.43387068265116746,
    "layernorm_grads_all_reduce_time_ms": 0.0009360666479453338,
    "embedding_grads_all_reduce_time_ms": 0.0018721332958906677,
    "optimizer_time_ms": 73.446701614035,
    "layer_compute_total_ms": [
      31.978150402724008,
      31.57010453462958,
      30.45223749133293,
      30.66354337596398,
      30.03213482750655,
      29.3579823784664,
      30.176460918210914,
      29.900090248813004,
      29.053688232635395,
      28.424265900736884,
      29.448423535519858,
      29.467495952201165,
      29.20215022746712,
      28.700026596565642,
      28.975755475829768,
      28.426858045941973,
      27.8804393549406,
      27.654623431169725,
      26.79294797581382,
      27.418701943966827,
      27.31947140423447,
      27.076568649662864,
      26.855898437993908,
      26.532766310745313,
      26.331070321318926,
      26.65205505418913,
      25.968508998562463,
      26.292814215455408
    ]
  },
  "execution_memory": {
    "total_memory": 88397.4453125,
    "layer_memory_total_mb": [
      143.7922692595713,
      143.7922692595713,
      143.7922692595713,
      143.7922692595713,
      143.7922692595713,
      143.7922692595713,
      143.7922692595713,
      143.7922692595713,
      143.7922692595713,
      143.7922692595713,
      143.7922692595713,
      143.7922692595713,
      143.7922692595713,
      143.7922692595713,
      143.7922692595713,
      143.7922692595713,
      143.7922692595713,
      143.7922692595713,
      143.7922692595713,
      143.7922692595713,
      143.7922692595713,
      143.7922692595713,
      143.7922692595713,
      143.7922692595713,
      143.7922692595713,
      143.7922692595713,
      143.7922692595713,
      143.7922692595713
    ]
  }
}