{
  "model": {
    "model_name": "Qwen/Qwen3-0.6B",
    "num_layers": 28,
    "parameters": {
      "total_parameters_bytes": 3006529536,
      "parameters_per_layer_bytes": [
        3495765.333333333,
        3495765.333333333,
        3495765.333333333,
        3495765.333333333,
        3495765.333333333,
        3495765.333333333,
        3495765.333333333,
        3495765.333333333,
        3495765.333333333,
        3495765.333333333,
        3495765.333333333,
        3495765.333333333,
        3495765.333333333,
        3495765.333333333,
        3495765.333333333,
        3495765.333333333,
        3495765.333333333,
        3495765.333333333,
        3495765.333333333,
        3495765.333333333,
        3495765.333333333,
        3495765.333333333,
        3495765.333333333,
        3495765.333333333,
        3495765.333333333,
        3495765.333333333,
        3495765.333333333,
        3495765.333333333
      ]
    }
  },
  "execution_time": {
    "total_time_ms": 595.3721651393506,
    "forward_backward_time_ms": 657.9262845119242,
    "batch_generator_time_ms": 0.6045783326650659,
    "layernorm_grads_all_reduce_time_ms": 0.0011111111111111111,
    "embedding_grads_all_reduce_time_ms": 0.0022222222222222222,
    "optimizer_time_ms": 81.59761306839115,
    "layer_compute_total_ms": [
      19.14040191736098,
      19.64030290319998,
      18.994785778179196,
      19.279785665275995,
      19.536041749233846,
      19.20732215350856,
      19.48758241794874,
      19.491065527998014,
      18.94507358358371,
      18.900054096270143,
      19.137247514057282,
      19.031097861039193,
      18.269566014674233,
      18.449096041472835,
      18.21235118081353,
      18.10496980599257,
      18.306979682367658,
      17.882981555885635,
      18.41195361096955,
      17.84876852778123,
      17.37565372038969,
      17.408451610309484,
      17.33434176357049,
      17.21484470747075,
      16.833713806085548,
      16.917357040963704,
      16.547541154270423,
      17.257309014288087
    ]
  },
  "execution_memory": {
    "total_memory": 28070.94140625,
    "layer_memory_total_mb": [
      53.34114583333333,
      53.34114583333333,
      53.34114583333333,
      53.34114583333333,
      53.34114583333333,
      53.34114583333333,
      53.34114583333333,
      53.34114583333333,
      53.34114583333333,
      53.34114583333333,
      53.34114583333333,
      53.34114583333333,
      53.34114583333333,
      53.34114583333333,
      53.34114583333333,
      53.34114583333333,
      53.34114583333333,
      53.34114583333333,
      53.34114583333333,
      53.34114583333333,
      53.34114583333333,
      53.34114583333333,
      53.34114583333333,
      53.34114583333333,
      53.34114583333333,
      53.34114583333333,
      53.34114583333333,
      53.34114583333333
    ]
  }
}