{
  "model": {
    "model_name": "google-bert/bert-base-uncased",
    "num_layers": 12,
    "parameters": {
      "total_parameters_bytes": 433981440,
      "parameters_per_layer_bytes": [
        567029.76,
        567029.76,
        567029.76,
        567029.76,
        567029.76,
        567029.76,
        567029.76,
        567029.76,
        567029.76,
        567029.76,
        567029.76,
        567029.76
      ]
    }
  },
  "execution_time": {
    "total_time_ms": 47.97413826046977,
    "forward_backward_time_ms": 52.90987847529069,
    "batch_generator_time_ms": 5.859395680017769,
    "layernorm_grads_all_reduce_time_ms": 0.0004,
    "embedding_grads_all_reduce_time_ms": 0.0008,
    "optimizer_time_ms": 1.3549893071164376,
    "layer_compute_total_ms": [
      3.3573042845819145,
      3.5353962349472567,
      3.8052844649064355,
      3.3312956200097688,
      3.373441014846321,
      3.2601761797559448,
      3.269010009826161,
      3.535294029279612,
      3.3220805201563053,
      3.291403299663216,
      3.2036772902938537,
      3.4741903250687756
    ]
  },
  "execution_memory": {
    "total_memory": 5280.732421875,
    "layer_memory_total_mb": [
      8.6521875,
      8.6521875,
      8.6521875,
      8.6521875,
      8.6521875,
      8.6521875,
      8.6521875,
      8.6521875,
      8.6521875,
      8.6521875,
      8.6521875,
      8.6521875
    ]
  }
}