{
  "model": {
    "model_name": "Qwen/Qwen3-0.6B",
    "num_layers": 28,
    "parameters": {
      "total_parameters_bytes": 3006529536,
      "parameters_per_layer_bytes": [
        62923776,
        62923776,
        62923776,
        62923776,
        62923776,
        62923776,
        62923776,
        62923776,
        62923776,
        62923776,
        62923776,
        62923776,
        62923776,
        62923776,
        62923776,
        62923776,
        62923776,
        62923776,
        62923776,
        62923776,
        62923776,
        62923776,
        62923776,
        62923776,
        62923776,
        62923776,
        62923776,
        62923776
      ]
    }
  },
  "execution_time": {
    "total_time_ms": 12943.424466531724,
    "forward_backward_time_ms": 11223.419662972447,
    "batch_generator_time_ms": 9.195612976327538,
    "layernorm_grads_all_reduce_time_ms": 0.02,
    "embedding_grads_all_reduce_time_ms": 0.04,
    "optimizer_time_ms": 1710.7491905829497,
    "layer_compute_total_ms": [
      368.56788565637544,
      435.42672973126173,
      428.977938281605,
      412.36421270878054,
      456.39017497887835,
      434.4723009853624,
      445.4843169951346,
      419.1837355319876,
      444.29057923844084,
      400.24954068940133,
      397.30062475427985,
      407.06407694960944,
      411.83339583221823,
      395.47610250883736,
      410.76337400591,
      414.63599205599166,
      403.5429972282145,
      385.7356957742013,
      371.2736257002689,
      361.1620083102025,
      399.60910179070197,
      375.5280229670461,
      370.38060478516854,
      369.50121278641745,
      403.6298487626482,
      363.41735324822366,
      371.941689227242,
      365.21652148803696
    ]
  },
  "execution_memory": {
    "total_memory": 28070.94140625,
    "layer_memory_total_mb": [
      960.140625,
      960.140625,
      960.140625,
      960.140625,
      960.140625,
      960.140625,
      960.140625,
      960.140625,
      960.140625,
      960.140625,
      960.140625,
      960.140625,
      960.140625,
      960.140625,
      960.140625,
      960.140625,
      960.140625,
      960.140625,
      960.140625,
      960.140625,
      960.140625,
      960.140625,
      960.140625,
      960.140625,
      960.140625,
      960.140625,
      960.140625,
      960.140625
    ]
  }
}