{
  "model": {
    "model_name": "Qwen/Qwen3-0.6B",
    "num_layers": 28,
    "parameters": {
      "total_parameters_bytes": 3006529536,
      "parameters_per_layer_bytes": [
        62923776,
        62923776,
        62923776,
        62923776,
        62923776,
        62923776,
        62923776,
        62923776,
        62923776,
        62923776,
        62923776,
        62923776,
        62923776,
        62923776,
        62923776,
        62923776,
        62923776,
        62923776,
        62923776,
        62923776,
        62923776,
        62923776,
        62923776,
        62923776,
        62923776,
        62923776,
        62923776,
        62923776
      ]
    }
  },
  "execution_time": {
    "total_time_ms": 3687.5770904880483,
    "forward_backward_time_ms": 3843.3294152637245,
    "batch_generator_time_ms": 9.3230799830053,
    "layernorm_grads_all_reduce_time_ms": 0.02,
    "embedding_grads_all_reduce_time_ms": 0.04,
    "optimizer_time_ms": -165.13540475868155,
    "layer_compute_total_ms": [
      170.01830050867284,
      152.84883874846855,
      160.21215850196313,
      152.18044226639904,
      153.65020174795063,
      152.98216499650152,
      142.4205247531063,
      163.00695450627245,
      131.15135024418123,
      130.7150869979523,
      148.0858447466744,
      156.55513024830725,
      150.40565450908616,
      138.00590173195815,
      152.77421799692092,
      133.21325124707073,
      147.69713024725206,
      129.91885525843827,
      132.97094326117076,
      126.8925769982161,
      114.72472125024069,
      126.12252175313188,
      125.08634899131721,
      125.95965473883552,
      118.91758025012678,
      106.66996851068689,
      102.69355349737452,
      97.44953675544821
    ]
  },
  "execution_memory": {
    "total_memory": 28070.94140625,
    "layer_memory_total_mb": [
      960.140625,
      960.140625,
      960.140625,
      960.140625,
      960.140625,
      960.140625,
      960.140625,
      960.140625,
      960.140625,
      960.140625,
      960.140625,
      960.140625,
      960.140625,
      960.140625,
      960.140625,
      960.140625,
      960.140625,
      960.140625,
      960.140625,
      960.140625,
      960.140625,
      960.140625,
      960.140625,
      960.140625,
      960.140625,
      960.140625,
      960.140625,
      960.140625
    ]
  }
}