{
  "model": {
    "model_name": "google-bert/bert-base-uncased",
    "num_layers": 12,
    "parameters": {
      "total_parameters_bytes": 433981440,
      "parameters_per_layer_bytes": [
        1737223.5294117646,
        1737223.5294117646,
        1737223.5294117646,
        1737223.5294117646,
        1737223.5294117646,
        1737223.5294117646,
        1737223.5294117646,
        1737223.5294117646,
        1737223.5294117646,
        1737223.5294117646,
        1737223.5294117646,
        1737223.5294117646
      ]
    }
  },
  "execution_time": {
    "total_time_ms": 212.25937530556726,
    "forward_backward_time_ms": 251.33640873910176,
    "batch_generator_time_ms": 17.069813724910823,
    "layernorm_grads_all_reduce_time_ms": 0.0012254901960784314,
    "embedding_grads_all_reduce_time_ms": 0.0024509803921568627,
    "optimizer_time_ms": -15.160047088623019,
    "layer_compute_total_ms": [
      17.302363463992755,
      17.539531125864823,
      17.586417357497517,
      17.674811274178758,
      17.517157674792184,
      17.41642549057039,
      17.65411701782403,
      18.219220742941935,
      17.77379946486012,
      17.76456522605383,
      16.62681453732754,
      17.27070882278734
    ]
  },
  "execution_memory": {
    "total_memory": 5280.732421875,
    "layer_memory_total_mb": [
      26.50792738970588,
      26.50792738970588,
      26.50792738970588,
      26.50792738970588,
      26.50792738970588,
      26.50792738970588,
      26.50792738970588,
      26.50792738970588,
      26.50792738970588,
      26.50792738970588,
      26.50792738970588,
      26.50792738970588
    ]
  }
}