{
  "model": {
    "model_name": "google-bert/bert-base-uncased",
    "num_layers": 12,
    "parameters": {
      "total_parameters_bytes": 433981440,
      "parameters_per_layer_bytes": [
        567029.76,
        567029.76,
        567029.76,
        567029.76,
        567029.76,
        567029.76,
        567029.76,
        567029.76,
        567029.76,
        567029.76,
        567029.76,
        567029.76
      ]
    }
  },
  "execution_time": {
    "total_time_ms": 23.091031599906273,
    "forward_backward_time_ms": 26.445545587251612,
    "batch_generator_time_ms": 2.7564827806781977,
    "layernorm_grads_all_reduce_time_ms": 0.0004,
    "embedding_grads_all_reduce_time_ms": 0.0008,
    "optimizer_time_ms": -0.03869152034288272,
    "layer_compute_total_ms": [
      1.7580988301779144,
      1.789275329792872,
      1.7145770246861503,
      1.6567543949349783,
      1.6402161901351064,
      1.6522920149145648,
      1.6722684798878618,
      1.6545073452289216,
      1.6820690096938051,
      1.7154839399154298,
      1.6897707956377417,
      1.746726984565612
    ]
  },
  "execution_memory": {
    "total_memory": 5280.732421875,
    "layer_memory_total_mb": [
      8.6521875,
      8.6521875,
      8.6521875,
      8.6521875,
      8.6521875,
      8.6521875,
      8.6521875,
      8.6521875,
      8.6521875,
      8.6521875,
      8.6521875,
      8.6521875
    ]
  }
}