{
  "model": {
    "model_name": "Qwen/Qwen3-0.6B",
    "num_layers": 28,
    "parameters": {
      "total_parameters_bytes": 3006529536,
      "parameters_per_layer_bytes": [
        2945042.403819152,
        2945042.403819152,
        2945042.403819152,
        2945042.403819152,
        2945042.403819152,
        2945042.403819152,
        2945042.403819152,
        2945042.403819152,
        2945042.403819152,
        2945042.403819152,
        2945042.403819152,
        2945042.403819152,
        2945042.403819152,
        2945042.403819152,
        2945042.403819152,
        2945042.403819152,
        2945042.403819152,
        2945042.403819152,
        2945042.403819152,
        2945042.403819152,
        2945042.403819152,
        2945042.403819152,
        2945042.403819152,
        2945042.403819152,
        2945042.403819152,
        2945042.403819152,
        2945042.403819152,
        2945042.403819152
      ]
    }
  },
  "execution_time": {
    "total_time_ms": 536.4869563564259,
    "forward_backward_time_ms": 671.1586492889579,
    "batch_generator_time_ms": 0.9259000294554575,
    "layernorm_grads_all_reduce_time_ms": 0.0009360666479453338,
    "embedding_grads_all_reduce_time_ms": 0.0018721332958906677,
    "optimizer_time_ms": 56.05671895604162,
    "layer_compute_total_ms": [
      17.59597013975842,
      17.415622952821142,
      17.115502818800774,
      17.188793422021927,
      17.257999287790973,
      17.136011127294076,
      17.127160558599616,
      17.306243353964437,
      17.30683426960548,
      17.612885800642506,
      17.75742868328175,
      17.393961410154077,
      17.541778701880872,
      17.794341723514222,
      17.24382795084617,
      17.310647957033847,
      17.592815382475948,
      17.119330255153255,
      17.022408989810298,
      17.338838845171335,
      16.939744852737135,
      16.596948539775298,
      16.276679900619126,
      16.098849210858464,
      16.28090164306587,
      16.130490077764843,
      16.855873584372755,
      17.143637731170365
    ]
  },
  "execution_memory": {
    "total_memory": 28070.94140625,
    "layer_memory_total_mb": [
      44.93778081999439,
      44.93778081999439,
      44.93778081999439,
      44.93778081999439,
      44.93778081999439,
      44.93778081999439,
      44.93778081999439,
      44.93778081999439,
      44.93778081999439,
      44.93778081999439,
      44.93778081999439,
      44.93778081999439,
      44.93778081999439,
      44.93778081999439,
      44.93778081999439,
      44.93778081999439,
      44.93778081999439,
      44.93778081999439,
      44.93778081999439,
      44.93778081999439,
      44.93778081999439,
      44.93778081999439,
      44.93778081999439,
      44.93778081999439,
      44.93778081999439,
      44.93778081999439,
      44.93778081999439,
      44.93778081999439
    ]
  }
}