{
  "model": {
    "model_name": "Qwen/Qwen3-0.6B",
    "num_layers": 28,
    "parameters": {
      "total_parameters_bytes": 3006529536,
      "parameters_per_layer_bytes": [
        2636564.3722642367,
        2636564.3722642367,
        2636564.3722642367,
        2636564.3722642367,
        2636564.3722642367,
        2636564.3722642367,
        2636564.3722642367,
        2636564.3722642367,
        2636564.3722642367,
        2636564.3722642367,
        2636564.3722642367,
        2636564.3722642367,
        2636564.3722642367,
        2636564.3722642367,
        2636564.3722642367,
        2636564.3722642367,
        2636564.3722642367,
        2636564.3722642367,
        2636564.3722642367,
        2636564.3722642367,
        2636564.3722642367,
        2636564.3722642367,
        2636564.3722642367,
        2636564.3722642367,
        2636564.3722642367,
        2636564.3722642367,
        2636564.3722642367,
        2636564.3722642367
      ]
    }
  },
  "execution_time": {
    "total_time_ms": 115.85339824026619,
    "forward_backward_time_ms": 167.92494658725417,
    "batch_generator_time_ms": 0.26231922898473853,
    "layernorm_grads_all_reduce_time_ms": 0.0008380184851793499,
    "embedding_grads_all_reduce_time_ms": 0.0016760369703586997,
    "optimizer_time_ms": -4.38346961431562,
    "layer_compute_total_ms": [
      5.161334795125038,
      5.066793121663652,
      4.951150667415997,
      5.07500990243012,
      4.907332650751772,
      4.934810060547544,
      4.98967464917737,
      5.119644642739202,
      4.9591643966597525,
      4.941321768019463,
      4.253681467025426,
      4.005616955652446,
      4.0599388201355255,
      4.013126334654401,
      4.028260255835383,
      4.008701807255998,
      4.166422550984182,
      3.921775930491496,
      3.9107019330890065,
      3.8668415121470425,
      4.2062100979074515,
      4.019707680382998,
      3.6565249558999633,
      3.3550510436396146,
      3.698034600022223,
      3.4585391715573937,
      3.521856694580564,
      3.7148061043505067
    ]
  },
  "execution_memory": {
    "total_memory": 28070.94140625,
    "layer_memory_total_mb": [
      40.23077960608271,
      40.23077960608271,
      40.23077960608271,
      40.23077960608271,
      40.23077960608271,
      40.23077960608271,
      40.23077960608271,
      40.23077960608271,
      40.23077960608271,
      40.23077960608271,
      40.23077960608271,
      40.23077960608271,
      40.23077960608271,
      40.23077960608271,
      40.23077960608271,
      40.23077960608271,
      40.23077960608271,
      40.23077960608271,
      40.23077960608271,
      40.23077960608271,
      40.23077960608271,
      40.23077960608271,
      40.23077960608271,
      40.23077960608271,
      40.23077960608271,
      40.23077960608271,
      40.23077960608271,
      40.23077960608271
    ]
  }
}