{
  "model": {
    "model_name": "Qwen/Qwen3-1.7B",
    "num_layers": 28,
    "parameters": {
      "total_parameters_bytes": 8126959616,
      "parameters_per_layer_bytes": [
        88115536.10503282,
        88115536.10503282,
        88115536.10503282,
        88115536.10503282,
        88115536.10503282,
        88115536.10503282,
        88115536.10503282,
        88115536.10503282,
        88115536.10503282,
        88115536.10503282,
        88115536.10503282,
        88115536.10503282,
        88115536.10503282,
        88115536.10503282,
        88115536.10503282,
        88115536.10503282,
        88115536.10503282,
        88115536.10503282,
        88115536.10503282,
        88115536.10503282,
        88115536.10503282,
        88115536.10503282,
        88115536.10503282,
        88115536.10503282,
        88115536.10503282,
        88115536.10503282,
        88115536.10503282,
        88115536.10503282
      ]
    }
  },
  "execution_time": {
    "total_time_ms": 12046.66392757971,
    "forward_backward_time_ms": 13820.525779488242,
    "batch_generator_time_ms": 6.724661700142225,
    "layernorm_grads_all_reduce_time_ms": 0.0087527352297593,
    "embedding_grads_all_reduce_time_ms": 0.0175054704595186,
    "optimizer_time_ms": 1279.365787571942,
    "layer_compute_total_ms": [
      402.91941642437206,
      413.6125761615642,
      401.4295236402674,
      399.3725179527994,
      393.9508719912871,
      397.39198040184556,
      391.6090968242261,
      389.3190589697758,
      378.84457287515147,
      377.76829464171544,
      393.458556135988,
      396.9216061281183,
      388.8624241813524,
      390.82364344391647,
      392.22400253501064,
      386.54897964449447,
      385.0605059045732,
      376.3262328311711,
      379.703260287724,
      382.6560283434339,
      380.1458285580424,
      374.3295652177429,
      362.72710667239375,
      365.2416269182323,
      363.50995382060717,
      365.89586543055816,
      366.63667613327607,
      363.2574480322966
    ]
  },
  "execution_memory": {
    "total_memory": 88397.4453125,
    "layer_memory_total_mb": [
      1344.5363785557986,
      1344.5363785557986,
      1344.5363785557986,
      1344.5363785557986,
      1344.5363785557986,
      1344.5363785557986,
      1344.5363785557986,
      1344.5363785557986,
      1344.5363785557986,
      1344.5363785557986,
      1344.5363785557986,
      1344.5363785557986,
      1344.5363785557986,
      1344.5363785557986,
      1344.5363785557986,
      1344.5363785557986,
      1344.5363785557986,
      1344.5363785557986,
      1344.5363785557986,
      1344.5363785557986,
      1344.5363785557986,
      1344.5363785557986,
      1344.5363785557986,
      1344.5363785557986,
      1344.5363785557986,
      1344.5363785557986,
      1344.5363785557986,
      1344.5363785557986
    ]
  }
}