{
  "model": {
    "model_name": "google-bert/bert-base-uncased",
    "num_layers": 12,
    "parameters": {
      "total_parameters_bytes": 433981440,
      "parameters_per_layer_bytes": [
        567029.76,
        567029.76,
        567029.76,
        567029.76,
        567029.76,
        567029.76,
        567029.76,
        567029.76,
        567029.76,
        567029.76,
        567029.76,
        567029.76
      ]
    }
  },
  "execution_time": {
    "total_time_ms": 30.8164448000025,
    "forward_backward_time_ms": 37.06087967103258,
    "batch_generator_time_ms": 3.47060497966595,
    "layernorm_grads_all_reduce_time_ms": 0.0004,
    "embedding_grads_all_reduce_time_ms": 0.0008,
    "optimizer_time_ms": -1.2048084482679144,
    "layer_compute_total_ms": [
      2.2341438898001797,
      2.3841300449566916,
      2.344525409862399,
      2.393039040034637,
      2.3289470447343774,
      2.1898525647702627,
      2.436083509819582,
      2.448580594791565,
      2.427191509923432,
      2.458636750234291,
      2.4439597796299495,
      2.460358130047098
    ]
  },
  "execution_memory": {
    "total_memory": 5280.732421875,
    "layer_memory_total_mb": [
      8.6521875,
      8.6521875,
      8.6521875,
      8.6521875,
      8.6521875,
      8.6521875,
      8.6521875,
      8.6521875,
      8.6521875,
      8.6521875,
      8.6521875,
      8.6521875
    ]
  }
}