{
  "model": {
    "model_name": "Qwen/Qwen3-1.7B",
    "num_layers": 28,
    "parameters": {
      "total_parameters_bytes": 8126959616,
      "parameters_per_layer_bytes": [
        5084444.444444444,
        5084444.444444444,
        5084444.444444444,
        5084444.444444444,
        5084444.444444444,
        5084444.444444444,
        5084444.444444444,
        5084444.444444444,
        5084444.444444444,
        5084444.444444444,
        5084444.444444444,
        5084444.444444444,
        5084444.444444444,
        5084444.444444444,
        5084444.444444444,
        5084444.444444444,
        5084444.444444444,
        5084444.444444444,
        5084444.444444444,
        5084444.444444444,
        5084444.444444444,
        5084444.444444444,
        5084444.444444444,
        5084444.444444444,
        5084444.444444444,
        5084444.444444444,
        5084444.444444444,
        5084444.444444444
      ]
    }
  },
  "execution_time": {
    "total_time_ms": 470.74726622521104,
    "forward_backward_time_ms": 552.4322337680677,
    "batch_generator_time_ms": 0.2340929546849708,
    "layernorm_grads_all_reduce_time_ms": 0.000505050505050505,
    "embedding_grads_all_reduce_time_ms": 0.00101010101010101,
    "optimizer_time_ms": 39.62783400720888,
    "layer_compute_total_ms": [
      17.253665694560635,
      17.03350640118423,
      16.430366319187357,
      16.544375448758746,
      16.203701836477396,
      15.839965946927098,
      16.28157232268925,
      16.132457784245926,
      15.675785423699187,
      15.336183465533946,
      15.888763062119121,
      15.899053497846717,
      15.755887418183395,
      15.484968895510644,
      15.633737159004514,
      15.337582045696873,
      15.042764324688404,
      14.920926369453847,
      14.456013294223183,
      14.79363600340392,
      14.740096616739233,
      14.609039539613553,
      14.489977929953984,
      14.315633459479402,
      14.206809305184347,
      14.379995158782952,
      14.01119099149711,
      14.186168397157077
    ]
  },
  "execution_memory": {
    "total_memory": 88397.4453125,
    "layer_memory_total_mb": [
      77.58246527777777,
      77.58246527777777,
      77.58246527777777,
      77.58246527777777,
      77.58246527777777,
      77.58246527777777,
      77.58246527777777,
      77.58246527777777,
      77.58246527777777,
      77.58246527777777,
      77.58246527777777,
      77.58246527777777,
      77.58246527777777,
      77.58246527777777,
      77.58246527777777,
      77.58246527777777,
      77.58246527777777,
      77.58246527777777,
      77.58246527777777,
      77.58246527777777,
      77.58246527777777,
      77.58246527777777,
      77.58246527777777,
      77.58246527777777,
      77.58246527777777,
      77.58246527777777,
      77.58246527777777,
      77.58246527777777
    ]
  }
}