{
  "model": {
    "model_name": "google-bert/bert-base-uncased",
    "num_layers": 12,
    "parameters": {
      "total_parameters_bytes": 433981440,
      "parameters_per_layer_bytes": [
        1737223.5294117646,
        1737223.5294117646,
        1737223.5294117646,
        1737223.5294117646,
        1737223.5294117646,
        1737223.5294117646,
        1737223.5294117646,
        1737223.5294117646,
        1737223.5294117646,
        1737223.5294117646,
        1737223.5294117646,
        1737223.5294117646
      ]
    }
  },
  "execution_time": {
    "total_time_ms": 251.30015539224246,
    "forward_backward_time_ms": 274.5752729004283,
    "batch_generator_time_ms": 18.033132169768898,
    "layernorm_grads_all_reduce_time_ms": 0.0012254901960784314,
    "embedding_grads_all_reduce_time_ms": 0.0024509803921568627,
    "optimizer_time_ms": 3.4685787487199855,
    "layer_compute_total_ms": [
      19.394924036568423,
      19.207805806610278,
      19.0437691157165,
      19.392794226458886,
      19.615875229575582,
      18.665005070800486,
      18.73899274120477,
      18.891503492234143,
      19.62156871990837,
      19.316936840029893,
      18.879948301415137,
      19.02564442264288
    ]
  },
  "execution_memory": {
    "total_memory": 5280.732421875,
    "layer_memory_total_mb": [
      26.50792738970588,
      26.50792738970588,
      26.50792738970588,
      26.50792738970588,
      26.50792738970588,
      26.50792738970588,
      26.50792738970588,
      26.50792738970588,
      26.50792738970588,
      26.50792738970588,
      26.50792738970588,
      26.50792738970588
    ]
  }
}