{
  "model": {
    "model_name": "Qwen/Qwen3-0.6B",
    "num_layers": 28,
    "parameters": {
      "total_parameters_bytes": 3006529536,
      "parameters_per_layer_bytes": [
        3855623.5294117643,
        3855623.5294117643,
        3855623.5294117643,
        3855623.5294117643,
        3855623.5294117643,
        3855623.5294117643,
        3855623.5294117643,
        3855623.5294117643,
        3855623.5294117643,
        3855623.5294117643,
        3855623.5294117643,
        3855623.5294117643,
        3855623.5294117643,
        3855623.5294117643,
        3855623.5294117643,
        3855623.5294117643,
        3855623.5294117643,
        3855623.5294117643,
        3855623.5294117643,
        3855623.5294117643,
        3855623.5294117643,
        3855623.5294117643,
        3855623.5294117643,
        3855623.5294117643,
        3855623.5294117643,
        3855623.5294117643,
        3855623.5294117643,
        3855623.5294117643
      ]
    }
  },
  "execution_time": {
    "total_time_ms": 242.73531639040561,
    "forward_backward_time_ms": 295.0116628290782,
    "batch_generator_time_ms": 0.4201329027316259,
    "layernorm_grads_all_reduce_time_ms": 0.0012254901960784314,
    "embedding_grads_all_reduce_time_ms": 0.0024509803921568627,
    "optimizer_time_ms": -4.586678321767192,
    "layer_compute_total_ms": [
      9.646102205128866,
      9.125815365990217,
      9.088861749178784,
      9.219284037516998,
      8.959044867772128,
      8.517215764739232,
      8.449661258875459,
      8.19606904199235,
      8.278214442957417,
      8.114783899965879,
      9.12025237298889,
      9.062585937214202,
      9.0694690421586,
      8.924010034224564,
      9.060727068251307,
      8.94229073238938,
      8.95484860545063,
      8.911786947946359,
      8.98585238906426,
      8.915482384527065,
      8.599521644261104,
      8.516122075068814,
      8.697063479784822,
      8.722207919573503,
      9.041226395293409,
      8.620831740878273,
      8.132785293199442,
      9.026068642460991
    ]
  },
  "execution_memory": {
    "total_memory": 28070.94140625,
    "layer_memory_total_mb": [
      58.83214613970588,
      58.83214613970588,
      58.83214613970588,
      58.83214613970588,
      58.83214613970588,
      58.83214613970588,
      58.83214613970588,
      58.83214613970588,
      58.83214613970588,
      58.83214613970588,
      58.83214613970588,
      58.83214613970588,
      58.83214613970588,
      58.83214613970588,
      58.83214613970588,
      58.83214613970588,
      58.83214613970588,
      58.83214613970588,
      58.83214613970588,
      58.83214613970588,
      58.83214613970588,
      58.83214613970588,
      58.83214613970588,
      58.83214613970588,
      58.83214613970588,
      58.83214613970588,
      58.83214613970588,
      58.83214613970588
    ]
  }
}