{
  "model": {
    "model_name": "Qwen/Qwen3-0.6B",
    "num_layers": 28,
    "parameters": {
      "total_parameters_bytes": 3006529536,
      "parameters_per_layer_bytes": [
        62923776,
        62923776,
        62923776,
        62923776,
        62923776,
        62923776,
        62923776,
        62923776,
        62923776,
        62923776,
        62923776,
        62923776,
        62923776,
        62923776,
        62923776,
        62923776,
        62923776,
        62923776,
        62923776,
        62923776,
        62923776,
        62923776,
        62923776,
        62923776,
        62923776,
        62923776,
        62923776,
        62923776
      ]
    }
  },
  "execution_time": {
    "total_time_ms": 6586.003944044933,
    "forward_backward_time_ms": 6230.188797868323,
    "batch_generator_time_ms": 7.855504984036088,
    "layernorm_grads_all_reduce_time_ms": 0.02,
    "embedding_grads_all_reduce_time_ms": 0.04,
    "optimizer_time_ms": 347.89964119257405,
    "layer_compute_total_ms": [
      231.3142167404294,
      233.3370549895335,
      234.81373701361008,
      238.178933999734,
      231.16979748010635,
      231.71908274525777,
      231.43068127683364,
      230.35157701815479,
      223.6488952767104,
      220.6534514843952,
      225.51697076414712,
      231.3409245107323,
      227.09502224461176,
      223.0398342362605,
      225.45049150357954,
      227.1043692890089,
      232.22185368649662,
      227.6917194831185,
      226.34913426009007,
      212.01856501284055,
      202.25971823674627,
      203.31473753321916,
      201.86793821631,
      202.4022305267863,
      203.77810674835928,
      213.67857023142278,
      217.4127590842545,
      221.02842427557334
    ]
  },
  "execution_memory": {
    "total_memory": 28070.94140625,
    "layer_memory_total_mb": [
      960.140625,
      960.140625,
      960.140625,
      960.140625,
      960.140625,
      960.140625,
      960.140625,
      960.140625,
      960.140625,
      960.140625,
      960.140625,
      960.140625,
      960.140625,
      960.140625,
      960.140625,
      960.140625,
      960.140625,
      960.140625,
      960.140625,
      960.140625,
      960.140625,
      960.140625,
      960.140625,
      960.140625,
      960.140625,
      960.140625,
      960.140625,
      960.140625
    ]
  }
}