{
  "model": {
    "model_name": "Qwen/Qwen3-1.7B",
    "num_layers": 28,
    "parameters": {
      "total_parameters_bytes": 8126959616,
      "parameters_per_layer_bytes": [
        11185777.777777778,
        11185777.777777778,
        11185777.777777778,
        11185777.777777778,
        11185777.777777778,
        11185777.777777778,
        11185777.777777778,
        11185777.777777778,
        11185777.777777778,
        11185777.777777778,
        11185777.777777778,
        11185777.777777778,
        11185777.777777778,
        11185777.777777778,
        11185777.777777778,
        11185777.777777778,
        11185777.777777778,
        11185777.777777778,
        11185777.777777778,
        11185777.777777778,
        11185777.777777778,
        11185777.777777778,
        11185777.777777778,
        11185777.777777778,
        11185777.777777778,
        11185777.777777778,
        11185777.777777778,
        11185777.777777778
      ]
    }
  },
  "execution_time": {
    "total_time_ms": 382.389959027124,
    "forward_backward_time_ms": 450.58004418322264,
    "batch_generator_time_ms": 3.102577165312444,
    "layernorm_grads_all_reduce_time_ms": 0.0011111111111111111,
    "embedding_grads_all_reduce_time_ms": 0.0022222222222222222,
    "optimizer_time_ms": 27.84247680505427,
    "layer_compute_total_ms": [
      16.04513447172293,
      13.662262193975039,
      14.315519833568638,
      14.414328321840406,
      14.633054388266626,
      14.481487888487107,
      14.885822653013747,
      14.542879886802337,
      13.838679319532174,
      14.109420611930545,
      12.529467665849046,
      12.185414667732806,
      12.3766468613111,
      11.546756889502932,
      11.674823237020366,
      11.61524495869849,
      11.040321055689775,
      11.645841515726513,
      10.930241401688868,
      11.174893403626305,
      11.234781374999631,
      11.974370263892018,
      11.21012987520468,
      10.695417512680352,
      10.565693956676922,
      10.60323862556187,
      11.187704708491866,
      12.321994179930899
    ]
  },
  "execution_memory": {
    "total_memory": 88397.4453125,
    "layer_memory_total_mb": [
      170.68142361111111,
      170.68142361111111,
      170.68142361111111,
      170.68142361111111,
      170.68142361111111,
      170.68142361111111,
      170.68142361111111,
      170.68142361111111,
      170.68142361111111,
      170.68142361111111,
      170.68142361111111,
      170.68142361111111,
      170.68142361111111,
      170.68142361111111,
      170.68142361111111,
      170.68142361111111,
      170.68142361111111,
      170.68142361111111,
      170.68142361111111,
      170.68142361111111,
      170.68142361111111,
      170.68142361111111,
      170.68142361111111,
      170.68142361111111,
      170.68142361111111,
      170.68142361111111,
      170.68142361111111,
      170.68142361111111
    ]
  }
}