{
  "model": {
    "model_name": "google-bert/bert-base-uncased",
    "num_layers": 12,
    "parameters": {
      "total_parameters_bytes": 433981440,
      "parameters_per_layer_bytes": [
        659974.1951761255,
        659974.1951761255,
        659974.1951761255,
        659974.1951761255,
        659974.1951761255,
        659974.1951761255,
        659974.1951761255,
        659974.1951761255,
        659974.1951761255,
        659974.1951761255,
        659974.1951761255,
        659974.1951761255
      ]
    }
  },
  "execution_time": {
    "total_time_ms": 42.40379150894083,
    "forward_backward_time_ms": 54.83386779056321,
    "batch_generator_time_ms": 6.510341487865356,
    "layernorm_grads_all_reduce_time_ms": 0.0004655658250996388,
    "embedding_grads_all_reduce_time_ms": 0.0009311316501992776,
    "optimizer_time_ms": -3.2833688866180135,
    "layer_compute_total_ms": [
      3.496435021717643,
      3.4747042001028894,
      3.2323807265950593,
      3.378346832926431,
      3.404062105202406,
      3.1760557004403367,
      3.062750963222464,
      3.2002890241521467,
      3.1536776320517803,
      3.077690847867381,
      3.2131619193397905,
      3.305867236599856
    ]
  },
  "execution_memory": {
    "total_memory": 5280.732421875,
    "layer_memory_total_mb": [
      10.070407030885704,
      10.070407030885704,
      10.070407030885704,
      10.070407030885704,
      10.070407030885704,
      10.070407030885704,
      10.070407030885704,
      10.070407030885704,
      10.070407030885704,
      10.070407030885704,
      10.070407030885704,
      10.070407030885704
    ]
  }
}