{
  "model": {
    "model_name": "Qwen/Qwen3-0.6B",
    "num_layers": 28,
    "parameters": {
      "total_parameters_bytes": 3006529536,
      "parameters_per_layer_bytes": [
        27537757.549234137,
        27537757.549234137,
        27537757.549234137,
        27537757.549234137,
        27537757.549234137,
        27537757.549234137,
        27537757.549234137,
        27537757.549234137,
        27537757.549234137,
        27537757.549234137,
        27537757.549234137,
        27537757.549234137,
        27537757.549234137,
        27537757.549234137,
        27537757.549234137,
        27537757.549234137,
        27537757.549234137,
        27537757.549234137,
        27537757.549234137,
        27537757.549234137,
        27537757.549234137,
        27537757.549234137,
        27537757.549234137,
        27537757.549234137,
        27537757.549234137,
        27537757.549234137,
        27537757.549234137,
        27537757.549234137
      ]
    }
  },
  "execution_time": {
    "total_time_ms": 3564.0463078750145,
    "forward_backward_time_ms": 3759.1612668417374,
    "batch_generator_time_ms": 8.79944989170382,
    "layernorm_grads_all_reduce_time_ms": 0.0087527352297593,
    "embedding_grads_all_reduce_time_ms": 0.0175054704595186,
    "optimizer_time_ms": 628.3686865267081,
    "layer_compute_total_ms": [
      120.5987247197198,
      121.25210732469209,
      109.73427779549688,
      106.91864694113572,
      109.81342680237707,
      108.324495294866,
      108.80898347435748,
      111.01413140031642,
      113.85776761614083,
      116.73081345961651,
      112.54053807619214,
      106.43224715264371,
      105.86363522687935,
      113.14114343519658,
      110.85528183712663,
      104.00576530932805,
      100.02549682986867,
      103.0256268098345,
      93.43018731116612,
      89.9880323854542,
      94.94521629986917,
      96.2992251718965,
      99.62461958652061,
      93.17067768287191,
      94.74920054973578,
      90.26872046040657,
      91.12573818877316,
      100.30718610843101
    ]
  },
  "execution_memory": {
    "total_memory": 28070.94140625,
    "layer_memory_total_mb": [
      420.19283369803065,
      420.19283369803065,
      420.19283369803065,
      420.19283369803065,
      420.19283369803065,
      420.19283369803065,
      420.19283369803065,
      420.19283369803065,
      420.19283369803065,
      420.19283369803065,
      420.19283369803065,
      420.19283369803065,
      420.19283369803065,
      420.19283369803065,
      420.19283369803065,
      420.19283369803065,
      420.19283369803065,
      420.19283369803065,
      420.19283369803065,
      420.19283369803065,
      420.19283369803065,
      420.19283369803065,
      420.19283369803065,
      420.19283369803065,
      420.19283369803065,
      420.19283369803065,
      420.19283369803065,
      420.19283369803065
    ]
  }
}