{
  "model": {
    "model_name": "Qwen/Qwen3-0.6B",
    "num_layers": 28,
    "parameters": {
      "total_parameters_bytes": 3006529536,
      "parameters_per_layer_bytes": [
        62923776,
        62923776,
        62923776,
        62923776,
        62923776,
        62923776,
        62923776,
        62923776,
        62923776,
        62923776,
        62923776,
        62923776,
        62923776,
        62923776,
        62923776,
        62923776,
        62923776,
        62923776,
        62923776,
        62923776,
        62923776,
        62923776,
        62923776,
        62923776,
        62923776,
        62923776,
        62923776,
        62923776
      ]
    }
  },
  "execution_time": {
    "total_time_ms": 7056.096927000908,
    "forward_backward_time_ms": 6005.568141459662,
    "batch_generator_time_ms": 12.234267982421443,
    "layernorm_grads_all_reduce_time_ms": 0.02,
    "embedding_grads_all_reduce_time_ms": 0.04,
    "optimizer_time_ms": 1038.2345175588248,
    "layer_compute_total_ms": [
      233.132532252057,
      225.577658500697,
      221.58881549694343,
      214.46177424513735,
      217.24574075778946,
      212.1546027410659,
      211.7946772268624,
      215.68786425632425,
      221.1971725046169,
      205.33950474782614,
      216.33277825458208,
      222.6605550167733,
      223.51699200225994,
      235.68322649225593,
      207.65237849991536,
      208.14123949821806,
      212.09524599544238,
      205.19062125094933,
      206.5311762416968,
      207.3564539750805,
      213.06749375071377,
      212.31819900276605,
      205.28644350997638,
      213.64536575129023,
      213.04483975836774,
      211.77825799532002,
      199.3327804884757,
      213.75375124625862
    ]
  },
  "execution_memory": {
    "total_memory": 28070.94140625,
    "layer_memory_total_mb": [
      960.140625,
      960.140625,
      960.140625,
      960.140625,
      960.140625,
      960.140625,
      960.140625,
      960.140625,
      960.140625,
      960.140625,
      960.140625,
      960.140625,
      960.140625,
      960.140625,
      960.140625,
      960.140625,
      960.140625,
      960.140625,
      960.140625,
      960.140625,
      960.140625,
      960.140625,
      960.140625,
      960.140625,
      960.140625,
      960.140625,
      960.140625,
      960.140625
    ]
  }
}