{
  "model": {
    "model_name": "Qwen/Qwen3-1.7B",
    "num_layers": 28,
    "parameters": {
      "total_parameters_bytes": 8126959616,
      "parameters_per_layer_bytes": [
        2237155.5555555555,
        2237155.5555555555,
        2237155.5555555555,
        2237155.5555555555,
        2237155.5555555555,
        2237155.5555555555,
        2237155.5555555555,
        2237155.5555555555,
        2237155.5555555555,
        2237155.5555555555,
        2237155.5555555555,
        2237155.5555555555,
        2237155.5555555555,
        2237155.5555555555,
        2237155.5555555555,
        2237155.5555555555,
        2237155.5555555555,
        2237155.5555555555,
        2237155.5555555555,
        2237155.5555555555,
        2237155.5555555555,
        2237155.5555555555,
        2237155.5555555555,
        2237155.5555555555,
        2237155.5555555555,
        2237155.5555555555,
        2237155.5555555555,
        2237155.5555555555
      ]
    }
  },
  "execution_time": {
    "total_time_ms": 175.26671839425236,
    "forward_backward_time_ms": 214.83106217762037,
    "batch_generator_time_ms": 0.09253522213031021,
    "layernorm_grads_all_reduce_time_ms": 0.00022222222222222223,
    "embedding_grads_all_reduce_time_ms": 0.00044444444444444447,
    "optimizer_time_ms": 9.680728677129219,
    "layer_compute_total_ms": [
      6.2213313387474045,
      6.132318000082806,
      6.430607630399107,
      6.383307930567147,
      6.601034663779299,
      6.520257241694102,
      6.369716605372054,
      6.314428383161107,
      6.525607472091603,
      6.3277559751036785,
      5.89466758586544,
      5.8990610140932,
      5.769728222286277,
      5.683154633475675,
      5.759056472258332,
      5.690933100090155,
      5.7140262695611455,
      5.644670710898936,
      5.707471480612488,
      5.653034580852061,
      5.595133444553034,
      5.586883205816978,
      5.592860750039108,
      5.5351060776350405,
      5.4487157863655336,
      5.349226019623328,
      5.587909024810264,
      5.554784208490876
    ]
  },
  "execution_memory": {
    "total_memory": 88397.4453125,
    "layer_memory_total_mb": [
      34.13628472222222,
      34.13628472222222,
      34.13628472222222,
      34.13628472222222,
      34.13628472222222,
      34.13628472222222,
      34.13628472222222,
      34.13628472222222,
      34.13628472222222,
      34.13628472222222,
      34.13628472222222,
      34.13628472222222,
      34.13628472222222,
      34.13628472222222,
      34.13628472222222,
      34.13628472222222,
      34.13628472222222,
      34.13628472222222,
      34.13628472222222,
      34.13628472222222,
      34.13628472222222,
      34.13628472222222,
      34.13628472222222,
      34.13628472222222,
      34.13628472222222,
      34.13628472222222,
      34.13628472222222,
      34.13628472222222
    ]
  }
}