{
  "model": {
    "model_name": "Qwen/Qwen3-0.6B",
    "num_layers": 28,
    "parameters": {
      "total_parameters_bytes": 3006529536,
      "parameters_per_layer_bytes": [
        62923776,
        62923776,
        62923776,
        62923776,
        62923776,
        62923776,
        62923776,
        62923776,
        62923776,
        62923776,
        62923776,
        62923776,
        62923776,
        62923776,
        62923776,
        62923776,
        62923776,
        62923776,
        62923776,
        62923776,
        62923776,
        62923776,
        62923776,
        62923776,
        62923776,
        62923776,
        62923776,
        62923776
      ]
    }
  },
  "execution_time": {
    "total_time_ms": 2503.522299521137,
    "forward_backward_time_ms": 3188.881768321153,
    "batch_generator_time_ms": 5.671471008099616,
    "layernorm_grads_all_reduce_time_ms": 0.02,
    "embedding_grads_all_reduce_time_ms": 0.04,
    "optimizer_time_ms": -691.0909398081153,
    "layer_compute_total_ms": [
      106.64522825391032,
      118.05622250540182,
      114.15038298582658,
      114.71521350904368,
      114.39204742782749,
      114.51542674330994,
      115.64384956727736,
      115.21386547246948,
      116.22959224041551,
      116.98604573030025,
      106.36641221935861,
      101.78606247063726,
      102.3782622651197,
      118.34324648953043,
      118.61611378844827,
      115.9880917693954,
      115.17056875163689,
      116.0308217513375,
      116.5150914748665,
      114.51815598411486,
      115.32140799681656,
      114.39524151501246,
      113.56855899794027,
      115.41194128221832,
      116.49492467404343,
      115.80978723941371,
      113.86092676548287,
      111.7582784499973
    ]
  },
  "execution_memory": {
    "total_memory": 28070.94140625,
    "layer_memory_total_mb": [
      960.140625,
      960.140625,
      960.140625,
      960.140625,
      960.140625,
      960.140625,
      960.140625,
      960.140625,
      960.140625,
      960.140625,
      960.140625,
      960.140625,
      960.140625,
      960.140625,
      960.140625,
      960.140625,
      960.140625,
      960.140625,
      960.140625,
      960.140625,
      960.140625,
      960.140625,
      960.140625,
      960.140625,
      960.140625,
      960.140625,
      960.140625,
      960.140625
    ]
  }
}