{
  "model": {
    "model_name": "Qwen/Qwen3-1.7B",
    "num_layers": 28,
    "parameters": {
      "total_parameters_bytes": 8126959616,
      "parameters_per_layer_bytes": [
        11185777.777777778,
        11185777.777777778,
        11185777.777777778,
        11185777.777777778,
        11185777.777777778,
        11185777.777777778,
        11185777.777777778,
        11185777.777777778,
        11185777.777777778,
        11185777.777777778,
        11185777.777777778,
        11185777.777777778,
        11185777.777777778,
        11185777.777777778,
        11185777.777777778,
        11185777.777777778,
        11185777.777777778,
        11185777.777777778,
        11185777.777777778,
        11185777.777777778,
        11185777.777777778,
        11185777.777777778,
        11185777.777777778,
        11185777.777777778,
        11185777.777777778,
        11185777.777777778,
        11185777.777777778,
        11185777.777777778
      ]
    }
  },
  "execution_time": {
    "total_time_ms": 1604.15576958298,
    "forward_backward_time_ms": 1809.7976171373007,
    "batch_generator_time_ms": 0.9566858320290015,
    "layernorm_grads_all_reduce_time_ms": 0.0011111111111111111,
    "embedding_grads_all_reduce_time_ms": 0.0022222222222222222,
    "optimizer_time_ms": 191.59724027720046,
    "layer_compute_total_ms": [
      55.26525530553448,
      55.13557317964215,
      54.81327323488787,
      54.35550504140944,
      54.22414336256527,
      54.12464436085429,
      53.424323888773664,
      52.76009491677137,
      53.03244759690844,
      51.314148848177865,
      50.457347680801625,
      50.0703080688254,
      49.75992934648982,
      50.677242583737495,
      49.26446922278652,
      48.68446712417709,
      49.35605645813565,
      48.371791985927196,
      47.83528527736457,
      47.571487597856,
      47.887173345467694,
      47.66257668072487,
      48.470985681180736,
      47.75499502930971,
      47.27202079326768,
      47.355397027988346,
      47.164328528096014,
      47.53323797275596
    ]
  },
  "execution_memory": {
    "total_memory": 88397.4453125,
    "layer_memory_total_mb": [
      170.68142361111111,
      170.68142361111111,
      170.68142361111111,
      170.68142361111111,
      170.68142361111111,
      170.68142361111111,
      170.68142361111111,
      170.68142361111111,
      170.68142361111111,
      170.68142361111111,
      170.68142361111111,
      170.68142361111111,
      170.68142361111111,
      170.68142361111111,
      170.68142361111111,
      170.68142361111111,
      170.68142361111111,
      170.68142361111111,
      170.68142361111111,
      170.68142361111111,
      170.68142361111111,
      170.68142361111111,
      170.68142361111111,
      170.68142361111111,
      170.68142361111111,
      170.68142361111111,
      170.68142361111111,
      170.68142361111111
    ]
  }
}