{
  "model": {
    "model_name": "google-bert/bert-base-uncased",
    "num_layers": 12,
    "parameters": {
      "total_parameters_bytes": 433981440,
      "parameters_per_layer_bytes": [
        315016.5333333333,
        315016.5333333333,
        315016.5333333333,
        315016.5333333333,
        315016.5333333333,
        315016.5333333333,
        315016.5333333333,
        315016.5333333333,
        315016.5333333333,
        315016.5333333333,
        315016.5333333333,
        315016.5333333333
      ]
    }
  },
  "execution_time": {
    "total_time_ms": 20.24002680554986,
    "forward_backward_time_ms": 24.27381749367779,
    "batch_generator_time_ms": 3.1074930221721946,
    "layernorm_grads_all_reduce_time_ms": 0.00022222222222222223,
    "embedding_grads_all_reduce_time_ms": 0.00044444444444444447,
    "optimizer_time_ms": -1.5672059481672735,
    "layer_compute_total_ms": [
      1.668905917257588,
      1.6585334388461586,
      1.5428684611429668,
      1.6125404833777188,
      1.6248148055941178,
      1.5159836001758877,
      1.4619013863719172,
      1.5275505639793765,
      1.5053021802385855,
      1.4690324389246396,
      1.5336950084828358,
      1.5779447804864808
    ]
  },
  "execution_memory": {
    "total_memory": 5280.732421875,
    "layer_memory_total_mb": [
      4.806770833333333,
      4.806770833333333,
      4.806770833333333,
      4.806770833333333,
      4.806770833333333,
      4.806770833333333,
      4.806770833333333,
      4.806770833333333,
      4.806770833333333,
      4.806770833333333,
      4.806770833333333,
      4.806770833333333
    ]
  }
}