{
  "model": {
    "model_name": "Qwen/Qwen3-0.6B",
    "num_layers": 28,
    "parameters": {
      "total_parameters_bytes": 3006529536,
      "parameters_per_layer_bytes": [
        27537757.549234137,
        27537757.549234137,
        27537757.549234137,
        27537757.549234137,
        27537757.549234137,
        27537757.549234137,
        27537757.549234137,
        27537757.549234137,
        27537757.549234137,
        27537757.549234137,
        27537757.549234137,
        27537757.549234137,
        27537757.549234137,
        27537757.549234137,
        27537757.549234137,
        27537757.549234137,
        27537757.549234137,
        27537757.549234137,
        27537757.549234137,
        27537757.549234137,
        27537757.549234137,
        27537757.549234137,
        27537757.549234137,
        27537757.549234137,
        27537757.549234137,
        27537757.549234137,
        27537757.549234137,
        27537757.549234137
      ]
    }
  },
  "execution_time": {
    "total_time_ms": 3277.5214059047576,
    "forward_backward_time_ms": 3630.4782796737086,
    "batch_generator_time_ms": 7.6853426650199115,
    "layernorm_grads_all_reduce_time_ms": 0.0087527352297593,
    "embedding_grads_all_reduce_time_ms": 0.0175054704595186,
    "optimizer_time_ms": 443.1494027240899,
    "layer_compute_total_ms": [
      107.61745109187676,
      105.38764058954146,
      108.93731772544523,
      112.59790033133113,
      110.6746854523963,
      109.54667570482617,
      110.32676871043694,
      107.4512824916721,
      110.253594754976,
      116.69114026744367,
      97.72782746070173,
      99.77322461731076,
      100.8878424506394,
      100.11681105001041,
      98.62853687511821,
      98.75688380579601,
      105.92391564412944,
      97.86828905822917,
      99.41489956544456,
      97.8473611624353,
      98.87574901419673,
      100.99350525722461,
      90.04249550741984,
      86.73230175278404,
      88.49889923998255,
      85.95420010194296,
      87.63959453007129,
      91.49360809657576
    ]
  },
  "execution_memory": {
    "total_memory": 28070.94140625,
    "layer_memory_total_mb": [
      420.19283369803065,
      420.19283369803065,
      420.19283369803065,
      420.19283369803065,
      420.19283369803065,
      420.19283369803065,
      420.19283369803065,
      420.19283369803065,
      420.19283369803065,
      420.19283369803065,
      420.19283369803065,
      420.19283369803065,
      420.19283369803065,
      420.19283369803065,
      420.19283369803065,
      420.19283369803065,
      420.19283369803065,
      420.19283369803065,
      420.19283369803065,
      420.19283369803065,
      420.19283369803065,
      420.19283369803065,
      420.19283369803065,
      420.19283369803065,
      420.19283369803065,
      420.19283369803065,
      420.19283369803065,
      420.19283369803065
    ]
  }
}