{
  "model": {
    "model_name": "Qwen/Qwen3-0.6B",
    "num_layers": 28,
    "parameters": {
      "total_parameters_bytes": 3006529536,
      "parameters_per_layer_bytes": [
        62923776,
        62923776,
        62923776,
        62923776,
        62923776,
        62923776,
        62923776,
        62923776,
        62923776,
        62923776,
        62923776,
        62923776,
        62923776,
        62923776,
        62923776,
        62923776,
        62923776,
        62923776,
        62923776,
        62923776,
        62923776,
        62923776,
        62923776,
        62923776,
        62923776,
        62923776,
        62923776,
        62923776
      ]
    }
  },
  "execution_time": {
    "total_time_ms": 4744.001435494283,
    "forward_backward_time_ms": 4966.77681850997,
    "batch_generator_time_ms": 9.663141012424603,
    "layernorm_grads_all_reduce_time_ms": 0.02,
    "embedding_grads_all_reduce_time_ms": 0.04,
    "optimizer_time_ms": -232.49852402811172,
    "layer_compute_total_ms": [
      198.34607975644758,
      191.1217662418494,
      195.59674101765268,
      195.04137850890402,
      183.8877359914477,
      185.50933000369696,
      181.59742876014207,
      184.5436924995738,
      186.8378757571918,
      184.360414481489,
      185.2169369958574,
      179.65890899358783,
      183.17508226755308,
      184.98362899845233,
      184.8659490060527,
      171.46131424669875,
      174.83557974628638,
      180.8672584957094,
      178.61992174584884,
      176.15389200364007,
      173.3979800119414,
      168.4771689979243,
      166.0127007489791,
      154.96979549061507,
      161.3558822500636,
      156.23665100429207,
      152.69706799881533,
      146.9486564892577
    ]
  },
  "execution_memory": {
    "total_memory": 28070.94140625,
    "layer_memory_total_mb": [
      960.140625,
      960.140625,
      960.140625,
      960.140625,
      960.140625,
      960.140625,
      960.140625,
      960.140625,
      960.140625,
      960.140625,
      960.140625,
      960.140625,
      960.140625,
      960.140625,
      960.140625,
      960.140625,
      960.140625,
      960.140625,
      960.140625,
      960.140625,
      960.140625,
      960.140625,
      960.140625,
      960.140625,
      960.140625,
      960.140625,
      960.140625,
      960.140625
    ]
  }
}