{
  "model": {
    "model_name": "Qwen/Qwen3-0.6B",
    "num_layers": 28,
    "parameters": {
      "total_parameters_bytes": 3006529536,
      "parameters_per_layer_bytes": [
        2945042.403819152,
        2945042.403819152,
        2945042.403819152,
        2945042.403819152,
        2945042.403819152,
        2945042.403819152,
        2945042.403819152,
        2945042.403819152,
        2945042.403819152,
        2945042.403819152,
        2945042.403819152,
        2945042.403819152,
        2945042.403819152,
        2945042.403819152,
        2945042.403819152,
        2945042.403819152,
        2945042.403819152,
        2945042.403819152,
        2945042.403819152,
        2945042.403819152,
        2945042.403819152,
        2945042.403819152,
        2945042.403819152,
        2945042.403819152,
        2945042.403819152,
        2945042.403819152,
        2945042.403819152,
        2945042.403819152
      ]
    }
  },
  "execution_time": {
    "total_time_ms": 501.5772242117529,
    "forward_backward_time_ms": 605.1219298075745,
    "batch_generator_time_ms": 0.5093330519503504,
    "layernorm_grads_all_reduce_time_ms": 0.0009360666479453338,
    "embedding_grads_all_reduce_time_ms": 0.0018721332958906677,
    "optimizer_time_ms": 68.74272373074234,
    "layer_compute_total_ms": [
      16.125022676799478,
      16.546169252906473,
      16.002346906637907,
      16.24244790671946,
      16.45833340289288,
      16.181400297816815,
      16.41750835547493,
      16.420442736308352,
      15.960466372016606,
      15.922539255492962,
      16.122365218245395,
      16.032938383352313,
      15.39137827689489,
      15.542625140246702,
      15.343177068924629,
      15.252712557702251,
      15.4228977947495,
      15.065696340257487,
      15.511334128870727,
      15.03687323317711,
      14.63829294051364,
      14.665923850302853,
      14.603489270067811,
      14.502817782199452,
      14.181730249440227,
      14.252196327686358,
      13.940641242013836,
      14.538592261405299
    ]
  },
  "execution_memory": {
    "total_memory": 28070.94140625,
    "layer_memory_total_mb": [
      44.93778081999439,
      44.93778081999439,
      44.93778081999439,
      44.93778081999439,
      44.93778081999439,
      44.93778081999439,
      44.93778081999439,
      44.93778081999439,
      44.93778081999439,
      44.93778081999439,
      44.93778081999439,
      44.93778081999439,
      44.93778081999439,
      44.93778081999439,
      44.93778081999439,
      44.93778081999439,
      44.93778081999439,
      44.93778081999439,
      44.93778081999439,
      44.93778081999439,
      44.93778081999439,
      44.93778081999439,
      44.93778081999439,
      44.93778081999439,
      44.93778081999439,
      44.93778081999439,
      44.93778081999439,
      44.93778081999439
    ]
  }
}