{
  "model": {
    "model_name": "Qwen/Qwen3-0.6B",
    "num_layers": 28,
    "parameters": {
      "total_parameters_bytes": 3006529536,
      "parameters_per_layer_bytes": [
        62923776,
        62923776,
        62923776,
        62923776,
        62923776,
        62923776,
        62923776,
        62923776,
        62923776,
        62923776,
        62923776,
        62923776,
        62923776,
        62923776,
        62923776,
        62923776,
        62923776,
        62923776,
        62923776,
        62923776,
        62923776,
        62923776,
        62923776,
        62923776,
        62923776,
        62923776,
        62923776,
        62923776
      ]
    }
  },
  "execution_time": {
    "total_time_ms": 6262.563622498419,
    "forward_backward_time_ms": 5444.961300236173,
    "batch_generator_time_ms": 9.395285043865442,
    "layernorm_grads_all_reduce_time_ms": 0.02,
    "embedding_grads_all_reduce_time_ms": 0.04,
    "optimizer_time_ms": 808.1470372183808,
    "layer_compute_total_ms": [
      221.2643000530079,
      223.863611521665,
      224.1159125114791,
      199.38685823581181,
      200.943878502585,
      195.4540677543264,
      201.6121877823025,
      200.85106123588048,
      196.7142442590557,
      196.17434425163083,
      215.78843623865396,
      221.82129198336042,
      213.0253844661638,
      209.33832830633037,
      209.81598849175498,
      203.5216537769884,
      188.15952542354353,
      193.82295195828192,
      184.37502891174518,
      193.07806371944025,
      189.14188398048282,
      180.1838335231878,
      167.18161149765365,
      162.5126177968923,
      160.94291501212865,
      159.75272250943817,
      162.2420545318164,
      169.87654200056568
    ]
  },
  "execution_memory": {
    "total_memory": 28070.94140625,
    "layer_memory_total_mb": [
      960.140625,
      960.140625,
      960.140625,
      960.140625,
      960.140625,
      960.140625,
      960.140625,
      960.140625,
      960.140625,
      960.140625,
      960.140625,
      960.140625,
      960.140625,
      960.140625,
      960.140625,
      960.140625,
      960.140625,
      960.140625,
      960.140625,
      960.140625,
      960.140625,
      960.140625,
      960.140625,
      960.140625,
      960.140625,
      960.140625,
      960.140625,
      960.140625
    ]
  }
}