{
  "model": {
    "model_name": "google-bert/bert-base-uncased",
    "num_layers": 12,
    "parameters": {
      "total_parameters_bytes": 433981440,
      "parameters_per_layer_bytes": [
        1187953.5513170257,
        1187953.5513170257,
        1187953.5513170257,
        1187953.5513170257,
        1187953.5513170257,
        1187953.5513170257,
        1187953.5513170257,
        1187953.5513170257,
        1187953.5513170257,
        1187953.5513170257,
        1187953.5513170257,
        1187953.5513170257
      ]
    }
  },
  "execution_time": {
    "total_time_ms": 171.8448472464681,
    "forward_backward_time_ms": 219.94752961896688,
    "batch_generator_time_ms": 12.331472052822168,
    "layernorm_grads_all_reduce_time_ms": 0.0008380184851793499,
    "embedding_grads_all_reduce_time_ms": 0.0016760369703586997,
    "optimizer_time_ms": 2.3718942167217274,
    "layer_compute_total_ms": [
      13.262696766815603,
      13.134741001750527,
      13.02256892590975,
      13.261240353498364,
      13.413788293010548,
      12.76356132864244,
      12.814155805589344,
      12.918446177687123,
      13.417681633128105,
      13.209367321573415,
      12.910544471466146,
      13.010174842397294
    ]
  },
  "execution_memory": {
    "total_memory": 5280.732421875,
    "layer_memory_total_mb": [
      18.126732655594264,
      18.126732655594264,
      18.126732655594264,
      18.126732655594264,
      18.126732655594264,
      18.126732655594264,
      18.126732655594264,
      18.126732655594264,
      18.126732655594264,
      18.126732655594264,
      18.126732655594264,
      18.126732655594264
    ]
  }
}