{
  "model": {
    "model_name": "google-bert/bert-base-uncased",
    "num_layers": 12,
    "parameters": {
      "total_parameters_bytes": 433981440,
      "parameters_per_layer_bytes": [
        1575082.6666666665,
        1575082.6666666665,
        1575082.6666666665,
        1575082.6666666665,
        1575082.6666666665,
        1575082.6666666665,
        1575082.6666666665,
        1575082.6666666665,
        1575082.6666666665,
        1575082.6666666665,
        1575082.6666666665,
        1575082.6666666665
      ]
    }
  },
  "execution_time": {
    "total_time_ms": 114.58952483371831,
    "forward_backward_time_ms": 131.2266509676622,
    "batch_generator_time_ms": 18.710407279690518,
    "layernorm_grads_all_reduce_time_ms": 0.0011111111111111111,
    "embedding_grads_all_reduce_time_ms": 0.0022222222222222222,
    "optimizer_time_ms": -6.477839876609957,
    "layer_compute_total_ms": [
      8.26823905501644,
      8.664753014777993,
      8.648427318904497,
      8.791646360704261,
      8.74515841618025,
      8.679392459776459,
      8.724200639537433,
      8.339210334169264,
      8.20190667824742,
      8.318178445430627,
      8.326645778045833,
      8.645865596513936
    ]
  },
  "execution_memory": {
    "total_memory": 5280.732421875,
    "layer_memory_total_mb": [
      24.033854166666664,
      24.033854166666664,
      24.033854166666664,
      24.033854166666664,
      24.033854166666664,
      24.033854166666664,
      24.033854166666664,
      24.033854166666664,
      24.033854166666664,
      24.033854166666664,
      24.033854166666664,
      24.033854166666664
    ]
  }
}