{
  "model": {
    "model_name": "Qwen/Qwen3-1.7B",
    "num_layers": 28,
    "parameters": {
      "total_parameters_bytes": 8126959616,
      "parameters_per_layer_bytes": [
        29371845.368344273,
        29371845.368344273,
        29371845.368344273,
        29371845.368344273,
        29371845.368344273,
        29371845.368344273,
        29371845.368344273,
        29371845.368344273,
        29371845.368344273,
        29371845.368344273,
        29371845.368344273,
        29371845.368344273,
        29371845.368344273,
        29371845.368344273,
        29371845.368344273,
        29371845.368344273,
        29371845.368344273,
        29371845.368344273,
        29371845.368344273,
        29371845.368344273,
        29371845.368344273,
        29371845.368344273,
        29371845.368344273,
        29371845.368344273,
        29371845.368344273,
        29371845.368344273,
        29371845.368344273,
        29371845.368344273
      ]
    }
  },
  "execution_time": {
    "total_time_ms": 4212.225215535177,
    "forward_backward_time_ms": 4760.652098645338,
    "batch_generator_time_ms": 2.512085335743549,
    "layernorm_grads_all_reduce_time_ms": 0.0029175784099197666,
    "embedding_grads_all_reduce_time_ms": 0.005835156819839533,
    "optimizer_time_ms": 503.09997446967304,
    "layer_compute_total_ms": [
      145.11664412831811,
      144.77612213472776,
      143.9298203104277,
      142.72780317219107,
      142.38287097391319,
      142.12160444863272,
      140.2826885482022,
      138.5385424510408,
      139.25369172054732,
      134.7417475225677,
      132.49194139378983,
      131.47564481967282,
      130.66064598640654,
      133.06934595292122,
      129.35965660250292,
      127.83667516195297,
      129.6001482489339,
      127.01564635254407,
      125.60687600183256,
      124.91419062894354,
      125.74312475833969,
      125.1533742163454,
      127.27611119784876,
      125.39604821700581,
      124.12784453374445,
      124.34677556583374,
      123.84506396874228,
      124.8137539766021
    ]
  },
  "execution_memory": {
    "total_memory": 88397.4453125,
    "layer_memory_total_mb": [
      448.1787928519329,
      448.1787928519329,
      448.1787928519329,
      448.1787928519329,
      448.1787928519329,
      448.1787928519329,
      448.1787928519329,
      448.1787928519329,
      448.1787928519329,
      448.1787928519329,
      448.1787928519329,
      448.1787928519329,
      448.1787928519329,
      448.1787928519329,
      448.1787928519329,
      448.1787928519329,
      448.1787928519329,
      448.1787928519329,
      448.1787928519329,
      448.1787928519329,
      448.1787928519329,
      448.1787928519329,
      448.1787928519329,
      448.1787928519329,
      448.1787928519329,
      448.1787928519329,
      448.1787928519329,
      448.1787928519329
    ]
  }
}