{
  "model": {
    "model_name": "Qwen/Qwen3-0.6B",
    "num_layers": 28,
    "parameters": {
      "total_parameters_bytes": 3006529536,
      "parameters_per_layer_bytes": [
        9179252.516411379,
        9179252.516411379,
        9179252.516411379,
        9179252.516411379,
        9179252.516411379,
        9179252.516411379,
        9179252.516411379,
        9179252.516411379,
        9179252.516411379,
        9179252.516411379,
        9179252.516411379,
        9179252.516411379,
        9179252.516411379,
        9179252.516411379,
        9179252.516411379,
        9179252.516411379,
        9179252.516411379,
        9179252.516411379,
        9179252.516411379,
        9179252.516411379,
        9179252.516411379,
        9179252.516411379,
        9179252.516411379,
        9179252.516411379,
        9179252.516411379,
        9179252.516411379,
        9179252.516411379,
        9179252.516411379
      ]
    }
  },
  "execution_time": {
    "total_time_ms": 1261.3662712607652,
    "forward_backward_time_ms": 1370.4408831296914,
    "batch_generator_time_ms": 2.674378993371427,
    "layernorm_grads_all_reduce_time_ms": 0.0029175784099197666,
    "embedding_grads_all_reduce_time_ms": 0.005835156819839533,
    "optimizer_time_ms": 191.66918720036642,
    "layer_compute_total_ms": [
      41.63174227025784,
      42.258986176348564,
      39.577785555049466,
      39.89612231854544,
      38.91664689919965,
      39.11284719436565,
      38.40510222272347,
      39.31488534005972,
      36.88486050129145,
      37.03372395966089,
      36.6317619256951,
      37.168230852976585,
      37.95225733043191,
      38.2505991255588,
      36.70958840229802,
      38.219686470811006,
      39.13047702328854,
      37.933890664060804,
      36.703248868389345,
      37.96759989016834,
      37.90668326127394,
      37.317661270309024,
      36.61786546439196,
      38.251318565454675,
      38.069377279132915,
      36.780578738330156,
      35.50096312790829,
      36.86946163381593
    ]
  },
  "execution_memory": {
    "total_memory": 28070.94140625,
    "layer_memory_total_mb": [
      140.06427789934355,
      140.06427789934355,
      140.06427789934355,
      140.06427789934355,
      140.06427789934355,
      140.06427789934355,
      140.06427789934355,
      140.06427789934355,
      140.06427789934355,
      140.06427789934355,
      140.06427789934355,
      140.06427789934355,
      140.06427789934355,
      140.06427789934355,
      140.06427789934355,
      140.06427789934355,
      140.06427789934355,
      140.06427789934355,
      140.06427789934355,
      140.06427789934355,
      140.06427789934355,
      140.06427789934355,
      140.06427789934355,
      140.06427789934355,
      140.06427789934355,
      140.06427789934355,
      140.06427789934355,
      140.06427789934355
    ]
  }
}