{
  "model": {
    "model_name": "google-bert/bert-base-uncased",
    "num_layers": 12,
    "parameters": {
      "total_parameters_bytes": 433981440,
      "parameters_per_layer_bytes": [
        28351488.0,
        28351488.0,
        28351488.0,
        28351488.0,
        28351488.0,
        28351488.0,
        28351488.0,
        28351488.0,
        28351488.0,
        28351488.0,
        28351488.0,
        28351488.0
      ]
    }
  },
  "execution_time": {
    "total_time_ms": 1540.822240000125,
    "forward_backward_time_ms": 1427.4724134302232,
    "batch_generator_time_ms": 173.5302489832975,
    "layernorm_grads_all_reduce_time_ms": 0.02,
    "embedding_grads_all_reduce_time_ms": 0.04,
    "optimizer_time_ms": -60.24042241339572,
    "layer_compute_total_ms": [
      111.70719449000899,
      119.20650224783458,
      117.22627049311996,
      119.65195200173184,
      116.44735223671887,
      109.49262823851313,
      121.8041754909791,
      122.42902973957825,
      121.3595754961716,
      122.93183751171455,
      122.19798898149747,
      123.01790650235489
    ]
  },
  "execution_memory": {
    "total_memory": 5280.732421875,
    "layer_memory_total_mb": [
      432.609375,
      432.609375,
      432.609375,
      432.609375,
      432.609375,
      432.609375,
      432.609375,
      432.609375,
      432.609375,
      432.609375,
      432.609375,
      432.609375
    ]
  }
}