{
  "model": {
    "model_name": "Qwen/Qwen3-0.6B",
    "num_layers": 28,
    "parameters": {
      "total_parameters_bytes": 3006529536,
      "parameters_per_layer_bytes": [
        9179252.516411379,
        9179252.516411379,
        9179252.516411379,
        9179252.516411379,
        9179252.516411379,
        9179252.516411379,
        9179252.516411379,
        9179252.516411379,
        9179252.516411379,
        9179252.516411379,
        9179252.516411379,
        9179252.516411379,
        9179252.516411379,
        9179252.516411379,
        9179252.516411379,
        9179252.516411379,
        9179252.516411379,
        9179252.516411379,
        9179252.516411379,
        9179252.516411379,
        9179252.516411379,
        9179252.516411379,
        9179252.516411379,
        9179252.516411379,
        9179252.516411379,
        9179252.516411379,
        9179252.516411379,
        9179252.516411379
      ]
    }
  },
  "execution_time": {
    "total_time_ms": 458.98864471151836,
    "forward_backward_time_ms": 716.5610781057323,
    "batch_generator_time_ms": 1.2857005112878517,
    "layernorm_grads_all_reduce_time_ms": 0.0029175784099197666,
    "embedding_grads_all_reduce_time_ms": 0.005835156819839533,
    "optimizer_time_ms": -100.21434545098042,
    "layer_compute_total_ms": [
      19.302215645555748,
      20.957356964592584,
      20.294423486557154,
      20.337003027360662,
      20.103779397082917,
      20.59569565742667,
      20.18952177273501,
      20.541060320814946,
      20.246430123812452,
      19.877761379548332,
      18.80648938599664,
      19.258853430363175,
      19.219607149563625,
      19.253021187258017,
      18.96671437158913,
      19.519951676701574,
      20.25457753311268,
      20.492236507546366,
      20.346689278876,
      19.975606492876103,
      20.102223595677327,
      20.356134246687663,
      20.18128442814075,
      20.230909555199073,
      20.217273814118325,
      19.18456192708484,
      19.222384463782735,
      19.874770095920695
    ]
  },
  "execution_memory": {
    "total_memory": 28070.94140625,
    "layer_memory_total_mb": [
      140.06427789934355,
      140.06427789934355,
      140.06427789934355,
      140.06427789934355,
      140.06427789934355,
      140.06427789934355,
      140.06427789934355,
      140.06427789934355,
      140.06427789934355,
      140.06427789934355,
      140.06427789934355,
      140.06427789934355,
      140.06427789934355,
      140.06427789934355,
      140.06427789934355,
      140.06427789934355,
      140.06427789934355,
      140.06427789934355,
      140.06427789934355,
      140.06427789934355,
      140.06427789934355,
      140.06427789934355,
      140.06427789934355,
      140.06427789934355,
      140.06427789934355,
      140.06427789934355,
      140.06427789934355,
      140.06427789934355
    ]
  }
}