{
  "model": {
    "model_name": "Qwen/Qwen3-1.7B",
    "num_layers": 28,
    "parameters": {
      "total_parameters_bytes": 8126959616,
      "parameters_per_layer_bytes": [
        3413420.133591021,
        3413420.133591021,
        3413420.133591021,
        3413420.133591021,
        3413420.133591021,
        3413420.133591021,
        3413420.133591021,
        3413420.133591021,
        3413420.133591021,
        3413420.133591021,
        3413420.133591021,
        3413420.133591021,
        3413420.133591021,
        3413420.133591021,
        3413420.133591021,
        3413420.133591021,
        3413420.133591021,
        3413420.133591021,
        3413420.133591021,
        3413420.133591021,
        3413420.133591021,
        3413420.133591021,
        3413420.133591021,
        3413420.133591021,
        3413420.133591021,
        3413420.133591021,
        3413420.133591021,
        3413420.133591021
      ]
    }
  },
  "execution_time": {
    "total_time_ms": 267.41946657652176,
    "forward_backward_time_ms": 323.70541727092126,
    "batch_generator_time_ms": 0.14118892604563654,
    "layernorm_grads_all_reduce_time_ms": 0.0003390635065947852,
    "embedding_grads_all_reduce_time_ms": 0.0006781270131895704,
    "optimizer_time_ms": 14.770718152470579,
    "layer_compute_total_ms": [
      9.49241888731676,
      9.356603600980783,
      9.811729677142365,
      9.73956046775579,
      10.071764821146319,
      9.948515779209796,
      9.71882301704616,
      9.6344650338131,
      9.956679084668297,
      9.654800084076408,
      8.993999978433687,
      9.000703408747633,
      8.803369274162765,
      8.671276523459984,
      8.787086469725864,
      8.683144797208048,
      8.718380026794545,
      8.612558301646224,
      8.708378823027902,
      8.625319775483765,
      8.536975045091598,
      8.524386948149186,
      8.533507400120701,
      8.445386142256696,
      8.31357306433557,
      8.161772993016976,
      8.525952128181665,
      8.475410754487145
    ]
  },
  "execution_memory": {
    "total_memory": 88397.4453125,
    "layer_memory_total_mb": [
      52.08465780015596,
      52.08465780015596,
      52.08465780015596,
      52.08465780015596,
      52.08465780015596,
      52.08465780015596,
      52.08465780015596,
      52.08465780015596,
      52.08465780015596,
      52.08465780015596,
      52.08465780015596,
      52.08465780015596,
      52.08465780015596,
      52.08465780015596,
      52.08465780015596,
      52.08465780015596,
      52.08465780015596,
      52.08465780015596,
      52.08465780015596,
      52.08465780015596,
      52.08465780015596,
      52.08465780015596,
      52.08465780015596,
      52.08465780015596,
      52.08465780015596,
      52.08465780015596,
      52.08465780015596,
      52.08465780015596
    ]
  }
}