{
  "model": {
    "model_name": "Qwen/Qwen3-1.7B",
    "num_layers": 28,
    "parameters": {
      "total_parameters_bytes": 8126959616,
      "parameters_per_layer_bytes": [
        29371845.368344273,
        29371845.368344273,
        29371845.368344273,
        29371845.368344273,
        29371845.368344273,
        29371845.368344273,
        29371845.368344273,
        29371845.368344273,
        29371845.368344273,
        29371845.368344273,
        29371845.368344273,
        29371845.368344273,
        29371845.368344273,
        29371845.368344273,
        29371845.368344273,
        29371845.368344273,
        29371845.368344273,
        29371845.368344273,
        29371845.368344273,
        29371845.368344273,
        29371845.368344273,
        29371845.368344273,
        29371845.368344273,
        29371845.368344273,
        29371845.368344273,
        29371845.368344273,
        29371845.368344273,
        29371845.368344273
      ]
    }
  },
  "execution_time": {
    "total_time_ms": 1004.0874197648772,
    "forward_backward_time_ms": 1185.2456941243904,
    "batch_generator_time_ms": 8.146810937363092,
    "layernorm_grads_all_reduce_time_ms": 0.0029175784099197666,
    "embedding_grads_all_reduce_time_ms": 0.005835156819839533,
    "optimizer_time_ms": 73.1093482846064,
    "layer_compute_total_ms": [
      42.1316441270624,
      35.874649087024174,
      37.589986433878266,
      37.84943979476693,
      38.42377519894956,
      38.025788766268114,
      39.08749930769474,
      38.186993138211825,
      36.337888804023216,
      37.04880685846095,
      32.90013391470209,
      31.996712475447193,
      32.49885390278626,
      30.319711744865465,
      30.655990994364203,
      30.499549125685316,
      28.989902115596784,
      30.57989019446787,
      28.70085269590075,
      29.343264954817432,
      29.500520021880874,
      31.44254773888495,
      29.435789606664372,
      28.084247298066572,
      27.74361651643831,
      27.842202080249987,
      29.376905142648226,
      32.35534576787107
    ]
  },
  "execution_memory": {
    "total_memory": 88397.4453125,
    "layer_memory_total_mb": [
      448.1787928519329,
      448.1787928519329,
      448.1787928519329,
      448.1787928519329,
      448.1787928519329,
      448.1787928519329,
      448.1787928519329,
      448.1787928519329,
      448.1787928519329,
      448.1787928519329,
      448.1787928519329,
      448.1787928519329,
      448.1787928519329,
      448.1787928519329,
      448.1787928519329,
      448.1787928519329,
      448.1787928519329,
      448.1787928519329,
      448.1787928519329,
      448.1787928519329,
      448.1787928519329,
      448.1787928519329,
      448.1787928519329,
      448.1787928519329,
      448.1787928519329,
      448.1787928519329,
      448.1787928519329,
      448.1787928519329
    ]
  }
}