{
  "model": {
    "model_name": "Qwen/Qwen3-0.6B",
    "num_layers": 28,
    "parameters": {
      "total_parameters_bytes": 3006529536,
      "parameters_per_layer_bytes": [
        9179252.516411379,
        9179252.516411379,
        9179252.516411379,
        9179252.516411379,
        9179252.516411379,
        9179252.516411379,
        9179252.516411379,
        9179252.516411379,
        9179252.516411379,
        9179252.516411379,
        9179252.516411379,
        9179252.516411379,
        9179252.516411379,
        9179252.516411379,
        9179252.516411379,
        9179252.516411379,
        9179252.516411379,
        9179252.516411379,
        9179252.516411379,
        9179252.516411379,
        9179252.516411379,
        9179252.516411379,
        9179252.516411379,
        9179252.516411379,
        9179252.516411379,
        9179252.516411379,
        9179252.516411379,
        9179252.516411379
      ]
    }
  },
  "execution_time": {
    "total_time_ms": 333.8618184531374,
    "forward_backward_time_ms": 383.85344080096206,
    "batch_generator_time_ms": 1.1169506900248891,
    "layernorm_grads_all_reduce_time_ms": 0.0029175784099197666,
    "embedding_grads_all_reduce_time_ms": 0.005835156819839533,
    "optimizer_time_ms": 33.87099649038072,
    "layer_compute_total_ms": [
      12.25885361223974,
      13.427932092328614,
      14.393565096248098,
      11.143716446424268,
      11.073653649044223,
      11.228719076367922,
      11.341006601496614,
      11.264820860234856,
      11.494089716192564,
      11.41689041015345,
      14.018201022155862,
      14.031732021289233,
      14.122159736844718,
      13.402819438269573,
      9.690750765860118,
      9.163929686199243,
      9.168228336817426,
      9.249159955435903,
      9.32431881760779,
      9.188527172739752,
      8.681012292021993,
      8.859502664353851,
      8.993742489160862,
      8.96520375807883,
      8.90446706876406,
      8.48539996109998,
      7.7209492698196325,
      7.851766520252833
    ]
  },
  "execution_memory": {
    "total_memory": 28070.94140625,
    "layer_memory_total_mb": [
      140.06427789934355,
      140.06427789934355,
      140.06427789934355,
      140.06427789934355,
      140.06427789934355,
      140.06427789934355,
      140.06427789934355,
      140.06427789934355,
      140.06427789934355,
      140.06427789934355,
      140.06427789934355,
      140.06427789934355,
      140.06427789934355,
      140.06427789934355,
      140.06427789934355,
      140.06427789934355,
      140.06427789934355,
      140.06427789934355,
      140.06427789934355,
      140.06427789934355,
      140.06427789934355,
      140.06427789934355,
      140.06427789934355,
      140.06427789934355,
      140.06427789934355,
      140.06427789934355,
      140.06427789934355,
      140.06427789934355
    ]
  }
}