{
  "model": {
    "model_name": "google-bert/bert-base-uncased",
    "num_layers": 12,
    "parameters": {
      "total_parameters_bytes": 433981440,
      "parameters_per_layer_bytes": [
        676840.3361344539,
        676840.3361344539,
        676840.3361344539,
        676840.3361344539,
        676840.3361344539,
        676840.3361344539,
        676840.3361344539,
        676840.3361344539,
        676840.3361344539,
        676840.3361344539,
        676840.3361344539,
        676840.3361344539
      ]
    }
  },
  "execution_time": {
    "total_time_ms": 22.11986832741173,
    "forward_backward_time_ms": 24.265681095062202,
    "batch_generator_time_ms": 3.188311426702982,
    "layernorm_grads_all_reduce_time_ms": 0.0004774637127578305,
    "embedding_grads_all_reduce_time_ms": 0.000954927425515661,
    "optimizer_time_ms": 0.03584064058298256,
    "layer_compute_total_ms": [
      1.6647694687567098,
      1.5791532539717779,
      1.6112769528493691,
      1.599703136333889,
      1.6206071129838862,
      1.655026809349867,
      1.5424556732359163,
      1.5931817285968308,
      1.5108255051618513,
      1.480703011457484,
      1.5212570130071323,
      1.5153242032827774
    ]
  },
  "execution_memory": {
    "total_memory": 5280.732421875,
    "layer_memory_total_mb": [
      10.327763918067228,
      10.327763918067228,
      10.327763918067228,
      10.327763918067228,
      10.327763918067228,
      10.327763918067228,
      10.327763918067228,
      10.327763918067228,
      10.327763918067228,
      10.327763918067228,
      10.327763918067228,
      10.327763918067228
    ]
  }
}