{
  "model": {
    "model_name": "google-bert/bert-base-uncased",
    "num_layers": 12,
    "parameters": {
      "total_parameters_bytes": 433981440,
      "parameters_per_layer_bytes": [
        726961.2307692308,
        726961.2307692308,
        726961.2307692308,
        726961.2307692308,
        726961.2307692308,
        726961.2307692308,
        726961.2307692308,
        726961.2307692308,
        726961.2307692308,
        726961.2307692308,
        726961.2307692308,
        726961.2307692308
      ]
    }
  },
  "execution_time": {
    "total_time_ms": 78.9322011920516,
    "forward_backward_time_ms": 82.0697876488087,
    "batch_generator_time_ms": 4.526926385155186,
    "layernorm_grads_all_reduce_time_ms": 0.0005128205128205128,
    "embedding_grads_all_reduce_time_ms": 0.0010256410256410256,
    "optimizer_time_ms": 5.607142729327942,
    "layer_compute_total_ms": [
      5.688913314654014,
      5.709117506436693,
      5.894849064180819,
      5.900993634639188,
      5.638413685329186,
      5.81304033291347,
      5.730358115845145,
      5.731042795023546,
      5.659172070012667,
      5.731020923494958,
      5.5757946665368925,
      5.723877506963431
    ]
  },
  "execution_memory": {
    "total_memory": 5280.732421875,
    "layer_memory_total_mb": [
      11.092548076923077,
      11.092548076923077,
      11.092548076923077,
      11.092548076923077,
      11.092548076923077,
      11.092548076923077,
      11.092548076923077,
      11.092548076923077,
      11.092548076923077,
      11.092548076923077,
      11.092548076923077,
      11.092548076923077
    ]
  }
}