{
  "model": {
    "model_name": "Qwen/Qwen3-1.7B",
    "num_layers": 28,
    "parameters": {
      "total_parameters_bytes": 8126959616,
      "parameters_per_layer_bytes": [
        88115536.10503282,
        88115536.10503282,
        88115536.10503282,
        88115536.10503282,
        88115536.10503282,
        88115536.10503282,
        88115536.10503282,
        88115536.10503282,
        88115536.10503282,
        88115536.10503282,
        88115536.10503282,
        88115536.10503282,
        88115536.10503282,
        88115536.10503282,
        88115536.10503282,
        88115536.10503282,
        88115536.10503282,
        88115536.10503282,
        88115536.10503282,
        88115536.10503282,
        88115536.10503282,
        88115536.10503282,
        88115536.10503282,
        88115536.10503282,
        88115536.10503282,
        88115536.10503282,
        88115536.10503282,
        88115536.10503282
      ]
    }
  },
  "execution_time": {
    "total_time_ms": 9730.669741566686,
    "forward_backward_time_ms": 11418.08110653687,
    "batch_generator_time_ms": 5.056477901760155,
    "layernorm_grads_all_reduce_time_ms": 0.0087527352297593,
    "embedding_grads_all_reduce_time_ms": 0.0175054704595186,
    "optimizer_time_ms": 835.5633645212213,
    "layer_compute_total_ms": [
      342.9558171742418,
      355.8591638981615,
      350.9882715578075,
      344.3892777966706,
      334.34896071515857,
      327.76008338180395,
      326.20764891153374,
      335.2902367552111,
      333.08096991442306,
      327.5515079787164,
      321.6063414615756,
      320.85122287638194,
      313.3519230977504,
      313.4894087458237,
      317.6827526282462,
      308.0391568840936,
      315.5075432235962,
      311.7623990116319,
      309.69776564962444,
      304.22085961474704,
      295.2805516415498,
      296.53372330039826,
      299.4222787725464,
      298.9553906982846,
      293.7742701338816,
      294.64474541295107,
      298.87243140136303,
      297.89893829984146
    ]
  },
  "execution_memory": {
    "total_memory": 88397.4453125,
    "layer_memory_total_mb": [
      1344.5363785557986,
      1344.5363785557986,
      1344.5363785557986,
      1344.5363785557986,
      1344.5363785557986,
      1344.5363785557986,
      1344.5363785557986,
      1344.5363785557986,
      1344.5363785557986,
      1344.5363785557986,
      1344.5363785557986,
      1344.5363785557986,
      1344.5363785557986,
      1344.5363785557986,
      1344.5363785557986,
      1344.5363785557986,
      1344.5363785557986,
      1344.5363785557986,
      1344.5363785557986,
      1344.5363785557986,
      1344.5363785557986,
      1344.5363785557986,
      1344.5363785557986,
      1344.5363785557986,
      1344.5363785557986,
      1344.5363785557986,
      1344.5363785557986,
      1344.5363785557986
    ]
  }
}