{
  "model": {
    "model_name": "Qwen/Qwen3-0.6B",
    "num_layers": 28,
    "parameters": {
      "total_parameters_bytes": 3006529536,
      "parameters_per_layer_bytes": [
        27537757.549234137,
        27537757.549234137,
        27537757.549234137,
        27537757.549234137,
        27537757.549234137,
        27537757.549234137,
        27537757.549234137,
        27537757.549234137,
        27537757.549234137,
        27537757.549234137,
        27537757.549234137,
        27537757.549234137,
        27537757.549234137,
        27537757.549234137,
        27537757.549234137,
        27537757.549234137,
        27537757.549234137,
        27537757.549234137,
        27537757.549234137,
        27537757.549234137,
        27537757.549234137,
        27537757.549234137,
        27537757.549234137,
        27537757.549234137,
        27537757.549234137,
        27537757.549234137,
        27537757.549234137,
        27537757.549234137
      ]
    }
  },
  "execution_time": {
    "total_time_ms": 1210.037890808449,
    "forward_backward_time_ms": 1609.3867611953578,
    "batch_generator_time_ms": 2.7398092018061315,
    "layernorm_grads_all_reduce_time_ms": 0.0087527352297593,
    "embedding_grads_all_reduce_time_ms": 0.0175054704595186,
    "optimizer_time_ms": -45.78341599897822,
    "layer_compute_total_ms": [
      53.90787636886679,
      52.920430088599154,
      51.71259541519972,
      53.00625075695168,
      51.254935465045925,
      51.54192494916275,
      52.11496149460812,
      53.47244102707544,
      51.79629529952693,
      51.6099368753951,
      44.427835770996786,
      41.836910837541865,
      42.404278867503045,
      41.91534300497784,
      42.07341016868345,
      41.86913075844637,
      43.51645469521855,
      40.96122813172622,
      40.84556508978474,
      40.3874622455633,
      43.93201815810144,
      41.984082272233486,
      38.1907981339459,
      35.04203545226139,
      38.62434814615823,
      36.12292352228281,
      36.78424725705387,
      38.79951914702084
    ]
  },
  "execution_memory": {
    "total_memory": 28070.94140625,
    "layer_memory_total_mb": [
      420.19283369803065,
      420.19283369803065,
      420.19283369803065,
      420.19283369803065,
      420.19283369803065,
      420.19283369803065,
      420.19283369803065,
      420.19283369803065,
      420.19283369803065,
      420.19283369803065,
      420.19283369803065,
      420.19283369803065,
      420.19283369803065,
      420.19283369803065,
      420.19283369803065,
      420.19283369803065,
      420.19283369803065,
      420.19283369803065,
      420.19283369803065,
      420.19283369803065,
      420.19283369803065,
      420.19283369803065,
      420.19283369803065,
      420.19283369803065,
      420.19283369803065,
      420.19283369803065,
      420.19283369803065,
      420.19283369803065
    ]
  }
}