{
  "model": {
    "model_name": "Qwen/Qwen3-0.6B",
    "num_layers": 28,
    "parameters": {
      "total_parameters_bytes": 3006529536,
      "parameters_per_layer_bytes": [
        27537757.549234137,
        27537757.549234137,
        27537757.549234137,
        27537757.549234137,
        27537757.549234137,
        27537757.549234137,
        27537757.549234137,
        27537757.549234137,
        27537757.549234137,
        27537757.549234137,
        27537757.549234137,
        27537757.549234137,
        27537757.549234137,
        27537757.549234137,
        27537757.549234137,
        27537757.549234137,
        27537757.549234137,
        27537757.549234137,
        27537757.549234137,
        27537757.549234137,
        27537757.549234137,
        27537757.549234137,
        27537757.549234137,
        27537757.549234137,
        27537757.549234137,
        27537757.549234137,
        27537757.549234137,
        27537757.549234137
      ]
    }
  },
  "execution_time": {
    "total_time_ms": 2650.4633050318707,
    "forward_backward_time_ms": 3377.464444613379,
    "batch_generator_time_ms": 6.464315530960193,
    "layernorm_grads_all_reduce_time_ms": 0.0087527352297593,
    "embedding_grads_all_reduce_time_ms": 0.0175054704595186,
    "optimizer_time_ms": 14.306811173954932,
    "layer_compute_total_ms": [
      100.69371236442879,
      98.9185475947588,
      99.02536816063542,
      98.55612723910325,
      98.82080875180715,
      99.78865525487574,
      98.6211343572365,
      96.43903227076667,
      90.40268413422943,
      87.00778643540525,
      100.49263293308734,
      102.46605251182616,
      100.19225503419398,
      101.17851291335833,
      102.03105349504314,
      100.64958358597198,
      96.60622111307171,
      90.94075798704054,
      88.1473274644988,
      93.62142942810158,
      86.56272690904203,
      90.88835875652485,
      89.83457176584375,
      84.96234530144365,
      82.4573756049385,
      79.98579409020837,
      82.62390055511803,
      87.75116410870635
    ]
  },
  "execution_memory": {
    "total_memory": 28070.94140625,
    "layer_memory_total_mb": [
      420.19283369803065,
      420.19283369803065,
      420.19283369803065,
      420.19283369803065,
      420.19283369803065,
      420.19283369803065,
      420.19283369803065,
      420.19283369803065,
      420.19283369803065,
      420.19283369803065,
      420.19283369803065,
      420.19283369803065,
      420.19283369803065,
      420.19283369803065,
      420.19283369803065,
      420.19283369803065,
      420.19283369803065,
      420.19283369803065,
      420.19283369803065,
      420.19283369803065,
      420.19283369803065,
      420.19283369803065,
      420.19283369803065,
      420.19283369803065,
      420.19283369803065,
      420.19283369803065,
      420.19283369803065,
      420.19283369803065
    ]
  }
}