{
  "model": {
    "model_name": "Qwen/Qwen3-0.6B",
    "num_layers": 28,
    "parameters": {
      "total_parameters_bytes": 3006529536,
      "parameters_per_layer_bytes": [
        3304820.168067227,
        3304820.168067227,
        3304820.168067227,
        3304820.168067227,
        3304820.168067227,
        3304820.168067227,
        3304820.168067227,
        3304820.168067227,
        3304820.168067227,
        3304820.168067227,
        3304820.168067227,
        3304820.168067227,
        3304820.168067227,
        3304820.168067227,
        3304820.168067227,
        3304820.168067227,
        3304820.168067227,
        3304820.168067227,
        3304820.168067227,
        3304820.168067227,
        3304820.168067227,
        3304820.168067227,
        3304820.168067227,
        3304820.168067227,
        3304820.168067227,
        3304820.168067227,
        3304820.168067227,
        3304820.168067227
      ]
    }
  },
  "execution_time": {
    "total_time_ms": 208.0588426203477,
    "forward_backward_time_ms": 271.78980251796224,
    "batch_generator_time_ms": 0.36011391662710796,
    "layernorm_grads_all_reduce_time_ms": 0.0010504201680672268,
    "embedding_grads_all_reduce_time_ms": 0.0021008403361344537,
    "optimizer_time_ms": -3.931438561514736,
    "layer_compute_total_ms": [
      8.26808760439617,
      7.822127456563043,
      7.79045292786753,
      7.902243460728855,
      7.679181315233254,
      7.300470655490772,
      7.242566793321822,
      7.025202035993443,
      7.095612379677785,
      6.95552905711361,
      7.81735917684762,
      7.767930803326459,
      7.773830607564515,
      7.649151457906769,
      7.766337487072549,
      7.664820627762325,
      7.675584518957684,
      7.638674526811164,
      7.702159190626508,
      7.641842043880342,
      7.371018552223804,
      7.299533207201841,
      7.454625839815561,
      7.476178216777288,
      7.749622624537207,
      7.389284349324234,
      6.970958822742379,
      7.736630264966565
    ]
  },
  "execution_memory": {
    "total_memory": 28070.94140625,
    "layer_memory_total_mb": [
      50.42755383403362,
      50.42755383403362,
      50.42755383403362,
      50.42755383403362,
      50.42755383403362,
      50.42755383403362,
      50.42755383403362,
      50.42755383403362,
      50.42755383403362,
      50.42755383403362,
      50.42755383403362,
      50.42755383403362,
      50.42755383403362,
      50.42755383403362,
      50.42755383403362,
      50.42755383403362,
      50.42755383403362,
      50.42755383403362,
      50.42755383403362,
      50.42755383403362,
      50.42755383403362,
      50.42755383403362,
      50.42755383403362,
      50.42755383403362,
      50.42755383403362,
      50.42755383403362,
      50.42755383403362,
      50.42755383403362
    ]
  }
}