{
  "model": {
    "model_name": "google-bert/bert-base-uncased",
    "num_layers": 12,
    "parameters": {
      "total_parameters_bytes": 433981440,
      "parameters_per_layer_bytes": [
        1326944.1168211177,
        1326944.1168211177,
        1326944.1168211177,
        1326944.1168211177,
        1326944.1168211177,
        1326944.1168211177,
        1326944.1168211177,
        1326944.1168211177,
        1326944.1168211177,
        1326944.1168211177,
        1326944.1168211177,
        1326944.1168211177
      ]
    }
  },
  "execution_time": {
    "total_time_ms": 162.13016030079837,
    "forward_backward_time_ms": 224.8879797195017,
    "batch_generator_time_ms": 13.038442384655276,
    "layernorm_grads_all_reduce_time_ms": 0.0009360666479453338,
    "embedding_grads_all_reduce_time_ms": 0.0018721332958906677,
    "optimizer_time_ms": -11.579704600127664,
    "layer_compute_total_ms": [
      13.216070941325555,
      13.397226807737244,
      13.433039936083475,
      13.500557895469314,
      13.38013728599684,
      13.30319498296868,
      13.48475099367632,
      13.91639438944175,
      13.576168083240532,
      13.569114691060495,
      12.70006614477139,
      13.191892164555343
    ]
  },
  "execution_memory": {
    "total_memory": 5280.732421875,
    "layer_memory_total_mb": [
      20.247560376298793,
      20.247560376298793,
      20.247560376298793,
      20.247560376298793,
      20.247560376298793,
      20.247560376298793,
      20.247560376298793,
      20.247560376298793,
      20.247560376298793,
      20.247560376298793,
      20.247560376298793,
      20.247560376298793
    ]
  }
}