{
  "model": {
    "model_name": "Qwen/Qwen3-0.6B",
    "num_layers": 28,
    "parameters": {
      "total_parameters_bytes": 3006529536,
      "parameters_per_layer_bytes": [
        3304820.168067227,
        3304820.168067227,
        3304820.168067227,
        3304820.168067227,
        3304820.168067227,
        3304820.168067227,
        3304820.168067227,
        3304820.168067227,
        3304820.168067227,
        3304820.168067227,
        3304820.168067227,
        3304820.168067227,
        3304820.168067227,
        3304820.168067227,
        3304820.168067227,
        3304820.168067227,
        3304820.168067227,
        3304820.168067227,
        3304820.168067227,
        3304820.168067227,
        3304820.168067227,
        3304820.168067227,
        3304820.168067227,
        3304820.168067227,
        3304820.168067227,
        3304820.168067227,
        3304820.168067227,
        3304820.168067227
      ]
    }
  },
  "execution_time": {
    "total_time_ms": 346.15246328917044,
    "forward_backward_time_ms": 404.41247664552736,
    "batch_generator_time_ms": 0.5021879732943367,
    "layernorm_grads_all_reduce_time_ms": 0.0010504201680672268,
    "embedding_grads_all_reduce_time_ms": 0.0021008403361344537,
    "optimizer_time_ms": 30.75449425584227,
    "layer_compute_total_ms": [
      11.735998029943396,
      11.842903544476497,
      11.88492803498584,
      11.815186238692617,
      11.64423064583083,
      11.804671229575977,
      11.794077848001606,
      11.868860006610962,
      11.742812788144278,
      11.683567832473532,
      11.645499120384235,
      11.891195061848942,
      11.277363773842808,
      11.140488733581762,
      11.548394446099566,
      10.905809453289914,
      11.143980146171241,
      10.990562105773677,
      10.800235582685085,
      10.709613405258303,
      10.483765520290921,
      10.554900655588732,
      10.624843905722681,
      10.671653768333593,
      10.82527413308824,
      10.415690047454877,
      10.503846454817339,
      10.942277286562211
    ]
  },
  "execution_memory": {
    "total_memory": 28070.94140625,
    "layer_memory_total_mb": [
      50.42755383403362,
      50.42755383403362,
      50.42755383403362,
      50.42755383403362,
      50.42755383403362,
      50.42755383403362,
      50.42755383403362,
      50.42755383403362,
      50.42755383403362,
      50.42755383403362,
      50.42755383403362,
      50.42755383403362,
      50.42755383403362,
      50.42755383403362,
      50.42755383403362,
      50.42755383403362,
      50.42755383403362,
      50.42755383403362,
      50.42755383403362,
      50.42755383403362,
      50.42755383403362,
      50.42755383403362,
      50.42755383403362,
      50.42755383403362,
      50.42755383403362,
      50.42755383403362,
      50.42755383403362,
      50.42755383403362
    ]
  }
}