{
  "model": {
    "model_name": "Qwen/Qwen3-0.6B",
    "num_layers": 28,
    "parameters": {
      "total_parameters_bytes": 3006529536,
      "parameters_per_layer_bytes": [
        9179252.516411379,
        9179252.516411379,
        9179252.516411379,
        9179252.516411379,
        9179252.516411379,
        9179252.516411379,
        9179252.516411379,
        9179252.516411379,
        9179252.516411379,
        9179252.516411379,
        9179252.516411379,
        9179252.516411379,
        9179252.516411379,
        9179252.516411379,
        9179252.516411379,
        9179252.516411379,
        9179252.516411379,
        9179252.516411379,
        9179252.516411379,
        9179252.516411379,
        9179252.516411379,
        9179252.516411379,
        9179252.516411379,
        9179252.516411379,
        9179252.516411379,
        9179252.516411379,
        9179252.516411379,
        9179252.516411379
      ]
    }
  },
  "execution_time": {
    "total_time_ms": 870.5581948953361,
    "forward_backward_time_ms": 925.4551745394185,
    "batch_generator_time_ms": 1.4891115978107476,
    "layernorm_grads_all_reduce_time_ms": 0.0029175784099197666,
    "embedding_grads_all_reduce_time_ms": 0.005835156819839533,
    "optimizer_time_ms": 148.50857554159464,
    "layer_compute_total_ms": [
      26.368017538824613,
      26.21262928400152,
      25.630678409358307,
      25.72669668097992,
      26.061762398398223,
      26.398218598549292,
      26.06925536211163,
      27.290476913367588,
      26.218062545645665,
      26.765819183410837,
      25.766805725834143,
      25.224054123254263,
      25.05794113768872,
      24.42565557886904,
      26.078017434333862,
      24.617370057765825,
      25.98787436209467,
      25.8909792839794,
      25.140193398338134,
      25.421789242141493,
      25.44821232535559,
      26.02826943752654,
      24.944095074842437,
      25.19165050962846,
      25.106598833043613,
      25.59961823470256,
      25.499354558037343,
      26.381658788617255
    ]
  },
  "execution_memory": {
    "total_memory": 28070.94140625,
    "layer_memory_total_mb": [
      140.06427789934355,
      140.06427789934355,
      140.06427789934355,
      140.06427789934355,
      140.06427789934355,
      140.06427789934355,
      140.06427789934355,
      140.06427789934355,
      140.06427789934355,
      140.06427789934355,
      140.06427789934355,
      140.06427789934355,
      140.06427789934355,
      140.06427789934355,
      140.06427789934355,
      140.06427789934355,
      140.06427789934355,
      140.06427789934355,
      140.06427789934355,
      140.06427789934355,
      140.06427789934355,
      140.06427789934355,
      140.06427789934355,
      140.06427789934355,
      140.06427789934355,
      140.06427789934355,
      140.06427789934355,
      140.06427789934355
    ]
  }
}