{
  "model": {
    "model_name": "google-bert/bert-base-uncased",
    "num_layers": 12,
    "parameters": {
      "total_parameters_bytes": 433981440,
      "parameters_per_layer_bytes": [
        28351488.0,
        28351488.0,
        28351488.0,
        28351488.0,
        28351488.0,
        28351488.0,
        28351488.0,
        28351488.0,
        28351488.0,
        28351488.0,
        28351488.0,
        28351488.0
      ]
    }
  },
  "execution_time": {
    "total_time_ms": 3916.087866993621,
    "forward_backward_time_ms": 3713.698026680504,
    "batch_generator_time_ms": 336.8672499782406,
    "layernorm_grads_all_reduce_time_ms": 0.02,
    "embedding_grads_all_reduce_time_ms": 0.04,
    "optimizer_time_ms": -134.53740966512356,
    "layer_compute_total_ms": [
      311.8620147288311,
      315.19222873612307,
      315.71685046947096,
      315.8829479943961,
      304.5081214804668,
      309.47896027646493,
      312.86053026269656,
      312.965491990326,
      303.1226317543769,
      304.6460947516607,
      302.8292167582549,
      304.6329374774359
    ]
  },
  "execution_memory": {
    "total_memory": 5280.732421875,
    "layer_memory_total_mb": [
      432.609375,
      432.609375,
      432.609375,
      432.609375,
      432.609375,
      432.609375,
      432.609375,
      432.609375,
      432.609375,
      432.609375,
      432.609375,
      432.609375
    ]
  }
}