{
  "model": {
    "model_name": "Qwen/Qwen3-0.6B",
    "num_layers": 28,
    "parameters": {
      "total_parameters_bytes": 3006529536,
      "parameters_per_layer_bytes": [
        3855623.5294117643,
        3855623.5294117643,
        3855623.5294117643,
        3855623.5294117643,
        3855623.5294117643,
        3855623.5294117643,
        3855623.5294117643,
        3855623.5294117643,
        3855623.5294117643,
        3855623.5294117643,
        3855623.5294117643,
        3855623.5294117643,
        3855623.5294117643,
        3855623.5294117643,
        3855623.5294117643,
        3855623.5294117643,
        3855623.5294117643,
        3855623.5294117643,
        3855623.5294117643,
        3855623.5294117643,
        3855623.5294117643,
        3855623.5294117643,
        3855623.5294117643,
        3855623.5294117643,
        3855623.5294117643,
        3855623.5294117643,
        3855623.5294117643,
        3855623.5294117643
      ]
    }
  },
  "execution_time": {
    "total_time_ms": 571.3813209570385,
    "forward_backward_time_ms": 597.5685817774618,
    "batch_generator_time_ms": 0.938432783061894,
    "layernorm_grads_all_reduce_time_ms": 0.0012254901960784314,
    "embedding_grads_all_reduce_time_ms": 0.0024509803921568627,
    "optimizer_time_ms": 70.3281413764937,
    "layer_compute_total_ms": [
      18.57838391533376,
      18.31001692670386,
      19.17016777185256,
      18.959577328489246,
      18.910806724592227,
      19.348279458569653,
      19.362058394250983,
      19.31745629703715,
      19.116959297474857,
      19.441765426545672,
      17.31404451907021,
      17.37776159750544,
      17.876786719795085,
      17.405128096024605,
      17.57504955379523,
      17.531550029875064,
      17.130874342304498,
      16.95189819068165,
      17.14974941754846,
      17.433004058700902,
      17.477037485435837,
      17.229695602366643,
      16.954650150450213,
      16.93527752721303,
      17.331921233063422,
      17.17177538101204,
      16.488790179566564,
      16.26060470163579
    ]
  },
  "execution_memory": {
    "total_memory": 28070.94140625,
    "layer_memory_total_mb": [
      58.83214613970588,
      58.83214613970588,
      58.83214613970588,
      58.83214613970588,
      58.83214613970588,
      58.83214613970588,
      58.83214613970588,
      58.83214613970588,
      58.83214613970588,
      58.83214613970588,
      58.83214613970588,
      58.83214613970588,
      58.83214613970588,
      58.83214613970588,
      58.83214613970588,
      58.83214613970588,
      58.83214613970588,
      58.83214613970588,
      58.83214613970588,
      58.83214613970588,
      58.83214613970588,
      58.83214613970588,
      58.83214613970588,
      58.83214613970588,
      58.83214613970588,
      58.83214613970588,
      58.83214613970588,
      58.83214613970588
    ]
  }
}