{
  "model": {
    "model_name": "Qwen/Qwen3-0.6B",
    "num_layers": 28,
    "parameters": {
      "total_parameters_bytes": 3006529536,
      "parameters_per_layer_bytes": [
        62923776,
        62923776,
        62923776,
        62923776,
        62923776,
        62923776,
        62923776,
        62923776,
        62923776,
        62923776,
        62923776,
        62923776,
        62923776,
        62923776,
        62923776,
        62923776,
        62923776,
        62923776,
        62923776,
        62923776,
        62923776,
        62923776,
        62923776,
        62923776,
        62923776,
        62923776,
        62923776,
        62923776
      ]
    }
  },
  "execution_time": {
    "total_time_ms": 9193.341589008924,
    "forward_backward_time_ms": 8062.019794437219,
    "batch_generator_time_ms": 12.775162002071738,
    "layernorm_grads_all_reduce_time_ms": 0.02,
    "embedding_grads_all_reduce_time_ms": 0.04,
    "optimizer_time_ms": 1118.4866325696325,
    "layer_compute_total_ms": [
      290.9667550266022,
      286.55885699845385,
      314.2124175064964,
      324.85116050520446,
      316.81845799903385,
      322.83503501093946,
      317.7801870042458,
      315.46411399904173,
      314.3851814966183,
      314.2359469929943,
      289.87392749695573,
      289.77889599627815,
      286.9165640004212,
      287.2171359922504,
      291.8336324946722,
      293.64265498588793,
      291.47305751394015,
      287.5180584669579,
      289.46103749331087,
      288.34582200215664,
      285.2736549975816,
      261.2572204961907,
      255.00611298775766,
      243.28086798777804,
      253.46941998577677,
      252.65951652545482,
      242.06837799283676,
      254.83572448138148
    ]
  },
  "execution_memory": {
    "total_memory": 28070.94140625,
    "layer_memory_total_mb": [
      960.140625,
      960.140625,
      960.140625,
      960.140625,
      960.140625,
      960.140625,
      960.140625,
      960.140625,
      960.140625,
      960.140625,
      960.140625,
      960.140625,
      960.140625,
      960.140625,
      960.140625,
      960.140625,
      960.140625,
      960.140625,
      960.140625,
      960.140625,
      960.140625,
      960.140625,
      960.140625,
      960.140625,
      960.140625,
      960.140625,
      960.140625,
      960.140625
    ]
  }
}