{
  "model": {
    "model_name": "Qwen/Qwen3-1.7B",
    "num_layers": 28,
    "parameters": {
      "total_parameters_bytes": 8126959616,
      "parameters_per_layer_bytes": [
        5084444.444444444,
        5084444.444444444,
        5084444.444444444,
        5084444.444444444,
        5084444.444444444,
        5084444.444444444,
        5084444.444444444,
        5084444.444444444,
        5084444.444444444,
        5084444.444444444,
        5084444.444444444,
        5084444.444444444,
        5084444.444444444,
        5084444.444444444,
        5084444.444444444,
        5084444.444444444,
        5084444.444444444,
        5084444.444444444,
        5084444.444444444,
        5084444.444444444,
        5084444.444444444,
        5084444.444444444,
        5084444.444444444,
        5084444.444444444,
        5084444.444444444,
        5084444.444444444,
        5084444.444444444,
        5084444.444444444
      ]
    }
  },
  "execution_time": {
    "total_time_ms": 337.10131958342214,
    "forward_backward_time_ms": 369.1615138913854,
    "batch_generator_time_ms": 0.22189782942983913,
    "layernorm_grads_all_reduce_time_ms": 0.000505050505050505,
    "embedding_grads_all_reduce_time_ms": 0.00101010101010101,
    "optimizer_time_ms": 48.94082564060809,
    "layer_compute_total_ms": [
      11.486714141974884,
      11.556003567356395,
      11.218584141081946,
      11.200890618754489,
      10.957159046842152,
      10.558130107352609,
      10.634385946490731,
      10.346471711024854,
      10.166538617193858,
      10.33060141395768,
      10.02097400266917,
      10.159831407957363,
      10.169020669391928,
      10.042835436049952,
      10.059835335091014,
      10.040166578417281,
      10.040397853549392,
      10.210666041897676,
      10.076788894733946,
      10.205997342115616,
      10.080330548681568,
      10.071927507015797,
      10.0929367427586,
      9.824379192264821,
      9.559943176311501,
      9.52394316860738,
      9.51897107976644,
      9.782656672560007
    ]
  },
  "execution_memory": {
    "total_memory": 88397.4453125,
    "layer_memory_total_mb": [
      77.58246527777777,
      77.58246527777777,
      77.58246527777777,
      77.58246527777777,
      77.58246527777777,
      77.58246527777777,
      77.58246527777777,
      77.58246527777777,
      77.58246527777777,
      77.58246527777777,
      77.58246527777777,
      77.58246527777777,
      77.58246527777777,
      77.58246527777777,
      77.58246527777777,
      77.58246527777777,
      77.58246527777777,
      77.58246527777777,
      77.58246527777777,
      77.58246527777777,
      77.58246527777777,
      77.58246527777777,
      77.58246527777777,
      77.58246527777777,
      77.58246527777777,
      77.58246527777777,
      77.58246527777777,
      77.58246527777777
    ]
  }
}