{
  "model": {
    "model_name": "Qwen/Qwen3-1.7B",
    "num_layers": 28,
    "parameters": {
      "total_parameters_bytes": 8126959616,
      "parameters_per_layer_bytes": [
        11185777.777777778,
        11185777.777777778,
        11185777.777777778,
        11185777.777777778,
        11185777.777777778,
        11185777.777777778,
        11185777.777777778,
        11185777.777777778,
        11185777.777777778,
        11185777.777777778,
        11185777.777777778,
        11185777.777777778,
        11185777.777777778,
        11185777.777777778,
        11185777.777777778,
        11185777.777777778,
        11185777.777777778,
        11185777.777777778,
        11185777.777777778,
        11185777.777777778,
        11185777.777777778,
        11185777.777777778,
        11185777.777777778,
        11185777.777777778,
        11185777.777777778,
        11185777.777777778,
        11185777.777777778,
        11185777.777777778
      ]
    }
  },
  "execution_time": {
    "total_time_ms": 876.3335919712617,
    "forward_backward_time_ms": 1060.8839939740383,
    "batch_generator_time_ms": 0.462676110651551,
    "layernorm_grads_all_reduce_time_ms": 0.0011111111111111111,
    "embedding_grads_all_reduce_time_ms": 0.0022222222222222222,
    "optimizer_time_ms": 48.40364338564609,
    "layer_compute_total_ms": [
      31.106656693737023,
      30.66159000041403,
      32.15303815199554,
      31.91653965283573,
      33.005173318896496,
      32.601286208470505,
      31.84858302686027,
      31.57214191580553,
      32.62803736045801,
      31.63877987551839,
      29.473337929327194,
      29.495305070466,
      28.848641111431384,
      28.415773167378372,
      28.795282361291658,
      28.454665500450773,
      28.570131347805727,
      28.22335355449468,
      28.537357403062437,
      28.2651729042603,
      27.975667222765168,
      27.934416029084886,
      27.96430375019554,
      27.675530388175197,
      27.243578931827667,
      26.746130098116634,
      27.939545124051314,
      27.773921042454376
    ]
  },
  "execution_memory": {
    "total_memory": 88397.4453125,
    "layer_memory_total_mb": [
      170.68142361111111,
      170.68142361111111,
      170.68142361111111,
      170.68142361111111,
      170.68142361111111,
      170.68142361111111,
      170.68142361111111,
      170.68142361111111,
      170.68142361111111,
      170.68142361111111,
      170.68142361111111,
      170.68142361111111,
      170.68142361111111,
      170.68142361111111,
      170.68142361111111,
      170.68142361111111,
      170.68142361111111,
      170.68142361111111,
      170.68142361111111,
      170.68142361111111,
      170.68142361111111,
      170.68142361111111,
      170.68142361111111,
      170.68142361111111,
      170.68142361111111,
      170.68142361111111,
      170.68142361111111,
      170.68142361111111
    ]
  }
}