{
  "model": {
    "model_name": "Qwen/Qwen3-1.7B",
    "num_layers": 28,
    "parameters": {
      "total_parameters_bytes": 8126959616,
      "parameters_per_layer_bytes": [
        8436499.69399755,
        8436499.69399755,
        8436499.69399755,
        8436499.69399755,
        8436499.69399755,
        8436499.69399755,
        8436499.69399755,
        8436499.69399755,
        8436499.69399755,
        8436499.69399755,
        8436499.69399755,
        8436499.69399755,
        8436499.69399755,
        8436499.69399755,
        8436499.69399755,
        8436499.69399755,
        8436499.69399755,
        8436499.69399755,
        8436499.69399755,
        8436499.69399755,
        8436499.69399755,
        8436499.69399755,
        8436499.69399755,
        8436499.69399755,
        8436499.69399755,
        8436499.69399755,
        8436499.69399755,
        8436499.69399755
      ]
    }
  },
  "execution_time": {
    "total_time_ms": 559.3443316347334,
    "forward_backward_time_ms": 668.7311926933074,
    "batch_generator_time_ms": 0.36818987610909154,
    "layernorm_grads_all_reduce_time_ms": 0.0008380184851793499,
    "embedding_grads_all_reduce_time_ms": 0.0016760369703586997,
    "optimizer_time_ms": 81.20636680220278,
    "layer_compute_total_ms": [
      19.059635994193094,
      19.174606316401476,
      18.61473415777781,
      18.58537571019669,
      18.18095761608166,
      17.518858233802437,
      17.645387763347642,
      17.167658409443607,
      16.869099637166357,
      17.1413251968746,
      16.62756767840216,
      16.85797052182454,
      16.87321804830022,
      16.663841843267672,
      16.692049377960007,
      16.6594134702473,
      16.659797219662323,
      16.94231924042457,
      16.72018002277333,
      16.934572576120715,
      16.72605660629624,
      16.712113635885895,
      16.746973769151573,
      16.301362509687994,
      15.86259001604619,
      15.802856045639338,
      15.794605974969185,
      16.232133309021425
    ]
  },
  "execution_memory": {
    "total_memory": 88397.4453125,
    "layer_memory_total_mb": [
      128.73076925655442,
      128.73076925655442,
      128.73076925655442,
      128.73076925655442,
      128.73076925655442,
      128.73076925655442,
      128.73076925655442,
      128.73076925655442,
      128.73076925655442,
      128.73076925655442,
      128.73076925655442,
      128.73076925655442,
      128.73076925655442,
      128.73076925655442,
      128.73076925655442,
      128.73076925655442,
      128.73076925655442,
      128.73076925655442,
      128.73076925655442,
      128.73076925655442,
      128.73076925655442,
      128.73076925655442,
      128.73076925655442,
      128.73076925655442,
      128.73076925655442,
      128.73076925655442,
      128.73076925655442,
      128.73076925655442
    ]
  }
}