{
  "model": {
    "model_name": "google-bert/bert-base-uncased",
    "num_layers": 12,
    "parameters": {
      "total_parameters_bytes": 433981440,
      "parameters_per_layer_bytes": [
        676840.3361344539,
        676840.3361344539,
        676840.3361344539,
        676840.3361344539,
        676840.3361344539,
        676840.3361344539,
        676840.3361344539,
        676840.3361344539,
        676840.3361344539,
        676840.3361344539,
        676840.3361344539,
        676840.3361344539
      ]
    }
  },
  "execution_time": {
    "total_time_ms": 14.65472878873553,
    "forward_backward_time_ms": 13.725168122694422,
    "batch_generator_time_ms": 0.6217869320634264,
    "layernorm_grads_all_reduce_time_ms": 0.0004774637127578305,
    "embedding_grads_all_reduce_time_ms": 0.000954927425515661,
    "optimizer_time_ms": 3.344514048267889,
    "layer_compute_total_ms": [
      0.8704181267724314,
      0.8621060205449419,
      0.886373961715174,
      0.9006504376195308,
      0.8816556060329458,
      0.8926776041818543,
      0.8879428300011156,
      0.8569697704594795,
      0.9319674970305853,
      0.8529609432770368,
      0.912052043501854,
      0.9512205761289929
    ]
  },
  "execution_memory": {
    "total_memory": 5280.732421875,
    "layer_memory_total_mb": [
      10.327763918067228,
      10.327763918067228,
      10.327763918067228,
      10.327763918067228,
      10.327763918067228,
      10.327763918067228,
      10.327763918067228,
      10.327763918067228,
      10.327763918067228,
      10.327763918067228,
      10.327763918067228,
      10.327763918067228
    ]
  }
}