{
  "model": {
    "model_name": "Qwen/Qwen3-0.6B",
    "num_layers": 28,
    "parameters": {
      "total_parameters_bytes": 3006529536,
      "parameters_per_layer_bytes": [
        3495765.333333333,
        3495765.333333333,
        3495765.333333333,
        3495765.333333333,
        3495765.333333333,
        3495765.333333333,
        3495765.333333333,
        3495765.333333333,
        3495765.333333333,
        3495765.333333333,
        3495765.333333333,
        3495765.333333333,
        3495765.333333333,
        3495765.333333333,
        3495765.333333333,
        3495765.333333333,
        3495765.333333333,
        3495765.333333333,
        3495765.333333333,
        3495765.333333333,
        3495765.333333333,
        3495765.333333333,
        3495765.333333333,
        3495765.333333333,
        3495765.333333333,
        3495765.333333333,
        3495765.333333333,
        3495765.333333333
      ]
    }
  },
  "execution_time": {
    "total_time_ms": 403.8044891397779,
    "forward_backward_time_ms": 482.4716224019914,
    "batch_generator_time_ms": 0.6250792777993612,
    "layernorm_grads_all_reduce_time_ms": 0.0011111111111111111,
    "embedding_grads_all_reduce_time_ms": 0.0022222222222222222,
    "optimizer_time_ms": 26.859842647775594,
    "layer_compute_total_ms": [
      14.128413999666614,
      14.32457652764343,
      14.175782233198534,
      14.72763543036611,
      14.454749458107269,
      14.683449902804568,
      14.781065374942651,
      14.724112791655998,
      14.982671110677376,
      14.814830360086892,
      13.60191613882004,
      13.102821916011937,
      12.758045639202464,
      13.157739110789002,
      13.122683167845631,
      12.745381402459719,
      12.90138177783875,
      13.060165208622088,
      12.978127500294551,
      12.85361450007056,
      12.903244486046281,
      12.734313444525469,
      12.858679861690486,
      12.482821943801051,
      12.417298512041775,
      12.155067151373562,
      12.165446304910194,
      12.520198625376603
    ]
  },
  "execution_memory": {
    "total_memory": 28070.94140625,
    "layer_memory_total_mb": [
      53.34114583333333,
      53.34114583333333,
      53.34114583333333,
      53.34114583333333,
      53.34114583333333,
      53.34114583333333,
      53.34114583333333,
      53.34114583333333,
      53.34114583333333,
      53.34114583333333,
      53.34114583333333,
      53.34114583333333,
      53.34114583333333,
      53.34114583333333,
      53.34114583333333,
      53.34114583333333,
      53.34114583333333,
      53.34114583333333,
      53.34114583333333,
      53.34114583333333,
      53.34114583333333,
      53.34114583333333,
      53.34114583333333,
      53.34114583333333,
      53.34114583333333,
      53.34114583333333,
      53.34114583333333,
      53.34114583333333
    ]
  }
}