{
  "model": {
    "model_name": "Qwen/Qwen3-0.6B",
    "num_layers": 28,
    "parameters": {
      "total_parameters_bytes": 3006529536,
      "parameters_per_layer_bytes": [
        2636564.3722642367,
        2636564.3722642367,
        2636564.3722642367,
        2636564.3722642367,
        2636564.3722642367,
        2636564.3722642367,
        2636564.3722642367,
        2636564.3722642367,
        2636564.3722642367,
        2636564.3722642367,
        2636564.3722642367,
        2636564.3722642367,
        2636564.3722642367,
        2636564.3722642367,
        2636564.3722642367,
        2636564.3722642367,
        2636564.3722642367,
        2636564.3722642367,
        2636564.3722642367,
        2636564.3722642367,
        2636564.3722642367,
        2636564.3722642367,
        2636564.3722642367,
        2636564.3722642367,
        2636564.3722642367,
        2636564.3722642367,
        2636564.3722642367,
        2636564.3722642367
      ]
    }
  },
  "execution_time": {
    "total_time_ms": 390.72373698332575,
    "forward_backward_time_ms": 478.68015189964075,
    "batch_generator_time_ms": 0.6417219997522027,
    "layernorm_grads_all_reduce_time_ms": 0.0008380184851793499,
    "embedding_grads_all_reduce_time_ms": 0.0016760369703586997,
    "optimizer_time_ms": 48.09200652147567,
    "layer_compute_total_ms": [
      12.704327782979652,
      12.520812241196094,
      13.109003244750332,
      12.964996638328424,
      12.931646173567588,
      13.230800127640974,
      13.240222481931529,
      13.209722538266075,
      13.072618061711417,
      13.294727990564306,
      11.83974331792242,
      11.883314526995502,
      12.22455942506635,
      11.902028370408594,
      12.018224585683164,
      11.98847860708762,
      11.71448732276682,
      11.592099298818393,
      11.72739453492911,
      11.921090597172757,
      11.951201670837605,
      11.782063581578026,
      11.593981152434116,
      11.580733705468713,
      11.851967827615368,
      11.742456397190784,
      11.275415350475939,
      11.119376853254671
    ]
  },
  "execution_memory": {
    "total_memory": 28070.94140625,
    "layer_memory_total_mb": [
      40.23077960608271,
      40.23077960608271,
      40.23077960608271,
      40.23077960608271,
      40.23077960608271,
      40.23077960608271,
      40.23077960608271,
      40.23077960608271,
      40.23077960608271,
      40.23077960608271,
      40.23077960608271,
      40.23077960608271,
      40.23077960608271,
      40.23077960608271,
      40.23077960608271,
      40.23077960608271,
      40.23077960608271,
      40.23077960608271,
      40.23077960608271,
      40.23077960608271,
      40.23077960608271,
      40.23077960608271,
      40.23077960608271,
      40.23077960608271,
      40.23077960608271,
      40.23077960608271,
      40.23077960608271,
      40.23077960608271
    ]
  }
}