{
  "model": {
    "model_name": "Qwen/Qwen3-1.7B",
    "num_layers": 28,
    "parameters": {
      "total_parameters_bytes": 8126959616,
      "parameters_per_layer_bytes": [
        8436499.69399755,
        8436499.69399755,
        8436499.69399755,
        8436499.69399755,
        8436499.69399755,
        8436499.69399755,
        8436499.69399755,
        8436499.69399755,
        8436499.69399755,
        8436499.69399755,
        8436499.69399755,
        8436499.69399755,
        8436499.69399755,
        8436499.69399755,
        8436499.69399755,
        8436499.69399755,
        8436499.69399755,
        8436499.69399755,
        8436499.69399755,
        8436499.69399755,
        8436499.69399755,
        8436499.69399755,
        8436499.69399755,
        8436499.69399755,
        8436499.69399755,
        8436499.69399755,
        8436499.69399755,
        8436499.69399755
      ]
    }
  },
  "execution_time": {
    "total_time_ms": 781.0999236698556,
    "forward_backward_time_ms": 1000.7236742415167,
    "batch_generator_time_ms": 0.3884249620869897,
    "layernorm_grads_all_reduce_time_ms": 0.0008380184851793499,
    "embedding_grads_all_reduce_time_ms": 0.0016760369703586997,
    "optimizer_time_ms": 65.75353770280664,
    "layer_compute_total_ms": [
      28.628603762510302,
      28.263298598594073,
      27.262522373619454,
      27.45169505457832,
      26.88642330125922,
      26.282884850909937,
      27.01563197691219,
      26.76820971245569,
      26.010463950434556,
      25.44697036771431,
      26.363852762327536,
      26.38092744154088,
      26.143375315548003,
      25.693846550193054,
      25.94069424872853,
      25.4492909990528,
      24.960106853124977,
      24.75794398493261,
      23.98652459786376,
      24.546734059057144,
      24.457897407551002,
      24.24043746612611,
      24.042881323181653,
      23.753595622869575,
      23.573026250061705,
      23.860389484502356,
      23.248441359500863,
      23.538777274355784
    ]
  },
  "execution_memory": {
    "total_memory": 88397.4453125,
    "layer_memory_total_mb": [
      128.73076925655442,
      128.73076925655442,
      128.73076925655442,
      128.73076925655442,
      128.73076925655442,
      128.73076925655442,
      128.73076925655442,
      128.73076925655442,
      128.73076925655442,
      128.73076925655442,
      128.73076925655442,
      128.73076925655442,
      128.73076925655442,
      128.73076925655442,
      128.73076925655442,
      128.73076925655442,
      128.73076925655442,
      128.73076925655442,
      128.73076925655442,
      128.73076925655442,
      128.73076925655442,
      128.73076925655442,
      128.73076925655442,
      128.73076925655442,
      128.73076925655442,
      128.73076925655442,
      128.73076925655442,
      128.73076925655442
    ]
  }
}