{
  "model": {
    "model_name": "Qwen/Qwen3-0.6B",
    "num_layers": 28,
    "parameters": {
      "total_parameters_bytes": 3006529536,
      "parameters_per_layer_bytes": [
        62923776,
        62923776,
        62923776,
        62923776,
        62923776,
        62923776,
        62923776,
        62923776,
        62923776,
        62923776,
        62923776,
        62923776,
        62923776,
        62923776,
        62923776,
        62923776,
        62923776,
        62923776,
        62923776,
        62923776,
        62923776,
        62923776,
        62923776,
        62923776,
        62923776,
        62923776,
        62923776,
        62923776
      ]
    }
  },
  "execution_time": {
    "total_time_ms": 4306.41232104972,
    "forward_backward_time_ms": 4011.2211651576217,
    "batch_generator_time_ms": 6.989652058109641,
    "layernorm_grads_all_reduce_time_ms": 0.02,
    "embedding_grads_all_reduce_time_ms": 0.04,
    "optimizer_time_ms": 288.1415038339887,
    "layer_compute_total_ms": [
      167.85790119320154,
      162.92572120437399,
      157.50838845269755,
      158.61025208141655,
      158.5839132894762,
      152.5220725161489,
      153.58007204486057,
      157.90208321413957,
      150.79863779828884,
      144.96185703319497,
      157.03957696678117,
      157.7808985603042,
      152.0843600446824,
      152.58572649327107,
      152.3180044896435,
      148.79561503767036,
      157.35129520180635,
      132.98410546849482,
      124.9479815014638,
      122.6604200201109,
      122.62446898967028,
      121.10289026168175,
      120.11058224015869,
      120.86524325422943,
      121.72746751457453,
      123.07587754912674,
      123.06128750788048,
      134.8544652282726
    ]
  },
  "execution_memory": {
    "total_memory": 28070.94140625,
    "layer_memory_total_mb": [
      960.140625,
      960.140625,
      960.140625,
      960.140625,
      960.140625,
      960.140625,
      960.140625,
      960.140625,
      960.140625,
      960.140625,
      960.140625,
      960.140625,
      960.140625,
      960.140625,
      960.140625,
      960.140625,
      960.140625,
      960.140625,
      960.140625,
      960.140625,
      960.140625,
      960.140625,
      960.140625,
      960.140625,
      960.140625,
      960.140625,
      960.140625,
      960.140625
    ]
  }
}