{
  "model": {
    "model_name": "Qwen/Qwen3-0.6B",
    "num_layers": 28,
    "parameters": {
      "total_parameters_bytes": 3006529536,
      "parameters_per_layer_bytes": [
        2636564.3722642367,
        2636564.3722642367,
        2636564.3722642367,
        2636564.3722642367,
        2636564.3722642367,
        2636564.3722642367,
        2636564.3722642367,
        2636564.3722642367,
        2636564.3722642367,
        2636564.3722642367,
        2636564.3722642367,
        2636564.3722642367,
        2636564.3722642367,
        2636564.3722642367,
        2636564.3722642367,
        2636564.3722642367,
        2636564.3722642367,
        2636564.3722642367,
        2636564.3722642367,
        2636564.3722642367,
        2636564.3722642367,
        2636564.3722642367,
        2636564.3722642367,
        2636564.3722642367,
        2636564.3722642367,
        2636564.3722642367,
        2636564.3722642367,
        2636564.3722642367
      ]
    }
  },
  "execution_time": {
    "total_time_ms": 304.55606366778414,
    "forward_backward_time_ms": 397.2686151880232,
    "batch_generator_time_ms": 0.4714451905485805,
    "layernorm_grads_all_reduce_time_ms": 0.0008380184851793499,
    "embedding_grads_all_reduce_time_ms": 0.0016760369703586997,
    "optimizer_time_ms": 20.25814018306014,
    "layer_compute_total_ms": [
      10.655884888188602,
      10.803833930278278,
      10.69161079796764,
      11.107827660266217,
      10.902012520077074,
      11.07450220027964,
      11.148125413361742,
      11.105170827546104,
      11.300179813299236,
      11.173591526894155,
      10.25879144237147,
      9.882366276268,
      9.622330272372114,
      9.923785738207638,
      9.897345962825893,
      9.612778694330117,
      9.730436772766408,
      9.850193877889378,
      9.788319673435172,
      9.694409897185611,
      9.731841658285774,
      9.604431056322236,
      9.698230277190067,
      9.414751982496934,
      9.36533312017294,
      9.167553865302613,
      9.175381995574405,
      9.442942097564412
    ]
  },
  "execution_memory": {
    "total_memory": 28070.94140625,
    "layer_memory_total_mb": [
      40.23077960608271,
      40.23077960608271,
      40.23077960608271,
      40.23077960608271,
      40.23077960608271,
      40.23077960608271,
      40.23077960608271,
      40.23077960608271,
      40.23077960608271,
      40.23077960608271,
      40.23077960608271,
      40.23077960608271,
      40.23077960608271,
      40.23077960608271,
      40.23077960608271,
      40.23077960608271,
      40.23077960608271,
      40.23077960608271,
      40.23077960608271,
      40.23077960608271,
      40.23077960608271,
      40.23077960608271,
      40.23077960608271,
      40.23077960608271,
      40.23077960608271,
      40.23077960608271,
      40.23077960608271,
      40.23077960608271
    ]
  }
}