{
  "model": {
    "model_name": "Qwen/Qwen3-0.6B",
    "num_layers": 28,
    "parameters": {
      "total_parameters_bytes": 3006529536,
      "parameters_per_layer_bytes": [
        27537757.549234137,
        27537757.549234137,
        27537757.549234137,
        27537757.549234137,
        27537757.549234137,
        27537757.549234137,
        27537757.549234137,
        27537757.549234137,
        27537757.549234137,
        27537757.549234137,
        27537757.549234137,
        27537757.549234137,
        27537757.549234137,
        27537757.549234137,
        27537757.549234137,
        27537757.549234137,
        27537757.549234137,
        27537757.549234137,
        27537757.549234137,
        27537757.549234137,
        27537757.549234137,
        27537757.549234137,
        27537757.549234137,
        27537757.549234137,
        27537757.549234137,
        27537757.549234137,
        27537757.549234137,
        27537757.549234137
      ]
    }
  },
  "execution_time": {
    "total_time_ms": 1733.6719315060918,
    "forward_backward_time_ms": 2264.863619235149,
    "batch_generator_time_ms": 3.0006866400788335,
    "layernorm_grads_all_reduce_time_ms": 0.0087527352297593,
    "embedding_grads_all_reduce_time_ms": 0.0175054704595186,
    "optimizer_time_ms": -32.75912044255605,
    "layer_compute_total_ms": [
      68.89469933816328,
      65.17869005381196,
      64.91475875124628,
      65.84626498567938,
      63.98757647354099,
      60.83193053853142,
      60.3494405885547,
      58.538226155498975,
      59.12492766261052,
      57.95766881726177,
      65.13895786747426,
      64.72709080758678,
      64.77625153961854,
      63.73734956610279,
      64.7138143342938,
      63.86791455255785,
      63.95760579472836,
      63.650049448789744,
      64.17904200854647,
      63.67644311399637,
      61.41977822071826,
      60.82411915322672,
      62.11644463461194,
      62.29603205577224,
      64.57453600489646,
      61.57197987358137,
      58.086238943113734,
      64.46627581836472
    ]
  },
  "execution_memory": {
    "total_memory": 28070.94140625,
    "layer_memory_total_mb": [
      420.19283369803065,
      420.19283369803065,
      420.19283369803065,
      420.19283369803065,
      420.19283369803065,
      420.19283369803065,
      420.19283369803065,
      420.19283369803065,
      420.19283369803065,
      420.19283369803065,
      420.19283369803065,
      420.19283369803065,
      420.19283369803065,
      420.19283369803065,
      420.19283369803065,
      420.19283369803065,
      420.19283369803065,
      420.19283369803065,
      420.19283369803065,
      420.19283369803065,
      420.19283369803065,
      420.19283369803065,
      420.19283369803065,
      420.19283369803065,
      420.19283369803065,
      420.19283369803065,
      420.19283369803065,
      420.19283369803065
    ]
  }
}