{
  "model": {
    "model_name": "Qwen/Qwen3-0.6B",
    "num_layers": 28,
    "parameters": {
      "total_parameters_bytes": 3006529536,
      "parameters_per_layer_bytes": [
        62923776,
        62923776,
        62923776,
        62923776,
        62923776,
        62923776,
        62923776,
        62923776,
        62923776,
        62923776,
        62923776,
        62923776,
        62923776,
        62923776,
        62923776,
        62923776,
        62923776,
        62923776,
        62923776,
        62923776,
        62923776,
        62923776,
        62923776,
        62923776,
        62923776,
        62923776,
        62923776,
        62923776
      ]
    }
  },
  "execution_time": {
    "total_time_ms": 5671.603742506704,
    "forward_backward_time_ms": 5355.485890708223,
    "batch_generator_time_ms": 12.939342996105552,
    "layernorm_grads_all_reduce_time_ms": 0.02,
    "embedding_grads_all_reduce_time_ms": 0.04,
    "optimizer_time_ms": 303.1185088023753,
    "layer_compute_total_ms": [
      201.46955626114504,
      188.32495324750198,
      197.07213599758688,
      195.57295925187645,
      206.6328410001006,
      207.48825049668085,
      213.10625024489127,
      207.0529205011553,
      187.72101450304035,
      193.7481617424055,
      198.10624750971328,
      198.2072859973414,
      203.26806149387266,
      182.6488067599712,
      196.87107000208925,
      196.4038235018961,
      179.410101241956,
      186.9825077446876,
      195.1945132605033,
      181.89473900565645,
      189.91074048972223,
      176.02184423594736,
      183.67139549809508,
      184.07401749573182,
      177.8364247365971,
      184.60325725754956,
      172.91445123555604,
      169.27755999495275
    ]
  },
  "execution_memory": {
    "total_memory": 28070.94140625,
    "layer_memory_total_mb": [
      960.140625,
      960.140625,
      960.140625,
      960.140625,
      960.140625,
      960.140625,
      960.140625,
      960.140625,
      960.140625,
      960.140625,
      960.140625,
      960.140625,
      960.140625,
      960.140625,
      960.140625,
      960.140625,
      960.140625,
      960.140625,
      960.140625,
      960.140625,
      960.140625,
      960.140625,
      960.140625,
      960.140625,
      960.140625,
      960.140625,
      960.140625,
      960.140625
    ]
  }
}