{
  "model": {
    "model_name": "Qwen/Qwen3-0.6B",
    "num_layers": 28,
    "parameters": {
      "total_parameters_bytes": 3006529536,
      "parameters_per_layer_bytes": [
        2945042.403819152,
        2945042.403819152,
        2945042.403819152,
        2945042.403819152,
        2945042.403819152,
        2945042.403819152,
        2945042.403819152,
        2945042.403819152,
        2945042.403819152,
        2945042.403819152,
        2945042.403819152,
        2945042.403819152,
        2945042.403819152,
        2945042.403819152,
        2945042.403819152,
        2945042.403819152,
        2945042.403819152,
        2945042.403819152,
        2945042.403819152,
        2945042.403819152,
        2945042.403819152,
        2945042.403819152,
        2945042.403819152,
        2945042.403819152,
        2945042.403819152,
        2945042.403819152,
        2945042.403819152,
        2945042.403819152
      ]
    }
  },
  "execution_time": {
    "total_time_ms": 308.46873074163653,
    "forward_backward_time_ms": 392.772805435094,
    "batch_generator_time_ms": 0.4475175049856862,
    "layernorm_grads_all_reduce_time_ms": 0.0009360666479453338,
    "embedding_grads_all_reduce_time_ms": 0.0018721332958906677,
    "optimizer_time_ms": 27.40642004264892,
    "layer_compute_total_ms": [
      10.45836387204541,
      10.553631165722761,
      10.591080678935244,
      10.528931291992297,
      10.376586703015024,
      10.519560994623541,
      10.51012085677949,
      10.576761889257359,
      10.464436744653518,
      10.411641464490128,
      10.37771708565552,
      10.59666544873181,
      10.04965862838,
      9.927684427941438,
      10.291183668152005,
      9.718553402164185,
      9.930795749466464,
      9.794079495176018,
      9.624472783596556,
      9.543716148840124,
      9.342455092499259,
      9.405846133221448,
      9.468175042823171,
      9.50988897075127,
      9.646785523448473,
      9.281790625458246,
      9.360349925101662,
      9.75105118113566
    ]
  },
  "execution_memory": {
    "total_memory": 28070.94140625,
    "layer_memory_total_mb": [
      44.93778081999439,
      44.93778081999439,
      44.93778081999439,
      44.93778081999439,
      44.93778081999439,
      44.93778081999439,
      44.93778081999439,
      44.93778081999439,
      44.93778081999439,
      44.93778081999439,
      44.93778081999439,
      44.93778081999439,
      44.93778081999439,
      44.93778081999439,
      44.93778081999439,
      44.93778081999439,
      44.93778081999439,
      44.93778081999439,
      44.93778081999439,
      44.93778081999439,
      44.93778081999439,
      44.93778081999439,
      44.93778081999439,
      44.93778081999439,
      44.93778081999439,
      44.93778081999439,
      44.93778081999439,
      44.93778081999439
    ]
  }
}