{
  "model": {
    "model_name": "google-bert/bert-base-uncased",
    "num_layers": 12,
    "parameters": {
      "total_parameters_bytes": 433981440,
      "parameters_per_layer_bytes": [
        1326944.1168211177,
        1326944.1168211177,
        1326944.1168211177,
        1326944.1168211177,
        1326944.1168211177,
        1326944.1168211177,
        1326944.1168211177,
        1326944.1168211177,
        1326944.1168211177,
        1326944.1168211177,
        1326944.1168211177,
        1326944.1168211177
      ]
    }
  },
  "execution_time": {
    "total_time_ms": 191.95069437430485,
    "forward_backward_time_ms": 245.68139058438604,
    "batch_generator_time_ms": 13.774254283002362,
    "layernorm_grads_all_reduce_time_ms": 0.0009360666479453338,
    "embedding_grads_all_reduce_time_ms": 0.0018721332958906677,
    "optimizer_time_ms": 2.6494058400781695,
    "layer_compute_total_ms": [
      14.814432288533029,
      14.67150569895534,
      14.546209490241191,
      14.812805474857672,
      14.98320152329278,
      14.256898004093605,
      14.313412034843296,
      14.429904380476517,
      14.987550384204093,
      14.754863298197504,
      14.421078174627684,
      14.532365298957776
    ]
  },
  "execution_memory": {
    "total_memory": 5280.732421875,
    "layer_memory_total_mb": [
      20.247560376298793,
      20.247560376298793,
      20.247560376298793,
      20.247560376298793,
      20.247560376298793,
      20.247560376298793,
      20.247560376298793,
      20.247560376298793,
      20.247560376298793,
      20.247560376298793,
      20.247560376298793,
      20.247560376298793
    ]
  }
}