{
  "model": {
    "model_name": "Qwen/Qwen3-0.6B",
    "num_layers": 28,
    "parameters": {
      "total_parameters_bytes": 3006529536,
      "parameters_per_layer_bytes": [
        2945042.403819152,
        2945042.403819152,
        2945042.403819152,
        2945042.403819152,
        2945042.403819152,
        2945042.403819152,
        2945042.403819152,
        2945042.403819152,
        2945042.403819152,
        2945042.403819152,
        2945042.403819152,
        2945042.403819152,
        2945042.403819152,
        2945042.403819152,
        2945042.403819152,
        2945042.403819152,
        2945042.403819152,
        2945042.403819152,
        2945042.403819152,
        2945042.403819152,
        2945042.403819152,
        2945042.403819152,
        2945042.403819152,
        2945042.403819152,
        2945042.403819152,
        2945042.403819152,
        2945042.403819152,
        2945042.403819152
      ]
    }
  },
  "execution_time": {
    "total_time_ms": 185.40861010443788,
    "forward_backward_time_ms": 263.9672349110025,
    "batch_generator_time_ms": 0.3209102767284534,
    "layernorm_grads_all_reduce_time_ms": 0.0009360666479453338,
    "embedding_grads_all_reduce_time_ms": 0.0018721332958906677,
    "optimizer_time_ms": -3.503444267117878,
    "layer_compute_total_ms": [
      7.367985958424745,
      6.970575061918954,
      6.942348766572956,
      7.041969273250839,
      6.84319068810452,
      6.505708194352911,
      6.454108010149185,
      6.260406569564503,
      6.323151722786906,
      6.198318508258128,
      6.966325878834536,
      6.92227850301113,
      6.927536027708901,
      6.816430017717162,
      6.920858642416051,
      6.830393370429406,
      6.839985455441089,
      6.807093653022774,
      6.863667087406567,
      6.809916339767936,
      6.568575925973098,
      6.504872800951187,
      6.643081343727806,
      6.662287430845248,
      6.905963435888254,
      6.584853225270684,
      6.212068519377277,
      6.894385483710727
    ]
  },
  "execution_memory": {
    "total_memory": 28070.94140625,
    "layer_memory_total_mb": [
      44.93778081999439,
      44.93778081999439,
      44.93778081999439,
      44.93778081999439,
      44.93778081999439,
      44.93778081999439,
      44.93778081999439,
      44.93778081999439,
      44.93778081999439,
      44.93778081999439,
      44.93778081999439,
      44.93778081999439,
      44.93778081999439,
      44.93778081999439,
      44.93778081999439,
      44.93778081999439,
      44.93778081999439,
      44.93778081999439,
      44.93778081999439,
      44.93778081999439,
      44.93778081999439,
      44.93778081999439,
      44.93778081999439,
      44.93778081999439,
      44.93778081999439,
      44.93778081999439,
      44.93778081999439,
      44.93778081999439
    ]
  }
}