{
  "model": {
    "model_name": "Qwen/Qwen3-1.7B",
    "num_layers": 28,
    "parameters": {
      "total_parameters_bytes": 8126959616,
      "parameters_per_layer_bytes": [
        10574789.915966386,
        10574789.915966386,
        10574789.915966386,
        10574789.915966386,
        10574789.915966386,
        10574789.915966386,
        10574789.915966386,
        10574789.915966386,
        10574789.915966386,
        10574789.915966386,
        10574789.915966386,
        10574789.915966386,
        10574789.915966386,
        10574789.915966386,
        10574789.915966386,
        10574789.915966386,
        10574789.915966386,
        10574789.915966386,
        10574789.915966386,
        10574789.915966386,
        10574789.915966386,
        10574789.915966386,
        10574789.915966386,
        10574789.915966386,
        10574789.915966386,
        10574789.915966386,
        10574789.915966386,
        10574789.915966386
      ]
    }
  },
  "execution_time": {
    "total_time_ms": 701.1140890495544,
    "forward_backward_time_ms": 769.1089925146614,
    "batch_generator_time_ms": 0.4615101914612201,
    "layernorm_grads_all_reduce_time_ms": 0.0010504201680672268,
    "embedding_grads_all_reduce_time_ms": 0.0021008403361344537,
    "optimizer_time_ms": 101.78869198361767,
    "layer_compute_total_ms": [
      23.89043487511583,
      24.034545234627796,
      23.332769537124218,
      23.29596998438434,
      22.789049278096073,
      21.959136147645133,
      22.117735476945008,
      21.51892225612312,
      21.144691661810757,
      21.485914705500218,
      20.841941728240503,
      21.1307417938609,
      21.149853913231112,
      20.887409835482043,
      20.922766768361566,
      20.88185906015359,
      20.88234007355861,
      21.236469288820796,
      20.958027323081104,
      21.226759177929537,
      20.9653933680562,
      20.947916453667307,
      20.99161213304835,
      20.43305756374406,
      19.88307509358905,
      19.80820112798594,
      19.797860018841966,
      20.346281734946235
    ]
  },
  "execution_memory": {
    "total_memory": 88397.4453125,
    "layer_memory_total_mb": [
      161.35848870798318,
      161.35848870798318,
      161.35848870798318,
      161.35848870798318,
      161.35848870798318,
      161.35848870798318,
      161.35848870798318,
      161.35848870798318,
      161.35848870798318,
      161.35848870798318,
      161.35848870798318,
      161.35848870798318,
      161.35848870798318,
      161.35848870798318,
      161.35848870798318,
      161.35848870798318,
      161.35848870798318,
      161.35848870798318,
      161.35848870798318,
      161.35848870798318,
      161.35848870798318,
      161.35848870798318,
      161.35848870798318,
      161.35848870798318,
      161.35848870798318,
      161.35848870798318,
      161.35848870798318,
      161.35848870798318
    ]
  }
}