{
  "model": {
    "model_name": "google-bert/bert-base-uncased",
    "num_layers": 12,
    "parameters": {
      "total_parameters_bytes": 433981440,
      "parameters_per_layer_bytes": [
        1326944.1168211177,
        1326944.1168211177,
        1326944.1168211177,
        1326944.1168211177,
        1326944.1168211177,
        1326944.1168211177,
        1326944.1168211177,
        1326944.1168211177,
        1326944.1168211177,
        1326944.1168211177,
        1326944.1168211177,
        1326944.1168211177
      ]
    }
  },
  "execution_time": {
    "total_time_ms": 99.42600950035111,
    "forward_backward_time_ms": 132.49718244425227,
    "batch_generator_time_ms": 6.386947345029036,
    "layernorm_grads_all_reduce_time_ms": 0.0009360666479453338,
    "embedding_grads_all_reduce_time_ms": 0.0018721332958906677,
    "optimizer_time_ms": -1.6248245544107076,
    "layer_compute_total_ms": [
      7.867070988555885,
      7.84929064859176,
      7.94055182302718,
      7.820206496525304,
      7.778976877803588,
      7.792629024806892,
      8.183624835551818,
      7.838457372933959,
      7.953447416189327,
      7.724007664371574,
      7.771989539304471,
      8.14082582212719
    ]
  },
  "execution_memory": {
    "total_memory": 5280.732421875,
    "layer_memory_total_mb": [
      20.247560376298793,
      20.247560376298793,
      20.247560376298793,
      20.247560376298793,
      20.247560376298793,
      20.247560376298793,
      20.247560376298793,
      20.247560376298793,
      20.247560376298793,
      20.247560376298793,
      20.247560376298793,
      20.247560376298793
    ]
  }
}