{
  "model": {
    "model_name": "Qwen/Qwen3-1.7B",
    "num_layers": 28,
    "parameters": {
      "total_parameters_bytes": 8126959616,
      "parameters_per_layer_bytes": [
        6144156.240463838,
        6144156.240463838,
        6144156.240463838,
        6144156.240463838,
        6144156.240463838,
        6144156.240463838,
        6144156.240463838,
        6144156.240463838,
        6144156.240463838,
        6144156.240463838,
        6144156.240463838,
        6144156.240463838,
        6144156.240463838,
        6144156.240463838,
        6144156.240463838,
        6144156.240463838,
        6144156.240463838,
        6144156.240463838,
        6144156.240463838,
        6144156.240463838,
        6144156.240463838,
        6144156.240463838,
        6144156.240463838,
        6144156.240463838,
        6144156.240463838,
        6144156.240463838,
        6144156.240463838,
        6144156.240463838
      ]
    }
  },
  "execution_time": {
    "total_time_ms": 678.5041305913908,
    "forward_backward_time_ms": 794.6758432501031,
    "batch_generator_time_ms": 0.3525801649533705,
    "layernorm_grads_all_reduce_time_ms": 0.0006103143118706132,
    "embedding_grads_all_reduce_time_ms": 0.0012206286237412265,
    "optimizer_time_ms": 58.262504971955764,
    "layer_compute_total_ms": [
      23.913763876812403,
      24.81349372924318,
      24.473854150429965,
      24.01371680700007,
      23.313621459692925,
      22.854189518688493,
      22.745940731243653,
      23.379255141460398,
      23.22520647709663,
      22.83964588743872,
      22.425098878233147,
      22.372445659827054,
      21.849531409165685,
      21.8591180648217,
      22.15151326687649,
      21.47908066768855,
      21.99983937338777,
      21.738696421775366,
      21.594732819938717,
      21.212836869688644,
      20.589443408634153,
      20.67682507602716,
      20.878239456675875,
      20.845684093548375,
      20.484412793894396,
      20.545109651162438,
      20.83989947366843,
      20.772019347425623
    ]
  },
  "execution_memory": {
    "total_memory": 88397.4453125,
    "layer_memory_total_mb": [
      93.75238404028073,
      93.75238404028073,
      93.75238404028073,
      93.75238404028073,
      93.75238404028073,
      93.75238404028073,
      93.75238404028073,
      93.75238404028073,
      93.75238404028073,
      93.75238404028073,
      93.75238404028073,
      93.75238404028073,
      93.75238404028073,
      93.75238404028073,
      93.75238404028073,
      93.75238404028073,
      93.75238404028073,
      93.75238404028073,
      93.75238404028073,
      93.75238404028073,
      93.75238404028073,
      93.75238404028073,
      93.75238404028073,
      93.75238404028073,
      93.75238404028073,
      93.75238404028073,
      93.75238404028073,
      93.75238404028073
    ]
  }
}