{
  "model": {
    "model_name": "Qwen/Qwen3-0.6B",
    "num_layers": 28,
    "parameters": {
      "total_parameters_bytes": 3006529536,
      "parameters_per_layer_bytes": [
        9179252.516411379,
        9179252.516411379,
        9179252.516411379,
        9179252.516411379,
        9179252.516411379,
        9179252.516411379,
        9179252.516411379,
        9179252.516411379,
        9179252.516411379,
        9179252.516411379,
        9179252.516411379,
        9179252.516411379,
        9179252.516411379,
        9179252.516411379,
        9179252.516411379,
        9179252.516411379,
        9179252.516411379,
        9179252.516411379,
        9179252.516411379,
        9179252.516411379,
        9179252.516411379,
        9179252.516411379,
        9179252.516411379,
        9179252.516411379,
        9179252.516411379,
        9179252.516411379,
        9179252.516411379,
        9179252.516411379
      ]
    }
  },
  "execution_time": {
    "total_time_ms": 691.4676062012618,
    "forward_backward_time_ms": 745.76341313268,
    "batch_generator_time_ms": 1.5685327499181054,
    "layernorm_grads_all_reduce_time_ms": 0.0029175784099197666,
    "embedding_grads_all_reduce_time_ms": 0.005835156819839533,
    "optimizer_time_ms": 109.24508694732015,
    "layer_compute_total_ms": [
      24.609476258310153,
      23.737432167085498,
      23.149969621342734,
      21.05985499709066,
      21.52048202119781,
      22.002028411617374,
      21.945048725374456,
      21.75507202749069,
      21.729573376185005,
      21.621692048925443,
      23.611277608213815,
      23.27073169152954,
      22.695048430793253,
      20.36074599062475,
      19.76458318911073,
      19.709601458539083,
      19.229858608717365,
      18.771937853428465,
      18.758265936350142,
      18.93807060348806,
      18.842973085993222,
      20.27830368153789,
      19.5680618506736,
      19.414251640139803,
      19.183285665741824,
      17.574229903477036,
      17.929742924563715,
      19.61363399125171
    ]
  },
  "execution_memory": {
    "total_memory": 28070.94140625,
    "layer_memory_total_mb": [
      140.06427789934355,
      140.06427789934355,
      140.06427789934355,
      140.06427789934355,
      140.06427789934355,
      140.06427789934355,
      140.06427789934355,
      140.06427789934355,
      140.06427789934355,
      140.06427789934355,
      140.06427789934355,
      140.06427789934355,
      140.06427789934355,
      140.06427789934355,
      140.06427789934355,
      140.06427789934355,
      140.06427789934355,
      140.06427789934355,
      140.06427789934355,
      140.06427789934355,
      140.06427789934355,
      140.06427789934355,
      140.06427789934355,
      140.06427789934355,
      140.06427789934355,
      140.06427789934355,
      140.06427789934355,
      140.06427789934355
    ]
  }
}