{
  "model": {
    "model_name": "google-bert/bert-base-uncased",
    "num_layers": 12,
    "parameters": {
      "total_parameters_bytes": 433981440,
      "parameters_per_layer_bytes": [
        726961.2307692308,
        726961.2307692308,
        726961.2307692308,
        726961.2307692308,
        726961.2307692308,
        726961.2307692308,
        726961.2307692308,
        726961.2307692308,
        726961.2307692308,
        726961.2307692308,
        726961.2307692308,
        726961.2307692308
      ]
    }
  },
  "execution_time": {
    "total_time_ms": 18.92106139730925,
    "forward_backward_time_ms": 19.81287011576316,
    "batch_generator_time_ms": 2.088034844909532,
    "layernorm_grads_all_reduce_time_ms": 0.0005128205128205128,
    "embedding_grads_all_reduce_time_ms": 0.0010256410256410256,
    "optimizer_time_ms": 0.22296487213291516,
    "layer_compute_total_ms": [
      1.4981605128970188,
      1.4329396094231364,
      1.4410328205065945,
      1.4011492887034247,
      1.3163845962994039,
      1.376722653871044,
      1.3199652819774854,
      1.3334779233003082,
      1.3499036218630722,
      1.3375232885711086,
      1.3514192366691975,
      1.4498443846465445
    ]
  },
  "execution_memory": {
    "total_memory": 5280.732421875,
    "layer_memory_total_mb": [
      11.092548076923077,
      11.092548076923077,
      11.092548076923077,
      11.092548076923077,
      11.092548076923077,
      11.092548076923077,
      11.092548076923077,
      11.092548076923077,
      11.092548076923077,
      11.092548076923077,
      11.092548076923077,
      11.092548076923077
    ]
  }
}