{
  "model": {
    "model_name": "google-bert/bert-base-uncased",
    "num_layers": 12,
    "parameters": {
      "total_parameters_bytes": 433981440,
      "parameters_per_layer_bytes": [
        865165.9444613975,
        865165.9444613975,
        865165.9444613975,
        865165.9444613975,
        865165.9444613975,
        865165.9444613975,
        865165.9444613975,
        865165.9444613975,
        865165.9444613975,
        865165.9444613975,
        865165.9444613975,
        865165.9444613975
      ]
    }
  },
  "execution_time": {
    "total_time_ms": 55.58750114432369,
    "forward_backward_time_ms": 65.83600645838945,
    "batch_generator_time_ms": 8.534463594613898,
    "layernorm_grads_all_reduce_time_ms": 0.0006103143118706132,
    "embedding_grads_all_reduce_time_ms": 0.0012206286237412265,
    "optimizer_time_ms": -4.304196989168587,
    "layer_compute_total_ms": [
      4.583507249105367,
      4.555020124997078,
      4.237356164262038,
      4.428704409642803,
      4.462414784970112,
      4.163519194868169,
      4.014987023908225,
      4.195286870861882,
      4.134183589303408,
      4.0345718493505505,
      4.2121620617471836,
      4.333690272925946
    ]
  },
  "execution_memory": {
    "total_memory": 5280.732421875,
    "layer_memory_total_mb": [
      13.201384650595054,
      13.201384650595054,
      13.201384650595054,
      13.201384650595054,
      13.201384650595054,
      13.201384650595054,
      13.201384650595054,
      13.201384650595054,
      13.201384650595054,
      13.201384650595054,
      13.201384650595054,
      13.201384650595054
    ]
  }
}