{
  "model": {
    "model_name": "google-bert/bert-base-uncased",
    "num_layers": 12,
    "parameters": {
      "total_parameters_bytes": 433981440,
      "parameters_per_layer_bytes": [
        4135884.463894967,
        4135884.463894967,
        4135884.463894967,
        4135884.463894967,
        4135884.463894967,
        4135884.463894967,
        4135884.463894967,
        4135884.463894967,
        4135884.463894967,
        4135884.463894967,
        4135884.463894967,
        4135884.463894967
      ]
    }
  },
  "execution_time": {
    "total_time_ms": 310.49671487945227,
    "forward_backward_time_ms": 377.3953587554448,
    "batch_generator_time_ms": 56.48439430973386,
    "layernorm_grads_all_reduce_time_ms": 0.0029175784099197666,
    "embedding_grads_all_reduce_time_ms": 0.005835156819839533,
    "optimizer_time_ms": -39.83334136345131,
    "layer_compute_total_ms": [
      25.127201312561915,
      23.589993291330693,
      23.85859102692406,
      25.88700022037942,
      26.137272539133523,
      24.941969257616385,
      24.604239283003224,
      24.12889394554208,
      24.60758574374895,
      23.368264402515567,
      23.447706239358443,
      24.138191935825716
    ]
  },
  "execution_memory": {
    "total_memory": 5280.732421875,
    "layer_memory_total_mb": [
      63.1085886214442,
      63.1085886214442,
      63.1085886214442,
      63.1085886214442,
      63.1085886214442,
      63.1085886214442,
      63.1085886214442,
      63.1085886214442,
      63.1085886214442,
      63.1085886214442,
      63.1085886214442,
      63.1085886214442
    ]
  }
}