{
  "model": {
    "model_name": "Qwen/Qwen3-1.7B",
    "num_layers": 28,
    "parameters": {
      "total_parameters_bytes": 8126959616,
      "parameters_per_layer_bytes": [
        5084444.444444444,
        5084444.444444444,
        5084444.444444444,
        5084444.444444444,
        5084444.444444444,
        5084444.444444444,
        5084444.444444444,
        5084444.444444444,
        5084444.444444444,
        5084444.444444444,
        5084444.444444444,
        5084444.444444444,
        5084444.444444444,
        5084444.444444444,
        5084444.444444444,
        5084444.444444444,
        5084444.444444444,
        5084444.444444444,
        5084444.444444444,
        5084444.444444444,
        5084444.444444444,
        5084444.444444444,
        5084444.444444444,
        5084444.444444444,
        5084444.444444444,
        5084444.444444444,
        5084444.444444444,
        5084444.444444444
      ]
    }
  },
  "execution_time": {
    "total_time_ms": 561.4793020070676,
    "forward_backward_time_ms": 657.6771528641417,
    "batch_generator_time_ms": 0.29176899003843315,
    "layernorm_grads_all_reduce_time_ms": 0.000505050505050505,
    "embedding_grads_all_reduce_time_ms": 0.00101010101010101,
    "optimizer_time_ms": 48.21369413967148,
    "layer_compute_total_ms": [
      19.78924349098845,
      20.533792664325734,
      20.25273233610076,
      19.871957064782634,
      19.292610485710536,
      18.912418952712677,
      18.822840347546833,
      19.346924014789323,
      19.219444854910524,
      18.900383730590075,
      18.557335612113643,
      18.513763744255876,
      18.08103899692827,
      18.08897219657089,
      18.33093660998845,
      17.774481653539237,
      18.205422632977708,
      17.989320245999465,
      17.870186730035147,
      17.554158187366085,
      17.038284356084375,
      17.11059489245985,
      17.277270378668398,
      17.25032999357526,
      16.951368870098975,
      17.0015970522372,
      17.245543074548348,
      17.18937055593782
    ]
  },
  "execution_memory": {
    "total_memory": 88397.4453125,
    "layer_memory_total_mb": [
      77.58246527777777,
      77.58246527777777,
      77.58246527777777,
      77.58246527777777,
      77.58246527777777,
      77.58246527777777,
      77.58246527777777,
      77.58246527777777,
      77.58246527777777,
      77.58246527777777,
      77.58246527777777,
      77.58246527777777,
      77.58246527777777,
      77.58246527777777,
      77.58246527777777,
      77.58246527777777,
      77.58246527777777,
      77.58246527777777,
      77.58246527777777,
      77.58246527777777,
      77.58246527777777,
      77.58246527777777,
      77.58246527777777,
      77.58246527777777,
      77.58246527777777,
      77.58246527777777,
      77.58246527777777,
      77.58246527777777
    ]
  }
}