{
  "model": {
    "model_name": "google-bert/bert-base-uncased",
    "num_layers": 12,
    "parameters": {
      "total_parameters_bytes": 433981440,
      "parameters_per_layer_bytes": [
        1489048.7394957982,
        1489048.7394957982,
        1489048.7394957982,
        1489048.7394957982,
        1489048.7394957982,
        1489048.7394957982,
        1489048.7394957982,
        1489048.7394957982,
        1489048.7394957982,
        1489048.7394957982,
        1489048.7394957982,
        1489048.7394957982
      ]
    }
  },
  "execution_time": {
    "total_time_ms": 98.86344999993052,
    "forward_backward_time_ms": 118.53444125214882,
    "batch_generator_time_ms": 7.171601629590992,
    "layernorm_grads_all_reduce_time_ms": 0.0010504201680672268,
    "embedding_grads_all_reduce_time_ms": 0.0021008403361344537,
    "optimizer_time_ms": -0.6072237215671559,
    "layer_compute_total_ms": [
      7.679328202448997,
      7.5322814460500425,
      7.579001377213418,
      7.752966123481209,
      7.714888984426717,
      7.797750326628237,
      7.620849278244335,
      7.729658139725275,
      7.730442186829266,
      7.563413012522848,
      7.839668538478133,
      7.755673215354005
    ]
  },
  "execution_memory": {
    "total_memory": 5280.732421875,
    "layer_memory_total_mb": [
      22.721080619747898,
      22.721080619747898,
      22.721080619747898,
      22.721080619747898,
      22.721080619747898,
      22.721080619747898,
      22.721080619747898,
      22.721080619747898,
      22.721080619747898,
      22.721080619747898,
      22.721080619747898,
      22.721080619747898
    ]
  }
}