{
  "model": {
    "model_name": "Qwen/Qwen3-1.7B",
    "num_layers": 28,
    "parameters": {
      "total_parameters_bytes": 8126959616,
      "parameters_per_layer_bytes": [
        10574789.915966386,
        10574789.915966386,
        10574789.915966386,
        10574789.915966386,
        10574789.915966386,
        10574789.915966386,
        10574789.915966386,
        10574789.915966386,
        10574789.915966386,
        10574789.915966386,
        10574789.915966386,
        10574789.915966386,
        10574789.915966386,
        10574789.915966386,
        10574789.915966386,
        10574789.915966386,
        10574789.915966386,
        10574789.915966386,
        10574789.915966386,
        10574789.915966386,
        10574789.915966386,
        10574789.915966386,
        10574789.915966386,
        10574789.915966386,
        10574789.915966386,
        10574789.915966386,
        10574789.915966386,
        10574789.915966386
      ]
    }
  },
  "execution_time": {
    "total_time_ms": 979.0751965608381,
    "forward_backward_time_ms": 1150.934165014262,
    "batch_generator_time_ms": 0.4868740023910107,
    "layernorm_grads_all_reduce_time_ms": 0.0010504201680672268,
    "embedding_grads_all_reduce_time_ms": 0.0021008403361344537,
    "optimizer_time_ms": 82.4192345948252,
    "layer_compute_total_ms": [
      35.88472486893914,
      35.42683054027813,
      34.172400537805636,
      34.409520366115885,
      33.70097650863996,
      32.94446699045762,
      33.86293403248395,
      33.552800853788796,
      32.602999095508814,
      31.896684098484467,
      33.0459567888612,
      33.0673591656896,
      32.769597781515884,
      32.20613278688138,
      32.51554577187914,
      31.89959291016787,
      31.28642159966706,
      31.033019129746446,
      30.066078069917964,
      30.76827656170143,
      30.65692363565513,
      30.384346941633233,
      30.136718803895892,
      29.774111606900437,
      29.547775655740555,
      29.907973124359504,
      29.14092244029861,
      29.504846036104006
    ]
  },
  "execution_memory": {
    "total_memory": 88397.4453125,
    "layer_memory_total_mb": [
      161.35848870798318,
      161.35848870798318,
      161.35848870798318,
      161.35848870798318,
      161.35848870798318,
      161.35848870798318,
      161.35848870798318,
      161.35848870798318,
      161.35848870798318,
      161.35848870798318,
      161.35848870798318,
      161.35848870798318,
      161.35848870798318,
      161.35848870798318,
      161.35848870798318,
      161.35848870798318,
      161.35848870798318,
      161.35848870798318,
      161.35848870798318,
      161.35848870798318,
      161.35848870798318,
      161.35848870798318,
      161.35848870798318,
      161.35848870798318,
      161.35848870798318,
      161.35848870798318,
      161.35848870798318,
      161.35848870798318
    ]
  }
}