{
  "model": {
    "model_name": "google-bert/bert-base-uncased",
    "num_layers": 12,
    "parameters": {
      "total_parameters_bytes": 433981440,
      "parameters_per_layer_bytes": [
        1187953.5513170257,
        1187953.5513170257,
        1187953.5513170257,
        1187953.5513170257,
        1187953.5513170257,
        1187953.5513170257,
        1187953.5513170257,
        1187953.5513170257,
        1187953.5513170257,
        1187953.5513170257,
        1187953.5513170257,
        1187953.5513170257
      ]
    }
  },
  "execution_time": {
    "total_time_ms": 30.91958845980921,
    "forward_backward_time_ms": 37.988699188762624,
    "batch_generator_time_ms": 3.41213300557893,
    "layernorm_grads_all_reduce_time_ms": 0.0008380184851793499,
    "embedding_grads_all_reduce_time_ms": 0.0016760369703586997,
    "optimizer_time_ms": 0.3643549345664144,
    "layer_compute_total_ms": [
      2.448198096968281,
      2.341618267642419,
      2.3548436756025914,
      2.289668558637267,
      2.1511515193433,
      2.249752114172758,
      2.157002846879606,
      2.179084341143248,
      2.205926167247029,
      2.1856950183519026,
      2.2084028880337208,
      2.3692429701862037
    ]
  },
  "execution_memory": {
    "total_memory": 5280.732421875,
    "layer_memory_total_mb": [
      18.126732655594264,
      18.126732655594264,
      18.126732655594264,
      18.126732655594264,
      18.126732655594264,
      18.126732655594264,
      18.126732655594264,
      18.126732655594264,
      18.126732655594264,
      18.126732655594264,
      18.126732655594264,
      18.126732655594264
    ]
  }
}