{
  "model": {
    "model_name": "Qwen/Qwen3-1.7B",
    "num_layers": 28,
    "parameters": {
      "total_parameters_bytes": 8126959616,
      "parameters_per_layer_bytes": [
        5162666.666666666,
        5162666.666666666,
        5162666.666666666,
        5162666.666666666,
        5162666.666666666,
        5162666.666666666,
        5162666.666666666,
        5162666.666666666,
        5162666.666666666,
        5162666.666666666,
        5162666.666666666,
        5162666.666666666,
        5162666.666666666,
        5162666.666666666,
        5162666.666666666,
        5162666.666666666,
        5162666.666666666,
        5162666.666666666,
        5162666.666666666,
        5162666.666666666,
        5162666.666666666,
        5162666.666666666,
        5162666.666666666,
        5162666.666666666,
        5162666.666666666,
        5162666.666666666,
        5162666.666666666,
        5162666.666666666
      ]
    }
  },
  "execution_time": {
    "total_time_ms": 740.3795859613754,
    "forward_backward_time_ms": 777.2047817401852,
    "batch_generator_time_ms": 0.4415473070903084,
    "layernorm_grads_all_reduce_time_ms": 0.0005128205128205128,
    "embedding_grads_all_reduce_time_ms": 0.0010256410256410256,
    "optimizer_time_ms": 88.42949551255406,
    "layer_compute_total_ms": [
      25.507040910246687,
      25.4471876213733,
      25.29843380071748,
      25.087156172958203,
      25.026527705799356,
      24.980605089625055,
      24.657380256357076,
      24.350813038509862,
      24.476514275496204,
      23.68345331454363,
      23.288006621908444,
      23.10937295484249,
      22.966121236841456,
      23.389496577109615,
      22.73744733359378,
      22.469754057312503,
      22.779718365293377,
      22.325442455043323,
      22.07782397416826,
      21.95607119901046,
      22.10177231329278,
      21.99811231418071,
      22.371224160544955,
      22.04076693660448,
      21.81785575073893,
      21.856337089840775,
      21.76815162835201,
      21.93841752588737
    ]
  },
  "execution_memory": {
    "total_memory": 88397.4453125,
    "layer_memory_total_mb": [
      78.77604166666666,
      78.77604166666666,
      78.77604166666666,
      78.77604166666666,
      78.77604166666666,
      78.77604166666666,
      78.77604166666666,
      78.77604166666666,
      78.77604166666666,
      78.77604166666666,
      78.77604166666666,
      78.77604166666666,
      78.77604166666666,
      78.77604166666666,
      78.77604166666666,
      78.77604166666666,
      78.77604166666666,
      78.77604166666666,
      78.77604166666666,
      78.77604166666666,
      78.77604166666666,
      78.77604166666666,
      78.77604166666666,
      78.77604166666666,
      78.77604166666666,
      78.77604166666666,
      78.77604166666666,
      78.77604166666666
    ]
  }
}