{
  "model": {
    "model_name": "Qwen/Qwen3-0.6B",
    "num_layers": 28,
    "parameters": {
      "total_parameters_bytes": 3006529536,
      "parameters_per_layer_bytes": [
        2636564.3722642367,
        2636564.3722642367,
        2636564.3722642367,
        2636564.3722642367,
        2636564.3722642367,
        2636564.3722642367,
        2636564.3722642367,
        2636564.3722642367,
        2636564.3722642367,
        2636564.3722642367,
        2636564.3722642367,
        2636564.3722642367,
        2636564.3722642367,
        2636564.3722642367,
        2636564.3722642367,
        2636564.3722642367,
        2636564.3722642367,
        2636564.3722642367,
        2636564.3722642367,
        2636564.3722642367,
        2636564.3722642367,
        2636564.3722642367,
        2636564.3722642367,
        2636564.3722642367,
        2636564.3722642367,
        2636564.3722642367,
        2636564.3722642367,
        2636564.3722642367
      ]
    }
  },
  "execution_time": {
    "total_time_ms": 572.1624993892508,
    "forward_backward_time_ms": 683.7874274520572,
    "batch_generator_time_ms": 0.8069434605343998,
    "layernorm_grads_all_reduce_time_ms": 0.0008380184851793499,
    "embedding_grads_all_reduce_time_ms": 0.0016760369703586997,
    "optimizer_time_ms": 82.8290283058033,
    "layer_compute_total_ms": [
      17.77419302795154,
      18.219406051218375,
      17.924103628699516,
      18.415072650522653,
      18.36218765113416,
      18.5378972803046,
      18.473105504839104,
      18.62167087690191,
      18.211100343721267,
      18.205132866450676,
      17.756602255538812,
      17.749226970271277,
      17.295725253655956,
      17.226405297652388,
      17.640350215637763,
      17.28377544405088,
      17.429355240945434,
      17.194561903909545,
      17.166007418752077,
      17.087961771504524,
      16.79874834230082,
      16.406351444168383,
      16.740264339882902,
      16.712276828789932,
      16.12311622851426,
      15.990672614077274,
      16.30385343494739,
      16.874888681114157
    ]
  },
  "execution_memory": {
    "total_memory": 28070.94140625,
    "layer_memory_total_mb": [
      40.23077960608271,
      40.23077960608271,
      40.23077960608271,
      40.23077960608271,
      40.23077960608271,
      40.23077960608271,
      40.23077960608271,
      40.23077960608271,
      40.23077960608271,
      40.23077960608271,
      40.23077960608271,
      40.23077960608271,
      40.23077960608271,
      40.23077960608271,
      40.23077960608271,
      40.23077960608271,
      40.23077960608271,
      40.23077960608271,
      40.23077960608271,
      40.23077960608271,
      40.23077960608271,
      40.23077960608271,
      40.23077960608271,
      40.23077960608271,
      40.23077960608271,
      40.23077960608271,
      40.23077960608271,
      40.23077960608271
    ]
  }
}