{
  "model": {
    "model_name": "Qwen/Qwen3-1.7B",
    "num_layers": 28,
    "parameters": {
      "total_parameters_bytes": 8126959616,
      "parameters_per_layer_bytes": [
        4026880.0,
        4026880.0,
        4026880.0,
        4026880.0,
        4026880.0,
        4026880.0,
        4026880.0,
        4026880.0,
        4026880.0,
        4026880.0,
        4026880.0,
        4026880.0,
        4026880.0,
        4026880.0,
        4026880.0,
        4026880.0,
        4026880.0,
        4026880.0,
        4026880.0,
        4026880.0,
        4026880.0,
        4026880.0,
        4026880.0,
        4026880.0,
        4026880.0,
        4026880.0,
        4026880.0,
        4026880.0
      ]
    }
  },
  "execution_time": {
    "total_time_ms": 196.45669517980423,
    "forward_backward_time_ms": 216.5750779145046,
    "batch_generator_time_ms": 0.2211686607915908,
    "layernorm_grads_all_reduce_time_ms": 0.0004,
    "embedding_grads_all_reduce_time_ms": 0.0008,
    "optimizer_time_ms": 29.398055009193442,
    "layer_compute_total_ms": [
      6.509542554849759,
      6.6423396454774775,
      6.686023090151139,
      6.637338855362032,
      6.385794855013955,
      6.352157660003286,
      6.298023369745351,
      6.283244265068788,
      6.357978819869459,
      6.059520975395571,
      5.84110325522488,
      5.728930970071815,
      5.802951684163418,
      5.882469589705579,
      5.890897984791081,
      5.920131595339626,
      5.872148345224559,
      5.737894869525917,
      5.779896820022259,
      5.7007849152432755,
      5.679684475180693,
      5.649456625105813,
      5.616108370304573,
      5.561746505263727,
      5.474753994785715,
      5.484608309343457,
      5.469276444637217,
      5.531462664948776
    ]
  },
  "execution_memory": {
    "total_memory": 88397.4453125,
    "layer_memory_total_mb": [
      61.4453125,
      61.4453125,
      61.4453125,
      61.4453125,
      61.4453125,
      61.4453125,
      61.4453125,
      61.4453125,
      61.4453125,
      61.4453125,
      61.4453125,
      61.4453125,
      61.4453125,
      61.4453125,
      61.4453125,
      61.4453125,
      61.4453125,
      61.4453125,
      61.4453125,
      61.4453125,
      61.4453125,
      61.4453125,
      61.4453125,
      61.4453125,
      61.4453125,
      61.4453125,
      61.4453125,
      61.4453125
    ]
  }
}