{
  "model": {
    "model_name": "Qwen/Qwen3-1.7B",
    "num_layers": 28,
    "parameters": {
      "total_parameters_bytes": 8126959616,
      "parameters_per_layer_bytes": [
        2237155.5555555555,
        2237155.5555555555,
        2237155.5555555555,
        2237155.5555555555,
        2237155.5555555555,
        2237155.5555555555,
        2237155.5555555555,
        2237155.5555555555,
        2237155.5555555555,
        2237155.5555555555,
        2237155.5555555555,
        2237155.5555555555,
        2237155.5555555555,
        2237155.5555555555,
        2237155.5555555555,
        2237155.5555555555,
        2237155.5555555555,
        2237155.5555555555,
        2237155.5555555555,
        2237155.5555555555,
        2237155.5555555555,
        2237155.5555555555,
        2237155.5555555555,
        2237155.5555555555,
        2237155.5555555555,
        2237155.5555555555,
        2237155.5555555555,
        2237155.5555555555
      ]
    }
  },
  "execution_time": {
    "total_time_ms": 207.12879713909288,
    "forward_backward_time_ms": 246.11091252056187,
    "batch_generator_time_ms": 0.10300090006138717,
    "layernorm_grads_all_reduce_time_ms": 0.00022222222222222223,
    "embedding_grads_all_reduce_time_ms": 0.00044444444444444447,
    "optimizer_time_ms": 17.43624696317191,
    "layer_compute_total_ms": [
      7.59161290560668,
      7.494742816521062,
      7.229361180442438,
      7.279525197453849,
      7.129628808050055,
      6.969585016647923,
      7.16389182198327,
      7.098281425068207,
      6.897345586427643,
      6.747920724834937,
      6.991055747332414,
      6.995583539052556,
      6.932590464000694,
      6.813386314024683,
      6.8788443499619865,
      6.748536100106625,
      6.618816302862898,
      6.565207602559693,
      6.3606458494582006,
      6.509199841497725,
      6.4856425113652625,
      6.427977397429964,
      6.375590289179753,
      6.2988787221709375,
      6.2509960942811125,
      6.3271978698644995,
      6.1649240362587285,
      6.241914094749114
    ]
  },
  "execution_memory": {
    "total_memory": 88397.4453125,
    "layer_memory_total_mb": [
      34.13628472222222,
      34.13628472222222,
      34.13628472222222,
      34.13628472222222,
      34.13628472222222,
      34.13628472222222,
      34.13628472222222,
      34.13628472222222,
      34.13628472222222,
      34.13628472222222,
      34.13628472222222,
      34.13628472222222,
      34.13628472222222,
      34.13628472222222,
      34.13628472222222,
      34.13628472222222,
      34.13628472222222,
      34.13628472222222,
      34.13628472222222,
      34.13628472222222,
      34.13628472222222,
      34.13628472222222,
      34.13628472222222,
      34.13628472222222,
      34.13628472222222,
      34.13628472222222,
      34.13628472222222,
      34.13628472222222
    ]
  }
}