{
  "model": {
    "model_name": "Qwen/Qwen3-0.6B",
    "num_layers": 28,
    "parameters": {
      "total_parameters_bytes": 3006529536,
      "parameters_per_layer_bytes": [
        1613430.1538461538,
        1613430.1538461538,
        1613430.1538461538,
        1613430.1538461538,
        1613430.1538461538,
        1613430.1538461538,
        1613430.1538461538,
        1613430.1538461538,
        1613430.1538461538,
        1613430.1538461538,
        1613430.1538461538,
        1613430.1538461538,
        1613430.1538461538,
        1613430.1538461538,
        1613430.1538461538,
        1613430.1538461538,
        1613430.1538461538,
        1613430.1538461538,
        1613430.1538461538,
        1613430.1538461538,
        1613430.1538461538,
        1613430.1538461538,
        1613430.1538461538,
        1613430.1538461538,
        1613430.1538461538,
        1613430.1538461538,
        1613430.1538461538,
        1613430.1538461538
      ]
    }
  },
  "execution_time": {
    "total_time_ms": 186.3713026798975,
    "forward_backward_time_ms": 207.1940245881785,
    "batch_generator_time_ms": 0.2884981282150898,
    "layernorm_grads_all_reduce_time_ms": 0.0005128205128205128,
    "embedding_grads_all_reduce_time_ms": 0.0010256410256410256,
    "optimizer_time_ms": 12.396850452819505,
    "layer_compute_total_ms": [
      6.520806461384591,
      6.611343012758507,
      6.5426687230147085,
      6.797370198630513,
      6.671422826818739,
      6.776976878217493,
      6.822030173050455,
      6.795744365379692,
      6.9150789741587895,
      6.837614012347797,
      6.277807448686172,
      6.0474562689285865,
      5.888328756554984,
      6.072802666518001,
      6.056623000544137,
      5.882483724212178,
      5.954483897464039,
      6.0277685578255795,
      5.9899050001359475,
      5.932437461571028,
      5.955343608944438,
      5.877375435934832,
      5.934775320780225,
      5.761302435600485,
      5.731060851711589,
      5.6100309929416445,
      5.614821371497013,
      5.778553211712278
    ]
  },
  "execution_memory": {
    "total_memory": 28070.94140625,
    "layer_memory_total_mb": [
      24.618990384615383,
      24.618990384615383,
      24.618990384615383,
      24.618990384615383,
      24.618990384615383,
      24.618990384615383,
      24.618990384615383,
      24.618990384615383,
      24.618990384615383,
      24.618990384615383,
      24.618990384615383,
      24.618990384615383,
      24.618990384615383,
      24.618990384615383,
      24.618990384615383,
      24.618990384615383,
      24.618990384615383,
      24.618990384615383,
      24.618990384615383,
      24.618990384615383,
      24.618990384615383,
      24.618990384615383,
      24.618990384615383,
      24.618990384615383,
      24.618990384615383,
      24.618990384615383,
      24.618990384615383,
      24.618990384615383
    ]
  }
}