{
  "model": {
    "model_name": "google-bert/bert-base-uncased",
    "num_layers": 12,
    "parameters": {
      "total_parameters_bytes": 433981440,
      "parameters_per_layer_bytes": [
        12407653.391684901,
        12407653.391684901,
        12407653.391684901,
        12407653.391684901,
        12407653.391684901,
        12407653.391684901,
        12407653.391684901,
        12407653.391684901,
        12407653.391684901,
        12407653.391684901,
        12407653.391684901,
        12407653.391684901
      ]
    }
  },
  "execution_time": {
    "total_time_ms": 1306.4190947488398,
    "forward_backward_time_ms": 1633.4714452374972,
    "batch_generator_time_ms": 91.52118335182512,
    "layernorm_grads_all_reduce_time_ms": 0.0087527352297593,
    "embedding_grads_all_reduce_time_ms": 0.0175054704595186,
    "optimizer_time_ms": -56.935722274320604,
    "layer_compute_total_ms": [
      106.71443445378756,
      121.69207548936605,
      121.4120987929094,
      104.6846617108488,
      110.33681039805411,
      107.54279945788527,
      108.92628664451425,
      106.20486871359759,
      94.556397598194,
      103.22532799967139,
      88.93319310343271,
      97.57842110338493
    ]
  },
  "execution_memory": {
    "total_memory": 5280.732421875,
    "layer_memory_total_mb": [
      189.3257658643326,
      189.3257658643326,
      189.3257658643326,
      189.3257658643326,
      189.3257658643326,
      189.3257658643326,
      189.3257658643326,
      189.3257658643326,
      189.3257658643326,
      189.3257658643326,
      189.3257658643326,
      189.3257658643326
    ]
  }
}