{
  "model": {
    "model_name": "Qwen/Qwen3-0.6B",
    "num_layers": 28,
    "parameters": {
      "total_parameters_bytes": 3006529536,
      "parameters_per_layer_bytes": [
        27537757.549234137,
        27537757.549234137,
        27537757.549234137,
        27537757.549234137,
        27537757.549234137,
        27537757.549234137,
        27537757.549234137,
        27537757.549234137,
        27537757.549234137,
        27537757.549234137,
        27537757.549234137,
        27537757.549234137,
        27537757.549234137,
        27537757.549234137,
        27537757.549234137,
        27537757.549234137,
        27537757.549234137,
        27537757.549234137,
        27537757.549234137,
        27537757.549234137,
        27537757.549234137,
        27537757.549234137,
        27537757.549234137,
        27537757.549234137,
        27537757.549234137,
        27537757.549234137,
        27537757.549234137,
        27537757.549234137
      ]
    }
  },
  "execution_time": {
    "total_time_ms": 5016.446524950283,
    "forward_backward_time_ms": 5758.604123811294,
    "batch_generator_time_ms": 8.657671785271468,
    "layernorm_grads_all_reduce_time_ms": 0.0087527352297593,
    "embedding_grads_all_reduce_time_ms": 0.0175054704595186,
    "optimizer_time_ms": 524.1609878401686,
    "layer_compute_total_ms": [
      164.53194661097524,
      162.84560175491313,
      160.0393143223183,
      160.7246215557639,
      161.3717342594932,
      160.23107822571782,
      160.14832056675684,
      161.82284266993616,
      161.82836805443796,
      164.69011729388524,
      166.04167231816098,
      162.64305448111685,
      164.02522702161346,
      166.38682943746383,
      161.23922450668678,
      161.86402811815543,
      164.5024479045869,
      160.07510294599757,
      159.16883609465503,
      162.12762834395218,
      158.39588119193945,
      155.19054814041093,
      152.19586116263818,
      150.53304693181704,
      152.23533676400234,
      150.82890634639983,
      157.61163895129465,
      160.3023911440639
    ]
  },
  "execution_memory": {
    "total_memory": 28070.94140625,
    "layer_memory_total_mb": [
      420.19283369803065,
      420.19283369803065,
      420.19283369803065,
      420.19283369803065,
      420.19283369803065,
      420.19283369803065,
      420.19283369803065,
      420.19283369803065,
      420.19283369803065,
      420.19283369803065,
      420.19283369803065,
      420.19283369803065,
      420.19283369803065,
      420.19283369803065,
      420.19283369803065,
      420.19283369803065,
      420.19283369803065,
      420.19283369803065,
      420.19283369803065,
      420.19283369803065,
      420.19283369803065,
      420.19283369803065,
      420.19283369803065,
      420.19283369803065,
      420.19283369803065,
      420.19283369803065,
      420.19283369803065,
      420.19283369803065
    ]
  }
}