{
  "model": {
    "model_name": "Qwen/Qwen3-1.7B",
    "num_layers": 28,
    "parameters": {
      "total_parameters_bytes": 8126959616,
      "parameters_per_layer_bytes": [
        3413420.133591021,
        3413420.133591021,
        3413420.133591021,
        3413420.133591021,
        3413420.133591021,
        3413420.133591021,
        3413420.133591021,
        3413420.133591021,
        3413420.133591021,
        3413420.133591021,
        3413420.133591021,
        3413420.133591021,
        3413420.133591021,
        3413420.133591021,
        3413420.133591021,
        3413420.133591021,
        3413420.133591021,
        3413420.133591021,
        3413420.133591021,
        3413420.133591021,
        3413420.133591021,
        3413420.133591021,
        3413420.133591021,
        3413420.133591021,
        3413420.133591021,
        3413420.133591021,
        3413420.133591021,
        3413420.133591021
      ]
    }
  },
  "execution_time": {
    "total_time_ms": 226.31153588145517,
    "forward_backward_time_ms": 247.81133626425566,
    "batch_generator_time_ms": 0.1489701631814605,
    "layernorm_grads_all_reduce_time_ms": 0.0003390635065947852,
    "embedding_grads_all_reduce_time_ms": 0.0006781270131895704,
    "optimizer_time_ms": 32.856214955550136,
    "layer_compute_total_ms": [
      7.711556640935227,
      7.758073801704017,
      7.531548706249704,
      7.51967023535547,
      7.356042082103366,
      7.088155702220243,
      7.139349735208913,
      6.94605973886319,
      6.825262422284554,
      6.935405282486083,
      6.727538237983574,
      6.820759565915836,
      6.826928737461777,
      6.7422148182209005,
      6.753627628074528,
      6.7404230920103805,
      6.740578357585797,
      6.85488718101156,
      6.765009328170485,
      6.85175286928726,
      6.767387002471604,
      6.761745656220552,
      6.775850117201378,
      6.595555148911384,
      6.418027155289991,
      6.393858703367786,
      6.390520712690316,
      6.567544912917917
    ]
  },
  "execution_memory": {
    "total_memory": 88397.4453125,
    "layer_memory_total_mb": [
      52.08465780015596,
      52.08465780015596,
      52.08465780015596,
      52.08465780015596,
      52.08465780015596,
      52.08465780015596,
      52.08465780015596,
      52.08465780015596,
      52.08465780015596,
      52.08465780015596,
      52.08465780015596,
      52.08465780015596,
      52.08465780015596,
      52.08465780015596,
      52.08465780015596,
      52.08465780015596,
      52.08465780015596,
      52.08465780015596,
      52.08465780015596,
      52.08465780015596,
      52.08465780015596,
      52.08465780015596,
      52.08465780015596,
      52.08465780015596,
      52.08465780015596,
      52.08465780015596,
      52.08465780015596,
      52.08465780015596
    ]
  }
}