{
  "model": {
    "model_name": "Qwen/Qwen3-1.7B",
    "num_layers": 28,
    "parameters": {
      "total_parameters_bytes": 8126959616,
      "parameters_per_layer_bytes": [
        88115536.10503282,
        88115536.10503282,
        88115536.10503282,
        88115536.10503282,
        88115536.10503282,
        88115536.10503282,
        88115536.10503282,
        88115536.10503282,
        88115536.10503282,
        88115536.10503282,
        88115536.10503282,
        88115536.10503282,
        88115536.10503282,
        88115536.10503282,
        88115536.10503282,
        88115536.10503282,
        88115536.10503282,
        88115536.10503282,
        88115536.10503282,
        88115536.10503282,
        88115536.10503282,
        88115536.10503282,
        88115536.10503282,
        88115536.10503282,
        88115536.10503282,
        88115536.10503282,
        88115536.10503282,
        88115536.10503282
      ]
    }
  },
  "execution_time": {
    "total_time_ms": 3012.2622592946313,
    "forward_backward_time_ms": 3555.7370823731717,
    "batch_generator_time_ms": 24.440432812089277,
    "layernorm_grads_all_reduce_time_ms": 0.0087527352297593,
    "embedding_grads_all_reduce_time_ms": 0.0175054704595186,
    "optimizer_time_ms": 219.32804485381922,
    "layer_compute_total_ms": [
      126.39493238118719,
      107.62394726107252,
      112.76995930163478,
      113.5483193843008,
      115.2713255968487,
      114.07736629880435,
      117.26249792308423,
      114.56097941463548,
      109.01366641206964,
      111.14642057538285,
      98.70040174410627,
      95.99013742634159,
      97.49656170835877,
      90.9591352345964,
      91.96797298309261,
      91.49864737705595,
      86.96970634679035,
      91.73967058340361,
      86.10255808770225,
      88.0297948644523,
      88.50156006564262,
      94.32764321665485,
      88.30736881999312,
      84.25274189419972,
      83.23084954931493,
      83.52660624074996,
      88.13071542794468,
      97.06603730361321
    ]
  },
  "execution_memory": {
    "total_memory": 88397.4453125,
    "layer_memory_total_mb": [
      1344.5363785557986,
      1344.5363785557986,
      1344.5363785557986,
      1344.5363785557986,
      1344.5363785557986,
      1344.5363785557986,
      1344.5363785557986,
      1344.5363785557986,
      1344.5363785557986,
      1344.5363785557986,
      1344.5363785557986,
      1344.5363785557986,
      1344.5363785557986,
      1344.5363785557986,
      1344.5363785557986,
      1344.5363785557986,
      1344.5363785557986,
      1344.5363785557986,
      1344.5363785557986,
      1344.5363785557986,
      1344.5363785557986,
      1344.5363785557986,
      1344.5363785557986,
      1344.5363785557986,
      1344.5363785557986,
      1344.5363785557986,
      1344.5363785557986,
      1344.5363785557986
    ]
  }
}