{
  "model": {
    "model_name": "Qwen/Qwen3-0.6B",
    "num_layers": 28,
    "parameters": {
      "total_parameters_bytes": 3006529536,
      "parameters_per_layer_bytes": [
        27537757.549234137,
        27537757.549234137,
        27537757.549234137,
        27537757.549234137,
        27537757.549234137,
        27537757.549234137,
        27537757.549234137,
        27537757.549234137,
        27537757.549234137,
        27537757.549234137,
        27537757.549234137,
        27537757.549234137,
        27537757.549234137,
        27537757.549234137,
        27537757.549234137,
        27537757.549234137,
        27537757.549234137,
        27537757.549234137,
        27537757.549234137,
        27537757.549234137,
        27537757.549234137,
        27537757.549234137,
        27537757.549234137,
        27537757.549234137,
        27537757.549234137,
        27537757.549234137,
        27537757.549234137,
        27537757.549234137
      ]
    }
  },
  "execution_time": {
    "total_time_ms": 1137.2193065612053,
    "forward_backward_time_ms": 1694.0154859659208,
    "batch_generator_time_ms": 6.701716418526822,
    "layernorm_grads_all_reduce_time_ms": 0.0087527352297593,
    "embedding_grads_all_reduce_time_ms": 0.0175054704595186,
    "optimizer_time_ms": -188.45513357115598,
    "layer_compute_total_ms": [
      46.18874857639303,
      51.274795622816534,
      50.932283911148915,
      51.82914365301035,
      53.388642565463414,
      52.58954791731713,
      51.984426478093134,
      52.543263344264325,
      52.20679551425657,
      51.00858522603529,
      44.41005590662699,
      44.32200361132373,
      44.998441799518325,
      45.84363282019277,
      46.28432242233404,
      46.01516027940453,
      45.84029442297001,
      45.18028380271838,
      46.05150306676321,
      45.72439617495189,
      46.273581287517935,
      46.02090591048675,
      47.07621926015357,
      42.77005951830718,
      42.90958697203531,
      41.03106728814037,
      40.698182158767196,
      43.550535997134354
    ]
  },
  "execution_memory": {
    "total_memory": 28070.94140625,
    "layer_memory_total_mb": [
      420.19283369803065,
      420.19283369803065,
      420.19283369803065,
      420.19283369803065,
      420.19283369803065,
      420.19283369803065,
      420.19283369803065,
      420.19283369803065,
      420.19283369803065,
      420.19283369803065,
      420.19283369803065,
      420.19283369803065,
      420.19283369803065,
      420.19283369803065,
      420.19283369803065,
      420.19283369803065,
      420.19283369803065,
      420.19283369803065,
      420.19283369803065,
      420.19283369803065,
      420.19283369803065,
      420.19283369803065,
      420.19283369803065,
      420.19283369803065,
      420.19283369803065,
      420.19283369803065,
      420.19283369803065,
      420.19283369803065
    ]
  }
}