{
  "model": {
    "model_name": "Qwen/Qwen3-0.6B",
    "num_layers": 28,
    "parameters": {
      "total_parameters_bytes": 3006529536,
      "parameters_per_layer_bytes": [
        27537757.549234137,
        27537757.549234137,
        27537757.549234137,
        27537757.549234137,
        27537757.549234137,
        27537757.549234137,
        27537757.549234137,
        27537757.549234137,
        27537757.549234137,
        27537757.549234137,
        27537757.549234137,
        27537757.549234137,
        27537757.549234137,
        27537757.549234137,
        27537757.549234137,
        27537757.549234137,
        27537757.549234137,
        27537757.549234137,
        27537757.549234137,
        27537757.549234137,
        27537757.549234137,
        27537757.549234137,
        27537757.549234137,
        27537757.549234137,
        27537757.549234137,
        27537757.549234137,
        27537757.549234137,
        27537757.549234137
      ]
    }
  },
  "execution_time": {
    "total_time_ms": 2074.4028186037854,
    "forward_backward_time_ms": 2237.29023939804,
    "batch_generator_time_ms": 4.705598249754316,
    "layernorm_grads_all_reduce_time_ms": 0.0087527352297593,
    "embedding_grads_all_reduce_time_ms": 0.0175054704595186,
    "optimizer_time_ms": 327.73526084196044,
    "layer_compute_total_ms": [
      73.82842877493046,
      71.21229650125649,
      69.4499088640282,
      63.17956499127198,
      64.56144606359344,
      66.00608523485212,
      65.83514617612337,
      65.26521608247208,
      65.18872012855502,
      64.86507614677633,
      70.83383282464145,
      69.81219507458863,
      68.08514529237976,
      61.08223797187425,
      59.29374956733219,
      59.12880437561724,
      57.6895758261521,
      56.31581356028539,
      56.274797809050426,
      56.81421181046418,
      56.528919257979666,
      60.83491104461367,
      58.70418555202081,
      58.2427549204194,
      57.549856997225476,
      52.72268971043111,
      53.78922877369114,
      58.84090197375513
    ]
  },
  "execution_memory": {
    "total_memory": 28070.94140625,
    "layer_memory_total_mb": [
      420.19283369803065,
      420.19283369803065,
      420.19283369803065,
      420.19283369803065,
      420.19283369803065,
      420.19283369803065,
      420.19283369803065,
      420.19283369803065,
      420.19283369803065,
      420.19283369803065,
      420.19283369803065,
      420.19283369803065,
      420.19283369803065,
      420.19283369803065,
      420.19283369803065,
      420.19283369803065,
      420.19283369803065,
      420.19283369803065,
      420.19283369803065,
      420.19283369803065,
      420.19283369803065,
      420.19283369803065,
      420.19283369803065,
      420.19283369803065,
      420.19283369803065,
      420.19283369803065,
      420.19283369803065,
      420.19283369803065
    ]
  }
}