{
  "model": {
    "model_name": "Qwen/Qwen3-0.6B",
    "num_layers": 28,
    "parameters": {
      "total_parameters_bytes": 3006529536,
      "parameters_per_layer_bytes": [
        3495765.333333333,
        3495765.333333333,
        3495765.333333333,
        3495765.333333333,
        3495765.333333333,
        3495765.333333333,
        3495765.333333333,
        3495765.333333333,
        3495765.333333333,
        3495765.333333333,
        3495765.333333333,
        3495765.333333333,
        3495765.333333333,
        3495765.333333333,
        3495765.333333333,
        3495765.333333333,
        3495765.333333333,
        3495765.333333333,
        3495765.333333333,
        3495765.333333333,
        3495765.333333333,
        3495765.333333333,
        3495765.333333333,
        3495765.333333333,
        3495765.333333333,
        3495765.333333333,
        3495765.333333333,
        3495765.333333333
      ]
    }
  },
  "execution_time": {
    "total_time_ms": 636.8100171950774,
    "forward_backward_time_ms": 729.7255225655821,
    "batch_generator_time_ms": 1.099043334963628,
    "layernorm_grads_all_reduce_time_ms": 0.0011111111111111111,
    "embedding_grads_all_reduce_time_ms": 0.0022222222222222222,
    "optimizer_time_ms": 66.5393254008214,
    "layer_compute_total_ms": [
      20.886416555893245,
      20.672344444998693,
      20.316101845916513,
      20.403097791940024,
      20.485245154607885,
      20.340445208098064,
      20.329939583057744,
      20.542510861155783,
      20.543212278021706,
      20.906495445362655,
      21.078067847055433,
      20.646632193852888,
      20.822091319132596,
      21.12188362581138,
      20.468423777654404,
      20.547739124999172,
      20.882671858998947,
      20.320645012866912,
      20.20559947090482,
      20.581201709218373,
      20.107477140198977,
      19.700577916713275,
      19.320419042034903,
      19.109334013288994,
      19.325430250319187,
      19.146891722306865,
      20.00792194465046,
      20.349497986899223
    ]
  },
  "execution_memory": {
    "total_memory": 28070.94140625,
    "layer_memory_total_mb": [
      53.34114583333333,
      53.34114583333333,
      53.34114583333333,
      53.34114583333333,
      53.34114583333333,
      53.34114583333333,
      53.34114583333333,
      53.34114583333333,
      53.34114583333333,
      53.34114583333333,
      53.34114583333333,
      53.34114583333333,
      53.34114583333333,
      53.34114583333333,
      53.34114583333333,
      53.34114583333333,
      53.34114583333333,
      53.34114583333333,
      53.34114583333333,
      53.34114583333333,
      53.34114583333333,
      53.34114583333333,
      53.34114583333333,
      53.34114583333333,
      53.34114583333333,
      53.34114583333333,
      53.34114583333333,
      53.34114583333333
    ]
  }
}