{
  "model": {
    "model_name": "Qwen/Qwen3-0.6B",
    "num_layers": 28,
    "parameters": {
      "total_parameters_bytes": 3006529536,
      "parameters_per_layer_bytes": [
        3855623.5294117643,
        3855623.5294117643,
        3855623.5294117643,
        3855623.5294117643,
        3855623.5294117643,
        3855623.5294117643,
        3855623.5294117643,
        3855623.5294117643,
        3855623.5294117643,
        3855623.5294117643,
        3855623.5294117643,
        3855623.5294117643,
        3855623.5294117643,
        3855623.5294117643,
        3855623.5294117643,
        3855623.5294117643,
        3855623.5294117643,
        3855623.5294117643,
        3855623.5294117643,
        3855623.5294117643,
        3855623.5294117643,
        3855623.5294117643,
        3855623.5294117643,
        3855623.5294117643,
        3855623.5294117643,
        3855623.5294117643,
        3855623.5294117643,
        3855623.5294117643
      ]
    }
  },
  "execution_time": {
    "total_time_ms": 169.42013360890354,
    "forward_backward_time_ms": 209.63198866503242,
    "batch_generator_time_ms": 0.38360686434601776,
    "layernorm_grads_all_reduce_time_ms": 0.0012254901960784314,
    "embedding_grads_all_reduce_time_ms": 0.0024509803921568627,
    "optimizer_time_ms": -6.4102393111314475,
    "layer_compute_total_ms": [
      7.547763327381165,
      7.409508747086339,
      7.240397090914913,
      7.42152469237957,
      7.17631908931556,
      7.216501134119907,
      7.296733272988942,
      7.4867970433129525,
      7.2521161004545975,
      7.226023637271924,
      6.220441466711254,
      5.857680224496518,
      5.9371187017306655,
      5.868661689116076,
      5.890793029132456,
      5.86219140827512,
      6.0928369472165675,
      5.735073914276619,
      5.718879670965571,
      5.6547396587691265,
      6.151020924709669,
      5.8782860289248475,
      5.347179763239361,
      4.906314400025568,
      5.4078820780619825,
      5.0576519760058956,
      5.150245403331378,
      5.432408164886189
    ]
  },
  "execution_memory": {
    "total_memory": 28070.94140625,
    "layer_memory_total_mb": [
      58.83214613970588,
      58.83214613970588,
      58.83214613970588,
      58.83214613970588,
      58.83214613970588,
      58.83214613970588,
      58.83214613970588,
      58.83214613970588,
      58.83214613970588,
      58.83214613970588,
      58.83214613970588,
      58.83214613970588,
      58.83214613970588,
      58.83214613970588,
      58.83214613970588,
      58.83214613970588,
      58.83214613970588,
      58.83214613970588,
      58.83214613970588,
      58.83214613970588,
      58.83214613970588,
      58.83214613970588,
      58.83214613970588,
      58.83214613970588,
      58.83214613970588,
      58.83214613970588,
      58.83214613970588,
      58.83214613970588
    ]
  }
}