{
  "model": {
    "model_name": "Qwen/Qwen3-1.7B",
    "num_layers": 28,
    "parameters": {
      "total_parameters_bytes": 8126959616,
      "parameters_per_layer_bytes": [
        2237155.5555555555,
        2237155.5555555555,
        2237155.5555555555,
        2237155.5555555555,
        2237155.5555555555,
        2237155.5555555555,
        2237155.5555555555,
        2237155.5555555555,
        2237155.5555555555,
        2237155.5555555555,
        2237155.5555555555,
        2237155.5555555555,
        2237155.5555555555,
        2237155.5555555555,
        2237155.5555555555,
        2237155.5555555555,
        2237155.5555555555,
        2237155.5555555555,
        2237155.5555555555,
        2237155.5555555555,
        2237155.5555555555,
        2237155.5555555555,
        2237155.5555555555,
        2237155.5555555555,
        2237155.5555555555,
        2237155.5555555555,
        2237155.5555555555,
        2237155.5555555555
      ]
    }
  },
  "execution_time": {
    "total_time_ms": 76.47799180542481,
    "forward_backward_time_ms": 91.24333106894784,
    "batch_generator_time_ms": 0.6205154330624889,
    "layernorm_grads_all_reduce_time_ms": 0.00022222222222222223,
    "embedding_grads_all_reduce_time_ms": 0.00044444444444444447,
    "optimizer_time_ms": 5.5684953610108545,
    "layer_compute_total_ms": [
      3.209026894344586,
      2.7324524387950078,
      2.863103966713728,
      2.8828656643680817,
      2.9266108776533253,
      2.8962975776974216,
      2.9771645306027494,
      2.9085759773604676,
      2.767735863906435,
      2.821884122386109,
      2.5058935331698096,
      2.4370829335465616,
      2.47532937226222,
      2.3093513779005863,
      2.3349646474040737,
      2.3230489917396984,
      2.208064211137955,
      2.3291683031453028,
      2.186048280337774,
      2.2349786807252614,
      2.246956274999927,
      2.394874052778404,
      2.2420259750409364,
      2.1390835025360704,
      2.1131387913353845,
      2.120647725112374,
      2.237540941698373,
      2.46439883598618
    ]
  },
  "execution_memory": {
    "total_memory": 88397.4453125,
    "layer_memory_total_mb": [
      34.13628472222222,
      34.13628472222222,
      34.13628472222222,
      34.13628472222222,
      34.13628472222222,
      34.13628472222222,
      34.13628472222222,
      34.13628472222222,
      34.13628472222222,
      34.13628472222222,
      34.13628472222222,
      34.13628472222222,
      34.13628472222222,
      34.13628472222222,
      34.13628472222222,
      34.13628472222222,
      34.13628472222222,
      34.13628472222222,
      34.13628472222222,
      34.13628472222222,
      34.13628472222222,
      34.13628472222222,
      34.13628472222222,
      34.13628472222222,
      34.13628472222222,
      34.13628472222222,
      34.13628472222222,
      34.13628472222222
    ]
  }
}