{
  "model": {
    "model_name": "google-bert/bert-base-uncased",
    "num_layers": 12,
    "parameters": {
      "total_parameters_bytes": 433981440,
      "parameters_per_layer_bytes": [
        480647.74692299863,
        480647.74692299863,
        480647.74692299863,
        480647.74692299863,
        480647.74692299863,
        480647.74692299863,
        480647.74692299863,
        480647.74692299863,
        480647.74692299863,
        480647.74692299863,
        480647.74692299863,
        480647.74692299863
      ]
    }
  },
  "execution_time": {
    "total_time_ms": 30.881945080179825,
    "forward_backward_time_ms": 36.5755591435497,
    "batch_generator_time_ms": 4.741368663674388,
    "layernorm_grads_all_reduce_time_ms": 0.0003390635065947852,
    "embedding_grads_all_reduce_time_ms": 0.0006781270131895704,
    "optimizer_time_ms": -2.391220549538104,
    "layer_compute_total_ms": [
      2.5463929161696486,
      2.530566736109488,
      2.3540867579233544,
      2.4603913386904464,
      2.4791193249833956,
      2.313066219371205,
      2.2305483466156804,
      2.330714928256601,
      2.2967686607241156,
      2.2414288051947504,
      2.3400900343039908,
      2.407605707181081
    ]
  },
  "execution_memory": {
    "total_memory": 5280.732421875,
    "layer_memory_total_mb": [
      7.3341025836639195,
      7.3341025836639195,
      7.3341025836639195,
      7.3341025836639195,
      7.3341025836639195,
      7.3341025836639195,
      7.3341025836639195,
      7.3341025836639195,
      7.3341025836639195,
      7.3341025836639195,
      7.3341025836639195,
      7.3341025836639195
    ]
  }
}