{
  "model": {
    "model_name": "google-bert/bert-base-uncased",
    "num_layers": 12,
    "parameters": {
      "total_parameters_bytes": 433981440,
      "parameters_per_layer_bytes": [
        28351488.0,
        28351488.0,
        28351488.0,
        28351488.0,
        28351488.0,
        28351488.0,
        28351488.0,
        28351488.0,
        28351488.0,
        28351488.0,
        28351488.0,
        28351488.0
      ]
    }
  },
  "execution_time": {
    "total_time_ms": 1821.6024124994874,
    "forward_backward_time_ms": 1682.9165758390445,
    "batch_generator_time_ms": 279.6743719954975,
    "layernorm_grads_all_reduce_time_ms": 0.02,
    "embedding_grads_all_reduce_time_ms": 0.04,
    "optimizer_time_ms": -141.04853533505462,
    "layer_compute_total_ms": [
      150.20153255318291,
      149.26800949615426,
      138.858161502867,
      145.12864350399468,
      146.2333325034706,
      136.4385240158299,
      131.57112477347255,
      137.4795507581439,
      135.4771962214727,
      132.21291950321756,
      138.03255076345522,
      142.01503024378326
    ]
  },
  "execution_memory": {
    "total_memory": 5280.732421875,
    "layer_memory_total_mb": [
      432.609375,
      432.609375,
      432.609375,
      432.609375,
      432.609375,
      432.609375,
      432.609375,
      432.609375,
      432.609375,
      432.609375,
      432.609375,
      432.609375
    ]
  }
}