{
  "model": {
    "model_name": "Qwen/Qwen3-1.7B",
    "num_layers": 28,
    "parameters": {
      "total_parameters_bytes": 8126959616,
      "parameters_per_layer_bytes": [
        3413420.133591021,
        3413420.133591021,
        3413420.133591021,
        3413420.133591021,
        3413420.133591021,
        3413420.133591021,
        3413420.133591021,
        3413420.133591021,
        3413420.133591021,
        3413420.133591021,
        3413420.133591021,
        3413420.133591021,
        3413420.133591021,
        3413420.133591021,
        3413420.133591021,
        3413420.133591021,
        3413420.133591021,
        3413420.133591021,
        3413420.133591021,
        3413420.133591021,
        3413420.133591021,
        3413420.133591021,
        3413420.133591021,
        3413420.133591021,
        3413420.133591021,
        3413420.133591021,
        3413420.133591021,
        3413420.133591021
      ]
    }
  },
  "execution_time": {
    "total_time_ms": 376.9467392174393,
    "forward_backward_time_ms": 441.4865795833906,
    "batch_generator_time_ms": 0.19587786941853916,
    "layernorm_grads_all_reduce_time_ms": 0.0003390635065947852,
    "embedding_grads_all_reduce_time_ms": 0.0006781270131895704,
    "optimizer_time_ms": 32.3680583177532,
    "layer_compute_total_ms": [
      13.285424376006892,
      13.785274294023989,
      13.596585639127758,
      13.340953781666705,
      12.952011922051625,
      12.69677195482694,
      12.636633739579809,
      12.988475078589108,
      12.902892487275906,
      12.688692159688179,
      12.45838826568508,
      12.429136477681697,
      12.138628560647602,
      12.1439544804565,
      12.306396259375825,
      11.932822593160305,
      12.222132985215428,
      12.077053567652982,
      11.997073788854843,
      11.784909372049247,
      11.438579671463417,
      11.487125042237311,
      11.599021920375487,
      11.580935607526875,
      11.380229329941331,
      11.413949806201355,
      11.577721929815795,
      11.54001074856979
    ]
  },
  "execution_memory": {
    "total_memory": 88397.4453125,
    "layer_memory_total_mb": [
      52.08465780015596,
      52.08465780015596,
      52.08465780015596,
      52.08465780015596,
      52.08465780015596,
      52.08465780015596,
      52.08465780015596,
      52.08465780015596,
      52.08465780015596,
      52.08465780015596,
      52.08465780015596,
      52.08465780015596,
      52.08465780015596,
      52.08465780015596,
      52.08465780015596,
      52.08465780015596,
      52.08465780015596,
      52.08465780015596,
      52.08465780015596,
      52.08465780015596,
      52.08465780015596,
      52.08465780015596,
      52.08465780015596,
      52.08465780015596,
      52.08465780015596,
      52.08465780015596,
      52.08465780015596,
      52.08465780015596
    ]
  }
}