{
  "model": {
    "model_name": "google-bert/bert-base-uncased",
    "num_layers": 12,
    "parameters": {
      "total_parameters_bytes": 433981440,
      "parameters_per_layer_bytes": [
        715946.6666666666,
        715946.6666666666,
        715946.6666666666,
        715946.6666666666,
        715946.6666666666,
        715946.6666666666,
        715946.6666666666,
        715946.6666666666,
        715946.6666666666,
        715946.6666666666,
        715946.6666666666,
        715946.6666666666
      ]
    }
  },
  "execution_time": {
    "total_time_ms": 46.000060921704225,
    "forward_backward_time_ms": 54.48616269297072,
    "batch_generator_time_ms": 7.062484141300442,
    "layernorm_grads_all_reduce_time_ms": 0.000505050505050505,
    "embedding_grads_all_reduce_time_ms": 0.00101010101010101,
    "optimizer_time_ms": -3.5618317003801674,
    "layer_compute_total_ms": [
      3.7929679937672454,
      3.7693941791958148,
      3.5065192298703787,
      3.6648647349493606,
      3.6927609218048127,
      3.4454172731270174,
      3.3225031508452663,
      3.471705827225856,
      3.421141318724058,
      3.3387100884650898,
      3.485670473824627,
      3.586238137469274
    ]
  },
  "execution_memory": {
    "total_memory": 5280.732421875,
    "layer_memory_total_mb": [
      10.924479166666666,
      10.924479166666666,
      10.924479166666666,
      10.924479166666666,
      10.924479166666666,
      10.924479166666666,
      10.924479166666666,
      10.924479166666666,
      10.924479166666666,
      10.924479166666666,
      10.924479166666666,
      10.924479166666666
    ]
  }
}