{
  "model": {
    "model_name": "Qwen/Qwen3-0.6B",
    "num_layers": 28,
    "parameters": {
      "total_parameters_bytes": 3006529536,
      "parameters_per_layer_bytes": [
        3304820.168067227,
        3304820.168067227,
        3304820.168067227,
        3304820.168067227,
        3304820.168067227,
        3304820.168067227,
        3304820.168067227,
        3304820.168067227,
        3304820.168067227,
        3304820.168067227,
        3304820.168067227,
        3304820.168067227,
        3304820.168067227,
        3304820.168067227,
        3304820.168067227,
        3304820.168067227,
        3304820.168067227,
        3304820.168067227,
        3304820.168067227,
        3304820.168067227,
        3304820.168067227,
        3304820.168067227,
        3304820.168067227,
        3304820.168067227,
        3304820.168067227,
        3304820.168067227,
        3304820.168067227,
        3304820.168067227
      ]
    }
  },
  "execution_time": {
    "total_time_ms": 381.7479414136556,
    "forward_backward_time_ms": 456.89937559871373,
    "batch_generator_time_ms": 0.5909362920372113,
    "layernorm_grads_all_reduce_time_ms": 0.0010504201680672268,
    "embedding_grads_all_reduce_time_ms": 0.0021008403361344537,
    "optimizer_time_ms": 25.392708385502136,
    "layer_compute_total_ms": [
      13.35669390724785,
      13.542141675293161,
      13.401474800292734,
      13.923184755598214,
      13.665204319639226,
      13.881412723239613,
      13.973696257823935,
      13.91985452992689,
      14.164289915556344,
      14.005616937056937,
      12.858954332918104,
      12.387121559254984,
      12.061177600086364,
      12.439039075325738,
      12.40589795279524,
      12.049205107367383,
      12.196684453839156,
      12.346794840083907,
      12.269238183051574,
      12.151526313091916,
      12.198445417480729,
      12.03874170175727,
      12.156314995295629,
      11.800987131744693,
      11.739042710963863,
      11.491134912012821,
      11.500947136994933,
      11.83632222987284
    ]
  },
  "execution_memory": {
    "total_memory": 28070.94140625,
    "layer_memory_total_mb": [
      50.42755383403362,
      50.42755383403362,
      50.42755383403362,
      50.42755383403362,
      50.42755383403362,
      50.42755383403362,
      50.42755383403362,
      50.42755383403362,
      50.42755383403362,
      50.42755383403362,
      50.42755383403362,
      50.42755383403362,
      50.42755383403362,
      50.42755383403362,
      50.42755383403362,
      50.42755383403362,
      50.42755383403362,
      50.42755383403362,
      50.42755383403362,
      50.42755383403362,
      50.42755383403362,
      50.42755383403362,
      50.42755383403362,
      50.42755383403362,
      50.42755383403362,
      50.42755383403362,
      50.42755383403362,
      50.42755383403362
    ]
  }
}