{
  "model": {
    "model_name": "google-bert/bert-base-uncased",
    "num_layers": 12,
    "parameters": {
      "total_parameters_bytes": 433981440,
      "parameters_per_layer_bytes": [
        567029.76,
        567029.76,
        567029.76,
        567029.76,
        567029.76,
        567029.76,
        567029.76,
        567029.76,
        567029.76,
        567029.76,
        567029.76,
        567029.76
      ]
    }
  },
  "execution_time": {
    "total_time_ms": 41.25222894013859,
    "forward_backward_time_ms": 47.8325714709127,
    "batch_generator_time_ms": 6.735746620688587,
    "layernorm_grads_all_reduce_time_ms": 0.0004,
    "embedding_grads_all_reduce_time_ms": 0.0008,
    "optimizer_time_ms": -2.332022355579585,
    "layer_compute_total_ms": [
      2.9765660598059185,
      3.119311085320078,
      3.113433834805619,
      3.164992689853534,
      3.14825702982489,
      3.1245812855195254,
      3.1407122302334756,
      3.002115720300935,
      2.9526864041690715,
      2.994544240355026,
      2.9975924800965004,
      3.112511614745017
    ]
  },
  "execution_memory": {
    "total_memory": 5280.732421875,
    "layer_memory_total_mb": [
      8.6521875,
      8.6521875,
      8.6521875,
      8.6521875,
      8.6521875,
      8.6521875,
      8.6521875,
      8.6521875,
      8.6521875,
      8.6521875,
      8.6521875,
      8.6521875
    ]
  }
}