{
  "model": {
    "model_name": "Qwen/Qwen3-1.7B",
    "num_layers": 28,
    "parameters": {
      "total_parameters_bytes": 8126959616,
      "parameters_per_layer_bytes": [
        12337254.901960785,
        12337254.901960785,
        12337254.901960785,
        12337254.901960785,
        12337254.901960785,
        12337254.901960785,
        12337254.901960785,
        12337254.901960785,
        12337254.901960785,
        12337254.901960785,
        12337254.901960785,
        12337254.901960785,
        12337254.901960785,
        12337254.901960785,
        12337254.901960785,
        12337254.901960785,
        12337254.901960785,
        12337254.901960785,
        12337254.901960785,
        12337254.901960785,
        12337254.901960785,
        12337254.901960785,
        12337254.901960785,
        12337254.901960785,
        12337254.901960785,
        12337254.901960785,
        12337254.901960785,
        12337254.901960785
      ]
    }
  },
  "execution_time": {
    "total_time_ms": 966.5444029094799,
    "forward_backward_time_ms": 1090.4925791438761,
    "batch_generator_time_ms": 0.5103045338068577,
    "layernorm_grads_all_reduce_time_ms": 0.0012254901960784314,
    "embedding_grads_all_reduce_time_ms": 0.0024509803921568627,
    "optimizer_time_ms": 53.386371381227306,
    "layer_compute_total_ms": [
      34.30881252985701,
      33.817930147515476,
      35.46290972646567,
      35.20206579356882,
      36.40276468995937,
      35.957300965224825,
      35.12711363256648,
      34.82221534831493,
      35.986805912269865,
      34.895713097998225,
      32.50735801028735,
      32.53158647477868,
      31.81835416701991,
      31.340926287549674,
      31.7595026043658,
      31.383822243144238,
      31.51117428066808,
      31.128698773339718,
      31.475026547495336,
      31.174823056169448,
      30.85551531922629,
      30.810017679137744,
      30.84298207742155,
      30.52448204578147,
      30.04806499833934,
      29.49940819645217,
      30.815674769174244,
      30.633001149765857
    ]
  },
  "execution_memory": {
    "total_memory": 88397.4453125,
    "layer_memory_total_mb": [
      188.25157015931373,
      188.25157015931373,
      188.25157015931373,
      188.25157015931373,
      188.25157015931373,
      188.25157015931373,
      188.25157015931373,
      188.25157015931373,
      188.25157015931373,
      188.25157015931373,
      188.25157015931373,
      188.25157015931373,
      188.25157015931373,
      188.25157015931373,
      188.25157015931373,
      188.25157015931373,
      188.25157015931373,
      188.25157015931373,
      188.25157015931373,
      188.25157015931373,
      188.25157015931373,
      188.25157015931373,
      188.25157015931373,
      188.25157015931373,
      188.25157015931373,
      188.25157015931373,
      188.25157015931373,
      188.25157015931373
    ]
  }
}