{
  "model": {
    "model_name": "Qwen/Qwen3-1.7B",
    "num_layers": 28,
    "parameters": {
      "total_parameters_bytes": 8126959616,
      "parameters_per_layer_bytes": [
        3413420.133591021,
        3413420.133591021,
        3413420.133591021,
        3413420.133591021,
        3413420.133591021,
        3413420.133591021,
        3413420.133591021,
        3413420.133591021,
        3413420.133591021,
        3413420.133591021,
        3413420.133591021,
        3413420.133591021,
        3413420.133591021,
        3413420.133591021,
        3413420.133591021,
        3413420.133591021,
        3413420.133591021,
        3413420.133591021,
        3413420.133591021,
        3413420.133591021,
        3413420.133591021,
        3413420.133591021,
        3413420.133591021,
        3413420.133591021,
        3413420.133591021,
        3413420.133591021,
        3413420.133591021,
        3413420.133591021
      ]
    }
  },
  "execution_time": {
    "total_time_ms": 116.6890323549356,
    "forward_backward_time_ms": 137.48459025186267,
    "batch_generator_time_ms": 0.9467736238365712,
    "layernorm_grads_all_reduce_time_ms": 0.0003390635065947852,
    "embedding_grads_all_reduce_time_ms": 0.0006781270131895704,
    "optimizer_time_ms": 8.496331036025104,
    "layer_compute_total_ms": [
      4.896287601990518,
      4.169137074755885,
      4.36848331814728,
      4.39863543541056,
      4.465381259770102,
      4.419129657762315,
      4.542515304551036,
      4.437863865365376,
      4.2229720230491825,
      4.305590665831719,
      3.82345671829388,
      3.718466483897713,
      3.776822356213335,
      3.5235754926771223,
      3.5626558550565655,
      3.5444751170883397,
      3.369032973966974,
      3.5538118754124235,
      3.3354413798257148,
      3.4100986889308222,
      3.4283739319498414,
      3.6540647738455956,
      3.4208513503828746,
      3.2637831897102076,
      3.2241971183023868,
      3.23565414267985,
      3.4140081502874167,
      3.7601446993991146
    ]
  },
  "execution_memory": {
    "total_memory": 88397.4453125,
    "layer_memory_total_mb": [
      52.08465780015596,
      52.08465780015596,
      52.08465780015596,
      52.08465780015596,
      52.08465780015596,
      52.08465780015596,
      52.08465780015596,
      52.08465780015596,
      52.08465780015596,
      52.08465780015596,
      52.08465780015596,
      52.08465780015596,
      52.08465780015596,
      52.08465780015596,
      52.08465780015596,
      52.08465780015596,
      52.08465780015596,
      52.08465780015596,
      52.08465780015596,
      52.08465780015596,
      52.08465780015596,
      52.08465780015596,
      52.08465780015596,
      52.08465780015596,
      52.08465780015596,
      52.08465780015596,
      52.08465780015596,
      52.08465780015596
    ]
  }
}