{
  "model": {
    "model_name": "google-bert/bert-base-uncased",
    "num_layers": 12,
    "parameters": {
      "total_parameters_bytes": 433981440,
      "parameters_per_layer_bytes": [
        4135884.463894967,
        4135884.463894967,
        4135884.463894967,
        4135884.463894967,
        4135884.463894967,
        4135884.463894967,
        4135884.463894967,
        4135884.463894967,
        4135884.463894967,
        4135884.463894967,
        4135884.463894967,
        4135884.463894967
      ]
    }
  },
  "execution_time": {
    "total_time_ms": 167.9299905166617,
    "forward_backward_time_ms": 212.40549627592586,
    "batch_generator_time_ms": 26.092242893106,
    "layernorm_grads_all_reduce_time_ms": 0.0029175784099197666,
    "embedding_grads_all_reduce_time_ms": 0.005835156819839533,
    "optimizer_time_ms": -23.548170130856114,
    "layer_compute_total_ms": [
      14.749756164408616,
      14.591114806115932,
      13.368796534006865,
      14.066348322086379,
      14.229848865252517,
      14.040569293266536,
      13.948218597837586,
      14.073951461099028,
      13.597701019984497,
      12.92735991869081,
      12.566566192252896,
      13.216933844180371
    ]
  },
  "execution_memory": {
    "total_memory": 5280.732421875,
    "layer_memory_total_mb": [
      63.1085886214442,
      63.1085886214442,
      63.1085886214442,
      63.1085886214442,
      63.1085886214442,
      63.1085886214442,
      63.1085886214442,
      63.1085886214442,
      63.1085886214442,
      63.1085886214442,
      63.1085886214442,
      63.1085886214442
    ]
  }
}