{
  "model": {
    "model_name": "google-bert/bert-base-uncased",
    "num_layers": 12,
    "parameters": {
      "total_parameters_bytes": 433981440,
      "parameters_per_layer_bytes": [
        567029.76,
        567029.76,
        567029.76,
        567029.76,
        567029.76,
        567029.76,
        567029.76,
        567029.76,
        567029.76,
        567029.76,
        567029.76,
        567029.76
      ]
    }
  },
  "execution_time": {
    "total_time_ms": 12.277145590051077,
    "forward_backward_time_ms": 11.622331203005926,
    "batch_generator_time_ms": 0.520908220205456,
    "layernorm_grads_all_reduce_time_ms": 0.0004,
    "embedding_grads_all_reduce_time_ms": 0.0008,
    "optimizer_time_ms": 2.8019000890769066,
    "layer_compute_total_ms": [
      0.729201489884872,
      0.7222379397717305,
      0.7425686501665041,
      0.754528910620138,
      0.7386158005101606,
      0.7478495896793902,
      0.7438829852617346,
      0.7179349949001335,
      0.7807650903123431,
      0.7145765598397702,
      0.7640807199641131,
      0.796894549857825
    ]
  },
  "execution_memory": {
    "total_memory": 5280.732421875,
    "layer_memory_total_mb": [
      8.6521875,
      8.6521875,
      8.6521875,
      8.6521875,
      8.6521875,
      8.6521875,
      8.6521875,
      8.6521875,
      8.6521875,
      8.6521875,
      8.6521875,
      8.6521875
    ]
  }
}