{
  "model": {
    "model_name": "Qwen/Qwen3-0.6B",
    "num_layers": 28,
    "parameters": {
      "total_parameters_bytes": 3006529536,
      "parameters_per_layer_bytes": [
        27537757.549234137,
        27537757.549234137,
        27537757.549234137,
        27537757.549234137,
        27537757.549234137,
        27537757.549234137,
        27537757.549234137,
        27537757.549234137,
        27537757.549234137,
        27537757.549234137,
        27537757.549234137,
        27537757.549234137,
        27537757.549234137,
        27537757.549234137,
        27537757.549234137,
        27537757.549234137,
        27537757.549234137,
        27537757.549234137,
        27537757.549234137,
        27537757.549234137,
        27537757.549234137,
        27537757.549234137,
        27537757.549234137,
        27537757.549234137,
        27537757.549234137,
        27537757.549234137,
        27537757.549234137,
        27537757.549234137
      ]
    }
  },
  "execution_time": {
    "total_time_ms": 1232.1885371989829,
    "forward_backward_time_ms": 1406.028203939094,
    "batch_generator_time_ms": 5.954785995425848,
    "layernorm_grads_all_reduce_time_ms": 0.0087527352297593,
    "embedding_grads_all_reduce_time_ms": 0.0175054704595186,
    "optimizer_time_ms": 131.4855466203711,
    "layer_compute_total_ms": [
      46.04829354474068,
      49.15724672069895,
      40.28055809692457,
      41.48354200560689,
      40.78690317985184,
      41.96996171143582,
      41.42051520889841,
      41.108157109857395,
      41.81330601345438,
      44.245708094913866,
      43.689143537371514,
      42.9077074409328,
      43.86526235191791,
      44.199746166798136,
      44.53227625491354,
      43.554813680682265,
      43.46301192361698,
      40.46309212170729,
      32.64443851109183,
      31.72881663147731,
      31.62875043735707,
      31.63908731232599,
      31.257927356872717,
      31.864913339044946,
      30.374186437248905,
      30.904077900969984,
      32.56909803019152,
      35.12140525659318
    ]
  },
  "execution_memory": {
    "total_memory": 28070.94140625,
    "layer_memory_total_mb": [
      420.19283369803065,
      420.19283369803065,
      420.19283369803065,
      420.19283369803065,
      420.19283369803065,
      420.19283369803065,
      420.19283369803065,
      420.19283369803065,
      420.19283369803065,
      420.19283369803065,
      420.19283369803065,
      420.19283369803065,
      420.19283369803065,
      420.19283369803065,
      420.19283369803065,
      420.19283369803065,
      420.19283369803065,
      420.19283369803065,
      420.19283369803065,
      420.19283369803065,
      420.19283369803065,
      420.19283369803065,
      420.19283369803065,
      420.19283369803065,
      420.19283369803065,
      420.19283369803065,
      420.19283369803065,
      420.19283369803065
    ]
  }
}