{
  "model": {
    "model_name": "Qwen/Qwen3-1.7B",
    "num_layers": 28,
    "parameters": {
      "total_parameters_bytes": 8126959616,
      "parameters_per_layer_bytes": [
        4806722.689075631,
        4806722.689075631,
        4806722.689075631,
        4806722.689075631,
        4806722.689075631,
        4806722.689075631,
        4806722.689075631,
        4806722.689075631,
        4806722.689075631,
        4806722.689075631,
        4806722.689075631,
        4806722.689075631,
        4806722.689075631,
        4806722.689075631,
        4806722.689075631,
        4806722.689075631,
        4806722.689075631,
        4806722.689075631,
        4806722.689075631,
        4806722.689075631,
        4806722.689075631,
        4806722.689075631,
        4806722.689075631,
        4806722.689075631,
        4806722.689075631,
        4806722.689075631,
        4806722.689075631,
        4806722.689075631
      ]
    }
  },
  "execution_time": {
    "total_time_ms": 376.57574139330393,
    "forward_backward_time_ms": 456.66108724246783,
    "batch_generator_time_ms": 0.1988199482364381,
    "layernorm_grads_all_reduce_time_ms": 0.0004774637127578305,
    "embedding_grads_all_reduce_time_ms": 0.000954927425515661,
    "optimizer_time_ms": 20.799884953724927,
    "layer_compute_total_ms": [
      13.367069816827408,
      13.175816940590446,
      13.816718075246365,
      13.71509056892292,
      14.182895333750405,
      14.009338038399283,
      13.685888428272655,
      13.56709688895387,
      14.020833472312937,
      13.595732375843466,
      12.665204419592476,
      12.674644081082603,
      12.396761363773992,
      12.210750501642732,
      12.373832183519145,
      12.227463211614639,
      12.27708088857198,
      12.128064457145346,
      12.262997356167016,
      12.146034956949137,
      12.021629345153102,
      12.003902991871849,
      12.016746263930475,
      11.892655342512262,
      11.707038311041302,
      11.493275920695652,
      12.006107052925032,
      11.93493551289579
    ]
  },
  "execution_memory": {
    "total_memory": 88397.4453125,
    "layer_memory_total_mb": [
      73.34476759453783,
      73.34476759453783,
      73.34476759453783,
      73.34476759453783,
      73.34476759453783,
      73.34476759453783,
      73.34476759453783,
      73.34476759453783,
      73.34476759453783,
      73.34476759453783,
      73.34476759453783,
      73.34476759453783,
      73.34476759453783,
      73.34476759453783,
      73.34476759453783,
      73.34476759453783,
      73.34476759453783,
      73.34476759453783,
      73.34476759453783,
      73.34476759453783,
      73.34476759453783,
      73.34476759453783,
      73.34476759453783,
      73.34476759453783,
      73.34476759453783,
      73.34476759453783,
      73.34476759453783,
      73.34476759453783
    ]
  }
}