{
  "model": {
    "model_name": "Qwen/Qwen3-0.6B",
    "num_layers": 28,
    "parameters": {
      "total_parameters_bytes": 3006529536,
      "parameters_per_layer_bytes": [
        3855623.5294117643,
        3855623.5294117643,
        3855623.5294117643,
        3855623.5294117643,
        3855623.5294117643,
        3855623.5294117643,
        3855623.5294117643,
        3855623.5294117643,
        3855623.5294117643,
        3855623.5294117643,
        3855623.5294117643,
        3855623.5294117643,
        3855623.5294117643,
        3855623.5294117643,
        3855623.5294117643,
        3855623.5294117643,
        3855623.5294117643,
        3855623.5294117643,
        3855623.5294117643,
        3855623.5294117643,
        3855623.5294117643,
        3855623.5294117643,
        3855623.5294117643,
        3855623.5294117643,
        3855623.5294117643,
        3855623.5294117643,
        3855623.5294117643,
        3855623.5294117643
      ]
    }
  },
  "execution_time": {
    "total_time_ms": 403.8445405040322,
    "forward_backward_time_ms": 438.9656863455647,
    "batch_generator_time_ms": 0.5858859688433928,
    "layernorm_grads_all_reduce_time_ms": 0.0012254901960784314,
    "embedding_grads_all_reduce_time_ms": 0.0024509803921568627,
    "optimizer_time_ms": 35.88024329848265,
    "layer_compute_total_ms": [
      13.691997701600627,
      13.816720801889245,
      13.865749374150147,
      13.784383945141384,
      13.584935753469301,
      13.772116434505305,
      13.759757489335207,
      13.847003341046122,
      13.699948252834991,
      13.630829137885787,
      13.586415640448275,
      13.87306090549043,
      13.156924402816609,
      12.997236855845388,
      13.473126853782826,
      12.723444362171564,
      13.001310170533115,
      12.822322456735955,
      12.60027484646593,
      12.494548972801352,
      12.231059773672742,
      12.31405076485352,
      12.395651223343128,
      12.450262729722525,
      12.629486488602945,
      12.151638388697357,
      12.254487530620228,
      12.765990167655913
    ]
  },
  "execution_memory": {
    "total_memory": 28070.94140625,
    "layer_memory_total_mb": [
      58.83214613970588,
      58.83214613970588,
      58.83214613970588,
      58.83214613970588,
      58.83214613970588,
      58.83214613970588,
      58.83214613970588,
      58.83214613970588,
      58.83214613970588,
      58.83214613970588,
      58.83214613970588,
      58.83214613970588,
      58.83214613970588,
      58.83214613970588,
      58.83214613970588,
      58.83214613970588,
      58.83214613970588,
      58.83214613970588,
      58.83214613970588,
      58.83214613970588,
      58.83214613970588,
      58.83214613970588,
      58.83214613970588,
      58.83214613970588,
      58.83214613970588,
      58.83214613970588,
      58.83214613970588,
      58.83214613970588
    ]
  }
}