{
  "model": {
    "model_name": "Qwen/Qwen3-0.6B",
    "num_layers": 28,
    "parameters": {
      "total_parameters_bytes": 3006529536,
      "parameters_per_layer_bytes": [
        3495765.333333333,
        3495765.333333333,
        3495765.333333333,
        3495765.333333333,
        3495765.333333333,
        3495765.333333333,
        3495765.333333333,
        3495765.333333333,
        3495765.333333333,
        3495765.333333333,
        3495765.333333333,
        3495765.333333333,
        3495765.333333333,
        3495765.333333333,
        3495765.333333333,
        3495765.333333333,
        3495765.333333333,
        3495765.333333333,
        3495765.333333333,
        3495765.333333333,
        3495765.333333333,
        3495765.333333333,
        3495765.333333333,
        3495765.333333333,
        3495765.333333333,
        3495765.333333333,
        3495765.333333333,
        3495765.333333333
      ]
    }
  },
  "execution_time": {
    "total_time_ms": 153.60758780540587,
    "forward_backward_time_ms": 203.9401511326909,
    "batch_generator_time_ms": 0.3478035570070561,
    "layernorm_grads_all_reduce_time_ms": 0.0011111111111111111,
    "embedding_grads_all_reduce_time_ms": 0.0022222222222222222,
    "optimizer_time_ms": -5.8119503087591795,
    "layer_compute_total_ms": [
      6.843305416825589,
      6.717954597358281,
      6.564626695762854,
      6.728849054424144,
      6.506529307646107,
      6.542961028268715,
      6.615704834176641,
      6.78802931927041,
      6.575251931078835,
      6.551594764459878,
      5.639866929818203,
      5.310963403543509,
      5.38298762290247,
      5.320919931465242,
      5.34098567974676,
      5.315053543502775,
      5.5241721654763545,
      5.199800348944134,
      5.185117568342118,
      5.1269639572840076,
      5.5769256384034325,
      5.329645999558529,
      4.848109652003687,
      4.448391722689848,
      4.903146417442864,
      4.585604458245345,
      4.669555832353782,
      4.925383402830144
    ]
  },
  "execution_memory": {
    "total_memory": 28070.94140625,
    "layer_memory_total_mb": [
      53.34114583333333,
      53.34114583333333,
      53.34114583333333,
      53.34114583333333,
      53.34114583333333,
      53.34114583333333,
      53.34114583333333,
      53.34114583333333,
      53.34114583333333,
      53.34114583333333,
      53.34114583333333,
      53.34114583333333,
      53.34114583333333,
      53.34114583333333,
      53.34114583333333,
      53.34114583333333,
      53.34114583333333,
      53.34114583333333,
      53.34114583333333,
      53.34114583333333,
      53.34114583333333,
      53.34114583333333,
      53.34114583333333,
      53.34114583333333,
      53.34114583333333,
      53.34114583333333,
      53.34114583333333,
      53.34114583333333
    ]
  }
}