{
  "model": {
    "model_name": "google-bert/bert-base-uncased",
    "num_layers": 12,
    "parameters": {
      "total_parameters_bytes": 433981440,
      "parameters_per_layer_bytes": [
        865165.9444613975,
        865165.9444613975,
        865165.9444613975,
        865165.9444613975,
        865165.9444613975,
        865165.9444613975,
        865165.9444613975,
        865165.9444613975,
        865165.9444613975,
        865165.9444613975,
        865165.9444613975,
        865165.9444613975
      ]
    }
  },
  "execution_time": {
    "total_time_ms": 73.19825795006068,
    "forward_backward_time_ms": 79.72410561112007,
    "batch_generator_time_ms": 8.940182606069223,
    "layernorm_grads_all_reduce_time_ms": 0.0006103143118706132,
    "embedding_grads_all_reduce_time_ms": 0.0012206286237412265,
    "optimizer_time_ms": 2.0674234164120193,
    "layer_compute_total_ms": [
      5.122527135462182,
      5.3942573008044805,
      5.806048924178265,
      5.082843484909625,
      5.14714832903009,
      4.974330454311786,
      4.987808986613,
      5.394101356850186,
      5.068783216594912,
      5.021976349806554,
      4.888125252203011,
      5.30087019387973
    ]
  },
  "execution_memory": {
    "total_memory": 5280.732421875,
    "layer_memory_total_mb": [
      13.201384650595054,
      13.201384650595054,
      13.201384650595054,
      13.201384650595054,
      13.201384650595054,
      13.201384650595054,
      13.201384650595054,
      13.201384650595054,
      13.201384650595054,
      13.201384650595054,
      13.201384650595054,
      13.201384650595054
    ]
  }
}