{
  "model": {
    "model_name": "Qwen/Qwen3-0.6B",
    "num_layers": 28,
    "parameters": {
      "total_parameters_bytes": 3006529536,
      "parameters_per_layer_bytes": [
        3304820.168067227,
        3304820.168067227,
        3304820.168067227,
        3304820.168067227,
        3304820.168067227,
        3304820.168067227,
        3304820.168067227,
        3304820.168067227,
        3304820.168067227,
        3304820.168067227,
        3304820.168067227,
        3304820.168067227,
        3304820.168067227,
        3304820.168067227,
        3304820.168067227,
        3304820.168067227,
        3304820.168067227,
        3304820.168067227,
        3304820.168067227,
        3304820.168067227,
        3304820.168067227,
        3304820.168067227,
        3304820.168067227,
        3304820.168067227,
        3304820.168067227,
        3304820.168067227,
        3304820.168067227,
        3304820.168067227
      ]
    }
  },
  "execution_time": {
    "total_time_ms": 602.0262767600523,
    "forward_backward_time_ms": 691.048178043649,
    "batch_generator_time_ms": 1.0390115561630937,
    "layernorm_grads_all_reduce_time_ms": 0.0010504201680672268,
    "embedding_grads_all_reduce_time_ms": 0.0021008403361344537,
    "optimizer_time_ms": 62.90482443354965,
    "layer_compute_total_ms": [
      19.745561870067142,
      19.54318277363322,
      19.206398803912673,
      19.288642870531536,
      19.366303192381405,
      19.229412486647334,
      19.219480698268878,
      19.420440940168284,
      19.42110404434825,
      19.7645440134731,
      19.926744813392745,
      19.518874973180253,
      19.684750196658968,
      19.96816729330908,
      19.350400630135468,
      19.42538362657485,
      19.74202171544018,
      19.210693814685108,
      19.101932272914222,
      19.457018422580397,
      19.00916956531416,
      18.624495929665912,
      18.265102035537197,
      18.06554686130262,
      18.269839522360577,
      18.10105309881952,
      18.915052258598124,
      19.23797078593414
    ]
  },
  "execution_memory": {
    "total_memory": 28070.94140625,
    "layer_memory_total_mb": [
      50.42755383403362,
      50.42755383403362,
      50.42755383403362,
      50.42755383403362,
      50.42755383403362,
      50.42755383403362,
      50.42755383403362,
      50.42755383403362,
      50.42755383403362,
      50.42755383403362,
      50.42755383403362,
      50.42755383403362,
      50.42755383403362,
      50.42755383403362,
      50.42755383403362,
      50.42755383403362,
      50.42755383403362,
      50.42755383403362,
      50.42755383403362,
      50.42755383403362,
      50.42755383403362,
      50.42755383403362,
      50.42755383403362,
      50.42755383403362,
      50.42755383403362,
      50.42755383403362,
      50.42755383403362,
      50.42755383403362
    ]
  }
}