{
  "model": {
    "model_name": "google-bert/bert-base-uncased",
    "num_layers": 12,
    "parameters": {
      "total_parameters_bytes": 433981440,
      "parameters_per_layer_bytes": [
        1187953.5513170257,
        1187953.5513170257,
        1187953.5513170257,
        1187953.5513170257,
        1187953.5513170257,
        1187953.5513170257,
        1187953.5513170257,
        1187953.5513170257,
        1187953.5513170257,
        1187953.5513170257,
        1187953.5513170257,
        1187953.5513170257
      ]
    }
  },
  "execution_time": {
    "total_time_ms": 64.56187597477788,
    "forward_backward_time_ms": 83.71947991339493,
    "batch_generator_time_ms": 7.271077819288919,
    "layernorm_grads_all_reduce_time_ms": 0.0008380184851793499,
    "embedding_grads_all_reduce_time_ms": 0.0016760369703586997,
    "optimizer_time_ms": -2.524129376871902,
    "layer_compute_total_ms": [
      4.680634695507617,
      4.994862621862954,
      4.911889081093455,
      5.01352737826218,
      4.879251686228066,
      4.587842322737224,
      5.1037075316735,
      5.1298895022169475,
      5.085078380965533,
      5.15095761259405,
      5.12020868091187,
      5.154563982851917
    ]
  },
  "execution_memory": {
    "total_memory": 5280.732421875,
    "layer_memory_total_mb": [
      18.126732655594264,
      18.126732655594264,
      18.126732655594264,
      18.126732655594264,
      18.126732655594264,
      18.126732655594264,
      18.126732655594264,
      18.126732655594264,
      18.126732655594264,
      18.126732655594264,
      18.126732655594264,
      18.126732655594264
    ]
  }
}