{
  "model": {
    "model_name": "Qwen/Qwen3-0.6B",
    "num_layers": 28,
    "parameters": {
      "total_parameters_bytes": 3006529536,
      "parameters_per_layer_bytes": [
        1613430.1538461538,
        1613430.1538461538,
        1613430.1538461538,
        1613430.1538461538,
        1613430.1538461538,
        1613430.1538461538,
        1613430.1538461538,
        1613430.1538461538,
        1613430.1538461538,
        1613430.1538461538,
        1613430.1538461538,
        1613430.1538461538,
        1613430.1538461538,
        1613430.1538461538,
        1613430.1538461538,
        1613430.1538461538,
        1613430.1538461538,
        1613430.1538461538,
        1613430.1538461538,
        1613430.1538461538,
        1613430.1538461538,
        1613430.1538461538,
        1613430.1538461538,
        1613430.1538461538,
        1613430.1538461538,
        1613430.1538461538,
        1613430.1538461538,
        1613430.1538461538
      ]
    }
  },
  "execution_time": {
    "total_time_ms": 168.9934077186104,
    "forward_backward_time_ms": 183.3923465534617,
    "batch_generator_time_ms": 0.24517074388523513,
    "layernorm_grads_all_reduce_time_ms": 0.0005128205128205128,
    "embedding_grads_all_reduce_time_ms": 0.0010256410256410256,
    "optimizer_time_ms": 15.014501811057354,
    "layer_compute_total_ms": [
      5.729574422823647,
      5.781766243252115,
      5.802282815028985,
      5.7682345124283945,
      5.684773115297922,
      5.763101031054528,
      5.7579292878448864,
      5.794438321176224,
      5.7329014227247965,
      5.703977731546052,
      5.685392391079893,
      5.805342409682149,
      5.505666827024796,
      5.43884373044607,
      5.637985391121429,
      5.324272102324101,
      5.4405482559769345,
      5.365648781895661,
      5.272730397290359,
      5.228488185541489,
      5.118228089906132,
      5.152956627754088,
      5.187103281152816,
      5.209956096130041,
      5.284954346000002,
      5.084993294962586,
      5.12803170512108,
      5.342075885542167
    ]
  },
  "execution_memory": {
    "total_memory": 28070.94140625,
    "layer_memory_total_mb": [
      24.618990384615383,
      24.618990384615383,
      24.618990384615383,
      24.618990384615383,
      24.618990384615383,
      24.618990384615383,
      24.618990384615383,
      24.618990384615383,
      24.618990384615383,
      24.618990384615383,
      24.618990384615383,
      24.618990384615383,
      24.618990384615383,
      24.618990384615383,
      24.618990384615383,
      24.618990384615383,
      24.618990384615383,
      24.618990384615383,
      24.618990384615383,
      24.618990384615383,
      24.618990384615383,
      24.618990384615383,
      24.618990384615383,
      24.618990384615383,
      24.618990384615383,
      24.618990384615383,
      24.618990384615383,
      24.618990384615383
    ]
  }
}