{
  "model": {
    "model_name": "google-bert/bert-base-uncased",
    "num_layers": 12,
    "parameters": {
      "total_parameters_bytes": 433981440,
      "parameters_per_layer_bytes": [
        715946.6666666666,
        715946.6666666666,
        715946.6666666666,
        715946.6666666666,
        715946.6666666666,
        715946.6666666666,
        715946.6666666666,
        715946.6666666666,
        715946.6666666666,
        715946.6666666666,
        715946.6666666666,
        715946.6666666666
      ]
    }
  },
  "execution_time": {
    "total_time_ms": 29.155342929174587,
    "forward_backward_time_ms": 32.97829257449142,
    "batch_generator_time_ms": 3.4804075513613606,
    "layernorm_grads_all_reduce_time_ms": 0.000505050505050505,
    "embedding_grads_all_reduce_time_ms": 0.00101010101010101,
    "optimizer_time_ms": -0.04885292972586203,
    "layer_compute_total_ms": [
      2.2198217552751442,
      2.2591860224657476,
      2.164869980664331,
      2.091861609766387,
      2.0709800380493766,
      2.086227291558794,
      2.1114501008685123,
      2.089024425794093,
      2.123824507189148,
      2.166015075650795,
      2.133548984391088,
      2.20546336435052
    ]
  },
  "execution_memory": {
    "total_memory": 5280.732421875,
    "layer_memory_total_mb": [
      10.924479166666666,
      10.924479166666666,
      10.924479166666666,
      10.924479166666666,
      10.924479166666666,
      10.924479166666666,
      10.924479166666666,
      10.924479166666666,
      10.924479166666666,
      10.924479166666666,
      10.924479166666666,
      10.924479166666666
    ]
  }
}