{
  "model": {
    "model_name": "Qwen/Qwen3-0.6B",
    "num_layers": 28,
    "parameters": {
      "total_parameters_bytes": 3006529536,
      "parameters_per_layer_bytes": [
        27537757.549234137,
        27537757.549234137,
        27537757.549234137,
        27537757.549234137,
        27537757.549234137,
        27537757.549234137,
        27537757.549234137,
        27537757.549234137,
        27537757.549234137,
        27537757.549234137,
        27537757.549234137,
        27537757.549234137,
        27537757.549234137,
        27537757.549234137,
        27537757.549234137,
        27537757.549234137,
        27537757.549234137,
        27537757.549234137,
        27537757.549234137,
        27537757.549234137,
        27537757.549234137,
        27537757.549234137,
        27537757.549234137,
        27537757.549234137,
        27537757.549234137,
        27537757.549234137,
        27537757.549234137,
        27537757.549234137
      ]
    }
  },
  "execution_time": {
    "total_time_ms": 3442.4401131276186,
    "forward_backward_time_ms": 3831.363123355168,
    "batch_generator_time_ms": 10.122977672511594,
    "layernorm_grads_all_reduce_time_ms": 0.0087527352297593,
    "embedding_grads_all_reduce_time_ms": 0.0175054704595186,
    "optimizer_time_ms": 449.2231948745195,
    "layer_compute_total_ms": [
      111.48739693580904,
      109.36002429045891,
      109.97895481581016,
      108.8348571139773,
      109.4863762618226,
      108.76028851187672,
      111.688416408165,
      108.63383818293985,
      111.69712734701625,
      108.0642958389212,
      111.72553785672591,
      108.57744507261815,
      106.74067003169979,
      105.70455349854925,
      105.4832981424294,
      111.29240951889564,
      108.18483380749068,
      108.25756969617137,
      105.42701827593991,
      103.82603335930992,
      103.18364813659927,
      107.37174278019705,
      102.17463905761055,
      97.9699679516374,
      96.17349737261664,
      98.22795306142883,
      98.69635152578032,
      106.05893752240134
    ]
  },
  "execution_memory": {
    "total_memory": 28070.94140625,
    "layer_memory_total_mb": [
      420.19283369803065,
      420.19283369803065,
      420.19283369803065,
      420.19283369803065,
      420.19283369803065,
      420.19283369803065,
      420.19283369803065,
      420.19283369803065,
      420.19283369803065,
      420.19283369803065,
      420.19283369803065,
      420.19283369803065,
      420.19283369803065,
      420.19283369803065,
      420.19283369803065,
      420.19283369803065,
      420.19283369803065,
      420.19283369803065,
      420.19283369803065,
      420.19283369803065,
      420.19283369803065,
      420.19283369803065,
      420.19283369803065,
      420.19283369803065,
      420.19283369803065,
      420.19283369803065,
      420.19283369803065,
      420.19283369803065
    ]
  }
}