{
  "model": {
    "model_name": "google-bert/bert-base-uncased",
    "num_layers": 12,
    "parameters": {
      "total_parameters_bytes": 433981440,
      "parameters_per_layer_bytes": [
        726961.2307692308,
        726961.2307692308,
        726961.2307692308,
        726961.2307692308,
        726961.2307692308,
        726961.2307692308,
        726961.2307692308,
        726961.2307692308,
        726961.2307692308,
        726961.2307692308,
        726961.2307692308,
        726961.2307692308
      ]
    }
  },
  "execution_time": {
    "total_time_ms": 15.739930243655227,
    "forward_backward_time_ms": 13.692949785892777,
    "batch_generator_time_ms": 0.6678310515454564,
    "layernorm_grads_all_reduce_time_ms": 0.0005128205128205128,
    "embedding_grads_all_reduce_time_ms": 0.0010256410256410256,
    "optimizer_time_ms": 3.592179601380649,
    "layer_compute_total_ms": [
      0.9348737049806051,
      0.9259460766304236,
      0.9520110899570565,
      0.9673447572053051,
      0.9469433339873854,
      0.9587815252299874,
      0.9536961349509417,
      0.9204294806411967,
      1.0009808850158244,
      0.9161237946663721,
      0.9795906666206577,
      1.0216596793049038
    ]
  },
  "execution_memory": {
    "total_memory": 5280.732421875,
    "layer_memory_total_mb": [
      11.092548076923077,
      11.092548076923077,
      11.092548076923077,
      11.092548076923077,
      11.092548076923077,
      11.092548076923077,
      11.092548076923077,
      11.092548076923077,
      11.092548076923077,
      11.092548076923077,
      11.092548076923077,
      11.092548076923077
    ]
  }
}