{
  "model": {
    "model_name": "google-bert/bert-base-uncased",
    "num_layers": 12,
    "parameters": {
      "total_parameters_bytes": 433981440,
      "parameters_per_layer_bytes": [
        315016.5333333333,
        315016.5333333333,
        315016.5333333333,
        315016.5333333333,
        315016.5333333333,
        315016.5333333333,
        315016.5333333333,
        315016.5333333333,
        315016.5333333333,
        315016.5333333333,
        315016.5333333333,
        315016.5333333333
      ]
    }
  },
  "execution_time": {
    "total_time_ms": 22.917904966743663,
    "forward_backward_time_ms": 26.573650817173725,
    "batch_generator_time_ms": 3.7420814559381044,
    "layernorm_grads_all_reduce_time_ms": 0.00022222222222222223,
    "embedding_grads_all_reduce_time_ms": 0.00044444444444444447,
    "optimizer_time_ms": -1.2955679753219917,
    "layer_compute_total_ms": [
      1.6536478110032882,
      1.7329506029555988,
      1.7296854637808996,
      1.7583292721408523,
      1.7490316832360502,
      1.7358784919552919,
      1.7448401279074865,
      1.667842066833853,
      1.6403813356494843,
      1.6636356890861257,
      1.665329155609167,
      1.7291731193027873
    ]
  },
  "execution_memory": {
    "total_memory": 5280.732421875,
    "layer_memory_total_mb": [
      4.806770833333333,
      4.806770833333333,
      4.806770833333333,
      4.806770833333333,
      4.806770833333333,
      4.806770833333333,
      4.806770833333333,
      4.806770833333333,
      4.806770833333333,
      4.806770833333333,
      4.806770833333333,
      4.806770833333333
    ]
  }
}