{
  "model": {
    "model_name": "Qwen/Qwen3-1.7B",
    "num_layers": 28,
    "parameters": {
      "total_parameters_bytes": 8126959616,
      "parameters_per_layer_bytes": [
        4806722.689075631,
        4806722.689075631,
        4806722.689075631,
        4806722.689075631,
        4806722.689075631,
        4806722.689075631,
        4806722.689075631,
        4806722.689075631,
        4806722.689075631,
        4806722.689075631,
        4806722.689075631,
        4806722.689075631,
        4806722.689075631,
        4806722.689075631,
        4806722.689075631,
        4806722.689075631,
        4806722.689075631,
        4806722.689075631,
        4806722.689075631,
        4806722.689075631,
        4806722.689075631,
        4806722.689075631,
        4806722.689075631,
        4806722.689075631,
        4806722.689075631,
        4806722.689075631,
        4806722.689075631,
        4806722.689075631
      ]
    }
  },
  "execution_time": {
    "total_time_ms": 164.3195966025648,
    "forward_backward_time_ms": 193.95369713863835,
    "batch_generator_time_ms": 1.33323121122097,
    "layernorm_grads_all_reduce_time_ms": 0.0004774637127578305,
    "embedding_grads_all_reduce_time_ms": 0.000954927425515661,
    "optimizer_time_ms": 11.96439511294349,
    "layer_compute_total_ms": [
      6.894872528910732,
      5.870910988625638,
      6.151627124814637,
      6.1940868457106415,
      6.288077229488142,
      6.222946476145148,
      6.396696136226305,
      6.249327682449439,
      5.946720486811954,
      6.063062715210797,
      5.384129535553926,
      5.236283995874488,
      5.318459785704732,
      4.961841673296715,
      5.016874003685223,
      4.991272184314669,
      4.744217413159281,
      5.004420055459255,
      4.696914276890748,
      4.802045484751564,
      4.827780384596863,
      5.1455945557213605,
      4.817187207641432,
      4.596006379589533,
      4.540261917976141,
      4.556395513276205,
      4.8075507246193085,
      5.2949745807571675
    ]
  },
  "execution_memory": {
    "total_memory": 88397.4453125,
    "layer_memory_total_mb": [
      73.34476759453783,
      73.34476759453783,
      73.34476759453783,
      73.34476759453783,
      73.34476759453783,
      73.34476759453783,
      73.34476759453783,
      73.34476759453783,
      73.34476759453783,
      73.34476759453783,
      73.34476759453783,
      73.34476759453783,
      73.34476759453783,
      73.34476759453783,
      73.34476759453783,
      73.34476759453783,
      73.34476759453783,
      73.34476759453783,
      73.34476759453783,
      73.34476759453783,
      73.34476759453783,
      73.34476759453783,
      73.34476759453783,
      73.34476759453783,
      73.34476759453783,
      73.34476759453783,
      73.34476759453783,
      73.34476759453783
    ]
  }
}