{
  "model": {
    "model_name": "Qwen/Qwen3-0.6B",
    "num_layers": 28,
    "parameters": {
      "total_parameters_bytes": 3006529536,
      "parameters_per_layer_bytes": [
        62923776,
        62923776,
        62923776,
        62923776,
        62923776,
        62923776,
        62923776,
        62923776,
        62923776,
        62923776,
        62923776,
        62923776,
        62923776,
        62923776,
        62923776,
        62923776,
        62923776,
        62923776,
        62923776,
        62923776,
        62923776,
        62923776,
        62923776,
        62923776,
        62923776,
        62923776,
        62923776,
        62923776
      ]
    }
  },
  "execution_time": {
    "total_time_ms": 8186.144354505814,
    "forward_backward_time_ms": 7270.436995233467,
    "batch_generator_time_ms": 14.62981998338364,
    "layernorm_grads_all_reduce_time_ms": 0.02,
    "embedding_grads_all_reduce_time_ms": 0.04,
    "optimizer_time_ms": 901.0175392889628,
    "layer_compute_total_ms": [
      287.8708467396791,
      290.4831155174179,
      285.3384592526709,
      277.4972970073577,
      279.97763775783824,
      268.50863825529814,
      275.3607307531638,
      275.7074567343807,
      269.84655200794805,
      270.9122610031045,
      263.16686323843896,
      257.55309575470164,
      258.5611800022889,
      263.0493114993442,
      241.34196725208312,
      246.0448939964408,
      244.27811624627793,
      258.8777639903128,
      242.87275649112416,
      243.97212475014385,
      238.0162237386685,
      243.2895189995179,
      249.39332174835727,
      242.33432774053654,
      239.28234748746036,
      248.29890749970218,
      257.18985251296544,
      251.41142725624377
    ]
  },
  "execution_memory": {
    "total_memory": 28070.94140625,
    "layer_memory_total_mb": [
      960.140625,
      960.140625,
      960.140625,
      960.140625,
      960.140625,
      960.140625,
      960.140625,
      960.140625,
      960.140625,
      960.140625,
      960.140625,
      960.140625,
      960.140625,
      960.140625,
      960.140625,
      960.140625,
      960.140625,
      960.140625,
      960.140625,
      960.140625,
      960.140625,
      960.140625,
      960.140625,
      960.140625,
      960.140625,
      960.140625,
      960.140625,
      960.140625
    ]
  }
}