{
  "model": {
    "model_name": "Qwen/Qwen3-0.6B",
    "num_layers": 28,
    "parameters": {
      "total_parameters_bytes": 3006529536,
      "parameters_per_layer_bytes": [
        3855623.5294117643,
        3855623.5294117643,
        3855623.5294117643,
        3855623.5294117643,
        3855623.5294117643,
        3855623.5294117643,
        3855623.5294117643,
        3855623.5294117643,
        3855623.5294117643,
        3855623.5294117643,
        3855623.5294117643,
        3855623.5294117643,
        3855623.5294117643,
        3855623.5294117643,
        3855623.5294117643,
        3855623.5294117643,
        3855623.5294117643,
        3855623.5294117643,
        3855623.5294117643,
        3855623.5294117643,
        3855623.5294117643,
        3855623.5294117643,
        3855623.5294117643,
        3855623.5294117643,
        3855623.5294117643,
        3855623.5294117643,
        3855623.5294117643,
        3855623.5294117643
      ]
    }
  },
  "execution_time": {
    "total_time_ms": 656.6604762566367,
    "forward_backward_time_ms": 676.2885809940059,
    "batch_generator_time_ms": 0.6668143374982345,
    "layernorm_grads_all_reduce_time_ms": 0.0012254901960784314,
    "embedding_grads_all_reduce_time_ms": 0.0024509803921568627,
    "optimizer_time_ms": 89.99736735484319,
    "layer_compute_total_ms": [
      21.110737408854025,
      21.6620987902941,
      20.95013137299176,
      21.264469483760287,
      21.547104870478506,
      21.184546492840322,
      21.493657078619933,
      21.497498744115457,
      20.895301746599678,
      20.845647900297955,
      21.10725828756318,
      20.99018146438146,
      20.150256633831873,
      20.34826769280092,
      20.087152037661983,
      19.968716697785922,
      20.191521708493738,
      19.72387671605033,
      20.307301776804653,
      19.686141758582238,
      19.164323956312156,
      19.20049809960605,
      19.11875929805569,
      18.986961074416268,
      18.566596109653176,
      18.658849677533496,
      18.250964508386495,
      19.03379670693539
    ]
  },
  "execution_memory": {
    "total_memory": 28070.94140625,
    "layer_memory_total_mb": [
      58.83214613970588,
      58.83214613970588,
      58.83214613970588,
      58.83214613970588,
      58.83214613970588,
      58.83214613970588,
      58.83214613970588,
      58.83214613970588,
      58.83214613970588,
      58.83214613970588,
      58.83214613970588,
      58.83214613970588,
      58.83214613970588,
      58.83214613970588,
      58.83214613970588,
      58.83214613970588,
      58.83214613970588,
      58.83214613970588,
      58.83214613970588,
      58.83214613970588,
      58.83214613970588,
      58.83214613970588,
      58.83214613970588,
      58.83214613970588,
      58.83214613970588,
      58.83214613970588,
      58.83214613970588,
      58.83214613970588
    ]
  }
}