{
  "model": {
    "model_name": "Qwen/Qwen3-0.6B",
    "num_layers": 28,
    "parameters": {
      "total_parameters_bytes": 3006529536,
      "parameters_per_layer_bytes": [
        62923776,
        62923776,
        62923776,
        62923776,
        62923776,
        62923776,
        62923776,
        62923776,
        62923776,
        62923776,
        62923776,
        62923776,
        62923776,
        62923776,
        62923776,
        62923776,
        62923776,
        62923776,
        62923776,
        62923776,
        62923776,
        62923776,
        62923776,
        62923776,
        62923776,
        62923776,
        62923776,
        62923776
      ]
    }
  },
  "execution_time": {
    "total_time_ms": 5967.676426007529,
    "forward_backward_time_ms": 4939.382280666905,
    "batch_generator_time_ms": 10.207860002992675,
    "layernorm_grads_all_reduce_time_ms": 0.02,
    "embedding_grads_all_reduce_time_ms": 0.04,
    "optimizer_time_ms": 1018.0262853376312,
    "layer_compute_total_ms": [
      180.75276022864273,
      179.68757374183042,
      175.6983004961512,
      176.35650574811734,
      178.65338124101982,
      180.95978849305538,
      178.70474550727522,
      187.07621924113482,
      179.72481875040103,
      183.4796905022813,
      176.63145325059304,
      172.91089101490797,
      171.77218649885617,
      167.43786899314728,
      178.76480951235862,
      168.75207174598472,
      178.14687875215895,
      177.4826629916788,
      172.3360257456079,
      174.26636525487993,
      174.44749549031258,
      178.42378699424444,
      170.99177173804492,
      172.6887642435031,
      172.10573500051396,
      175.48538299888605,
      174.79807549534598,
      180.84627099597128
    ]
  },
  "execution_memory": {
    "total_memory": 28070.94140625,
    "layer_memory_total_mb": [
      960.140625,
      960.140625,
      960.140625,
      960.140625,
      960.140625,
      960.140625,
      960.140625,
      960.140625,
      960.140625,
      960.140625,
      960.140625,
      960.140625,
      960.140625,
      960.140625,
      960.140625,
      960.140625,
      960.140625,
      960.140625,
      960.140625,
      960.140625,
      960.140625,
      960.140625,
      960.140625,
      960.140625,
      960.140625,
      960.140625,
      960.140625,
      960.140625
    ]
  }
}