{
  "model": {
    "model_name": "Qwen/Qwen3-0.6B",
    "num_layers": 28,
    "parameters": {
      "total_parameters_bytes": 3006529536,
      "parameters_per_layer_bytes": [
        62923776,
        62923776,
        62923776,
        62923776,
        62923776,
        62923776,
        62923776,
        62923776,
        62923776,
        62923776,
        62923776,
        62923776,
        62923776,
        62923776,
        62923776,
        62923776,
        62923776,
        62923776,
        62923776,
        62923776,
        62923776,
        62923776,
        62923776,
        62923776,
        62923776,
        62923776,
        62923776,
        62923776
      ]
    }
  },
  "execution_time": {
    "total_time_ms": 7489.136412492371,
    "forward_backward_time_ms": 6458.919019278255,
    "batch_generator_time_ms": 17.5610079895705,
    "layernorm_grads_all_reduce_time_ms": 0.02,
    "embedding_grads_all_reduce_time_ms": 0.04,
    "optimizer_time_ms": 1012.5963852245454,
    "layer_compute_total_ms": [
      245.90587574493838,
      240.81075874710223,
      248.92177100264234,
      257.28620225709165,
      252.89165625872556,
      250.3141539855278,
      252.0966665033484,
      245.52618049347075,
      251.92946401512017,
      266.6392555111088,
      223.30808574770344,
      227.98181825055508,
      230.52871999971103,
      228.76691324927378,
      225.36620675964514,
      225.65947949624388,
      242.03614724683575,
      223.62904049805366,
      227.1630455070408,
      223.58122025616467,
      225.93108649743954,
      230.77015951275826,
      205.74710223445436,
      198.18330950511154,
      202.21998476336012,
      196.40534723293968,
      200.2564735012129,
      209.0628945006756
    ]
  },
  "execution_memory": {
    "total_memory": 28070.94140625,
    "layer_memory_total_mb": [
      960.140625,
      960.140625,
      960.140625,
      960.140625,
      960.140625,
      960.140625,
      960.140625,
      960.140625,
      960.140625,
      960.140625,
      960.140625,
      960.140625,
      960.140625,
      960.140625,
      960.140625,
      960.140625,
      960.140625,
      960.140625,
      960.140625,
      960.140625,
      960.140625,
      960.140625,
      960.140625,
      960.140625,
      960.140625,
      960.140625,
      960.140625,
      960.140625
    ]
  }
}