{
  "model": {
    "model_name": "Qwen/Qwen3-0.6B",
    "num_layers": 28,
    "parameters": {
      "total_parameters_bytes": 3006529536,
      "parameters_per_layer_bytes": [
        62923776,
        62923776,
        62923776,
        62923776,
        62923776,
        62923776,
        62923776,
        62923776,
        62923776,
        62923776,
        62923776,
        62923776,
        62923776,
        62923776,
        62923776,
        62923776,
        62923776,
        62923776,
        62923776,
        62923776,
        62923776,
        62923776,
        62923776,
        62923776,
        62923776,
        62923776,
        62923776,
        62923776
      ]
    }
  },
  "execution_time": {
    "total_time_ms": 6056.308651997824,
    "forward_backward_time_ms": 6008.786627477093,
    "batch_generator_time_ms": 14.770960988244042,
    "layernorm_grads_all_reduce_time_ms": 0.02,
    "embedding_grads_all_reduce_time_ms": 0.04,
    "optimizer_time_ms": 32.69106353248702,
    "layer_compute_total_ms": [
      230.0851327527198,
      226.02888125402387,
      226.27296624705195,
      225.20075074135093,
      225.80554799787933,
      228.01707725739107,
      225.3492920062854,
      220.36318873870187,
      206.57013324671425,
      198.81279200490098,
      229.62566625210457,
      234.1349299895228,
      228.93930275313323,
      231.1929020070238,
      233.14095723617356,
      229.98429849394597,
      220.74521524336888,
      207.79963200038765,
      201.41664325637976,
      213.9249662432121,
      197.79583098716103,
      207.6798997586593,
      205.27199648495298,
      194.13895901379874,
      188.4151032572845,
      182.76753949612612,
      188.7956127684447,
      200.511409988394
    ]
  },
  "execution_memory": {
    "total_memory": 28070.94140625,
    "layer_memory_total_mb": [
      960.140625,
      960.140625,
      960.140625,
      960.140625,
      960.140625,
      960.140625,
      960.140625,
      960.140625,
      960.140625,
      960.140625,
      960.140625,
      960.140625,
      960.140625,
      960.140625,
      960.140625,
      960.140625,
      960.140625,
      960.140625,
      960.140625,
      960.140625,
      960.140625,
      960.140625,
      960.140625,
      960.140625,
      960.140625,
      960.140625,
      960.140625,
      960.140625
    ]
  }
}