{
  "model": {
    "model_name": "Qwen/Qwen3-1.7B",
    "num_layers": 28,
    "parameters": {
      "total_parameters_bytes": 8126959616,
      "parameters_per_layer_bytes": [
        5235316.754552923,
        5235316.754552923,
        5235316.754552923,
        5235316.754552923,
        5235316.754552923,
        5235316.754552923,
        5235316.754552923,
        5235316.754552923,
        5235316.754552923,
        5235316.754552923,
        5235316.754552923,
        5235316.754552923,
        5235316.754552923,
        5235316.754552923,
        5235316.754552923,
        5235316.754552923,
        5235316.754552923,
        5235316.754552923,
        5235316.754552923,
        5235316.754552923,
        5235316.754552923,
        5235316.754552923,
        5235316.754552923,
        5235316.754552923,
        5235316.754552923,
        5235316.754552923,
        5235316.754552923,
        5235316.754552923
      ]
    }
  },
  "execution_time": {
    "total_time_ms": 750.7983570078535,
    "forward_backward_time_ms": 924.7474919167151,
    "batch_generator_time_ms": 0.44776084996209,
    "layernorm_grads_all_reduce_time_ms": 0.0005200370266362965,
    "embedding_grads_all_reduce_time_ms": 0.001040074053272593,
    "optimizer_time_ms": 89.67389323092785,
    "layer_compute_total_ms": [
      25.865981140847364,
      25.805285584406132,
      25.654438469946584,
      25.440187700743905,
      25.378706057551845,
      25.33213720904909,
      25.00436389065509,
      24.693482597009908,
      24.820952727187326,
      24.01673165224088,
      23.615720153890116,
      23.434572717787788,
      23.28930513268268,
      23.718638296235838,
      23.057413284089918,
      22.785952973966623,
      23.100279162283837,
      22.639610589687912,
      22.38850757154571,
      22.265041466749036,
      22.412792916534535,
      22.30767419298178,
      22.686036544594558,
      22.350929059866004,
      22.124881022778094,
      22.163903879054732,
      22.074477453943654,
      22.24713936757276
    ]
  },
  "execution_memory": {
    "total_memory": 88397.4453125,
    "layer_memory_total_mb": [
      79.88459403309514,
      79.88459403309514,
      79.88459403309514,
      79.88459403309514,
      79.88459403309514,
      79.88459403309514,
      79.88459403309514,
      79.88459403309514,
      79.88459403309514,
      79.88459403309514,
      79.88459403309514,
      79.88459403309514,
      79.88459403309514,
      79.88459403309514,
      79.88459403309514,
      79.88459403309514,
      79.88459403309514,
      79.88459403309514,
      79.88459403309514,
      79.88459403309514,
      79.88459403309514,
      79.88459403309514,
      79.88459403309514,
      79.88459403309514,
      79.88459403309514,
      79.88459403309514,
      79.88459403309514,
      79.88459403309514
    ]
  }
}