{
  "model": {
    "model_name": "google-bert/bert-base-uncased",
    "num_layers": 12,
    "parameters": {
      "total_parameters_bytes": 433981440,
      "parameters_per_layer_bytes": [
        659974.1951761255,
        659974.1951761255,
        659974.1951761255,
        659974.1951761255,
        659974.1951761255,
        659974.1951761255,
        659974.1951761255,
        659974.1951761255,
        659974.1951761255,
        659974.1951761255,
        659974.1951761255,
        659974.1951761255
      ]
    }
  },
  "execution_time": {
    "total_time_ms": 21.568664746194194,
    "forward_backward_time_ms": 25.787328540720097,
    "batch_generator_time_ms": 3.108862098595652,
    "layernorm_grads_all_reduce_time_ms": 0.0004655658250996388,
    "embedding_grads_all_reduce_time_ms": 0.0009311316501992776,
    "optimizer_time_ms": 0.03494752995727469,
    "layer_compute_total_ms": [
      1.623285185057645,
      1.5398024352419082,
      1.5711256457259344,
      1.5598402364024526,
      1.580223308198017,
      1.613785302356167,
      1.5040193191685038,
      1.553481335206846,
      1.473177341225541,
      1.4438054680112815,
      1.483348906995367,
      1.477563936576307
    ]
  },
  "execution_memory": {
    "total_memory": 5280.732421875,
    "layer_memory_total_mb": [
      10.070407030885704,
      10.070407030885704,
      10.070407030885704,
      10.070407030885704,
      10.070407030885704,
      10.070407030885704,
      10.070407030885704,
      10.070407030885704,
      10.070407030885704,
      10.070407030885704,
      10.070407030885704,
      10.070407030885704
    ]
  }
}