{
  "model": {
    "model_name": "google-bert/bert-base-uncased",
    "num_layers": 12,
    "parameters": {
      "total_parameters_bytes": 433981440,
      "parameters_per_layer_bytes": [
        659974.1951761255,
        659974.1951761255,
        659974.1951761255,
        659974.1951761255,
        659974.1951761255,
        659974.1951761255,
        659974.1951761255,
        659974.1951761255,
        659974.1951761255,
        659974.1951761255,
        659974.1951761255,
        659974.1951761255
      ]
    }
  },
  "execution_time": {
    "total_time_ms": 17.17754914433845,
    "forward_backward_time_ms": 21.1048328826459,
    "batch_generator_time_ms": 1.8956294475438502,
    "layernorm_grads_all_reduce_time_ms": 0.0004655658250996388,
    "embedding_grads_all_reduce_time_ms": 0.0009311316501992776,
    "optimizer_time_ms": 0.20241940809245243,
    "layer_compute_total_ms": [
      1.3601100538712674,
      1.3008990375791216,
      1.3082464864458843,
      1.272038088131815,
      1.1950841774129446,
      1.2498622856515322,
      1.1983349149331146,
      1.2106024117462488,
      1.2255145373594607,
      1.2142750101955015,
      1.226890493352067,
      1.316246094547891
    ]
  },
  "execution_memory": {
    "total_memory": 5280.732421875,
    "layer_memory_total_mb": [
      10.070407030885704,
      10.070407030885704,
      10.070407030885704,
      10.070407030885704,
      10.070407030885704,
      10.070407030885704,
      10.070407030885704,
      10.070407030885704,
      10.070407030885704,
      10.070407030885704,
      10.070407030885704,
      10.070407030885704
    ]
  }
}