{
  "model": {
    "model_name": "google-bert/bert-base-uncased",
    "num_layers": 12,
    "parameters": {
      "total_parameters_bytes": 433981440,
      "parameters_per_layer_bytes": [
        1489048.7394957982,
        1489048.7394957982,
        1489048.7394957982,
        1489048.7394957982,
        1489048.7394957982,
        1489048.7394957982,
        1489048.7394957982,
        1489048.7394957982,
        1489048.7394957982,
        1489048.7394957982,
        1489048.7394957982,
        1489048.7394957982
      ]
    }
  },
  "execution_time": {
    "total_time_ms": 125.9825059361076,
    "forward_backward_time_ms": 137.46238361552875,
    "batch_generator_time_ms": 15.38706848744162,
    "layernorm_grads_all_reduce_time_ms": 0.0010504201680672268,
    "embedding_grads_all_reduce_time_ms": 0.0021008403361344537,
    "optimizer_time_ms": 3.5582702392763594,
    "layer_compute_total_ms": [
      8.816450327158389,
      9.284128768243846,
      9.992868867926564,
      8.748150262630695,
      8.858826194449373,
      8.561387026670022,
      8.584585109837608,
      9.283860371007385,
      8.723950945788618,
      8.64339101802315,
      8.413018094259069,
      9.123398962890692
    ]
  },
  "execution_memory": {
    "total_memory": 5280.732421875,
    "layer_memory_total_mb": [
      22.721080619747898,
      22.721080619747898,
      22.721080619747898,
      22.721080619747898,
      22.721080619747898,
      22.721080619747898,
      22.721080619747898,
      22.721080619747898,
      22.721080619747898,
      22.721080619747898,
      22.721080619747898,
      22.721080619747898
    ]
  }
}