{
  "model": {
    "model_name": "google-bert/bert-base-uncased",
    "num_layers": 12,
    "parameters": {
      "total_parameters_bytes": 433981440,
      "parameters_per_layer_bytes": [
        315016.5333333333,
        315016.5333333333,
        315016.5333333333,
        315016.5333333333,
        315016.5333333333,
        315016.5333333333,
        315016.5333333333,
        315016.5333333333,
        315016.5333333333,
        315016.5333333333,
        315016.5333333333,
        315016.5333333333
      ]
    }
  },
  "execution_time": {
    "total_time_ms": 26.652299033594318,
    "forward_backward_time_ms": 29.394376930717055,
    "batch_generator_time_ms": 3.2552198222320943,
    "layernorm_grads_all_reduce_time_ms": 0.00022222222222222223,
    "embedding_grads_all_reduce_time_ms": 0.00044444444444444447,
    "optimizer_time_ms": 0.7527718372869099,
    "layer_compute_total_ms": [
      1.8651690469899527,
      1.9641090194151427,
      2.1140469249480196,
      1.850719788894316,
      1.874133897136845,
      1.8112089887533027,
      1.816116672125645,
      1.9640522384886734,
      1.8456002889757253,
      1.8285573887017867,
      1.7798207168299187,
      1.93010573614932
    ]
  },
  "execution_memory": {
    "total_memory": 5280.732421875,
    "layer_memory_total_mb": [
      4.806770833333333,
      4.806770833333333,
      4.806770833333333,
      4.806770833333333,
      4.806770833333333,
      4.806770833333333,
      4.806770833333333,
      4.806770833333333,
      4.806770833333333,
      4.806770833333333,
      4.806770833333333,
      4.806770833333333
    ]
  }
}