{
  "model": {
    "model_name": "google-bert/bert-base-uncased",
    "num_layers": 12,
    "parameters": {
      "total_parameters_bytes": 433981440,
      "parameters_per_layer_bytes": [
        480647.74692299863,
        480647.74692299863,
        480647.74692299863,
        480647.74692299863,
        480647.74692299863,
        480647.74692299863,
        480647.74692299863,
        480647.74692299863,
        480647.74692299863,
        480647.74692299863,
        480647.74692299863,
        480647.74692299863
      ]
    }
  },
  "execution_time": {
    "total_time_ms": 34.96781349823567,
    "forward_backward_time_ms": 40.04092629339091,
    "batch_generator_time_ms": 5.709614671861616,
    "layernorm_grads_all_reduce_time_ms": 0.0003390635065947852,
    "embedding_grads_all_reduce_time_ms": 0.0006781270131895704,
    "optimizer_time_ms": -1.9767591933506126,
    "layer_compute_total_ms": [
      2.523112314622044,
      2.6441113868715265,
      2.6391294839501054,
      2.6828337994215015,
      2.6686476704852757,
      2.6485787182717297,
      2.662252254970226,
      2.544769708321411,
      2.502870515180781,
      2.5383516769699805,
      2.540935544109195,
      2.638347756031106
    ]
  },
  "execution_memory": {
    "total_memory": 5280.732421875,
    "layer_memory_total_mb": [
      7.3341025836639195,
      7.3341025836639195,
      7.3341025836639195,
      7.3341025836639195,
      7.3341025836639195,
      7.3341025836639195,
      7.3341025836639195,
      7.3341025836639195,
      7.3341025836639195,
      7.3341025836639195,
      7.3341025836639195,
      7.3341025836639195
    ]
  }
}