{
  "model": {
    "model_name": "Qwen/Qwen3-1.7B",
    "num_layers": 28,
    "parameters": {
      "total_parameters_bytes": 8126959616,
      "parameters_per_layer_bytes": [
        4026880.0,
        4026880.0,
        4026880.0,
        4026880.0,
        4026880.0,
        4026880.0,
        4026880.0,
        4026880.0,
        4026880.0,
        4026880.0,
        4026880.0,
        4026880.0,
        4026880.0,
        4026880.0,
        4026880.0,
        4026880.0,
        4026880.0,
        4026880.0,
        4026880.0,
        4026880.0,
        4026880.0,
        4026880.0,
        4026880.0,
        4026880.0,
        4026880.0,
        4026880.0,
        4026880.0,
        4026880.0
      ]
    }
  },
  "execution_time": {
    "total_time_ms": 372.83183485036716,
    "forward_backward_time_ms": 442.9996425370113,
    "batch_generator_time_ms": 0.18540162011049688,
    "layernorm_grads_all_reduce_time_ms": 0.0004,
    "embedding_grads_all_reduce_time_ms": 0.0008,
    "optimizer_time_ms": 31.38524453370944,
    "layer_compute_total_ms": [
      13.664903230092023,
      13.490537069737911,
      13.012850124796387,
      13.103145355416927,
      12.833331854490098,
      12.545253029966261,
      12.895005279569887,
      12.776906565122772,
      12.415222055569757,
      12.146257304702885,
      12.583900345198344,
      12.5920503702946,
      12.478662835201249,
      12.26409536524443,
      12.381919829931576,
      12.147364980191924,
      11.913869345153216,
      11.817373684607446,
      11.449162529024761,
      11.716559714695904,
      11.674156520457473,
      11.570359315373935,
      11.476062520523556,
      11.337981699907687,
      11.251792969706003,
      11.388956165756099,
      11.09686326526571,
      11.235445370548405
    ]
  },
  "execution_memory": {
    "total_memory": 88397.4453125,
    "layer_memory_total_mb": [
      61.4453125,
      61.4453125,
      61.4453125,
      61.4453125,
      61.4453125,
      61.4453125,
      61.4453125,
      61.4453125,
      61.4453125,
      61.4453125,
      61.4453125,
      61.4453125,
      61.4453125,
      61.4453125,
      61.4453125,
      61.4453125,
      61.4453125,
      61.4453125,
      61.4453125,
      61.4453125,
      61.4453125,
      61.4453125,
      61.4453125,
      61.4453125,
      61.4453125,
      61.4453125,
      61.4453125,
      61.4453125
    ]
  }
}