{
  "model": {
    "model_name": "Qwen/Qwen3-0.6B",
    "num_layers": 28,
    "parameters": {
      "total_parameters_bytes": 3006529536,
      "parameters_per_layer_bytes": [
        62923776,
        62923776,
        62923776,
        62923776,
        62923776,
        62923776,
        62923776,
        62923776,
        62923776,
        62923776,
        62923776,
        62923776,
        62923776,
        62923776,
        62923776,
        62923776,
        62923776,
        62923776,
        62923776,
        62923776,
        62923776,
        62923776,
        62923776,
        62923776,
        62923776,
        62923776,
        62923776,
        62923776
      ]
    }
  },
  "execution_time": {
    "total_time_ms": 4788.555771505344,
    "forward_backward_time_ms": 3936.720160570985,
    "batch_generator_time_ms": 9.44460098980926,
    "layernorm_grads_all_reduce_time_ms": 0.02,
    "embedding_grads_all_reduce_time_ms": 0.04,
    "optimizer_time_ms": 842.3310099445494,
    "layer_compute_total_ms": [
      167.61543601023732,
      165.52954299550038,
      162.61232601391384,
      138.23255749593955,
      146.00304151099408,
      150.02885076683015,
      144.37593275943073,
      145.16609724523732,
      143.87060873559676,
      146.11443450121442,
      152.34266999323154,
      153.51753449067473,
      148.48183025605977,
      134.23891625279794,
      122.34948925470235,
      123.34088175703073,
      123.20963374804705,
      125.1182220003102,
      131.0370264982339,
      129.58959300885908,
      141.7478315124754,
      134.58018151141005,
      140.2928147581406,
      137.03312248981092,
      127.24978874757653,
      128.39537025865866,
      130.2951649922761,
      144.3512610057951
    ]
  },
  "execution_memory": {
    "total_memory": 28070.94140625,
    "layer_memory_total_mb": [
      960.140625,
      960.140625,
      960.140625,
      960.140625,
      960.140625,
      960.140625,
      960.140625,
      960.140625,
      960.140625,
      960.140625,
      960.140625,
      960.140625,
      960.140625,
      960.140625,
      960.140625,
      960.140625,
      960.140625,
      960.140625,
      960.140625,
      960.140625,
      960.140625,
      960.140625,
      960.140625,
      960.140625,
      960.140625,
      960.140625,
      960.140625,
      960.140625
    ]
  }
}