{
  "model": {
    "model_name": "google-bert/bert-base-uncased",
    "num_layers": 12,
    "parameters": {
      "total_parameters_bytes": 433981440,
      "parameters_per_layer_bytes": [
        1326944.1168211177,
        1326944.1168211177,
        1326944.1168211177,
        1326944.1168211177,
        1326944.1168211177,
        1326944.1168211177,
        1326944.1168211177,
        1326944.1168211177,
        1326944.1168211177,
        1326944.1168211177,
        1326944.1168211177,
        1326944.1168211177
      ]
    }
  },
  "execution_time": {
    "total_time_ms": 36.71708883327361,
    "forward_backward_time_ms": 44.627340112450156,
    "batch_generator_time_ms": 0.9151251038038992,
    "layernorm_grads_all_reduce_time_ms": 0.0009360666479453338,
    "embedding_grads_all_reduce_time_ms": 0.0018721332958906677,
    "optimizer_time_ms": 3.9156688912712796,
    "layer_compute_total_ms": [
      2.767094229462207,
      2.701080220663284,
      2.6463739932900054,
      2.679562024509282,
      2.721640082684215,
      2.6523985079890493,
      2.7035730605912125,
      2.6891614821916727,
      2.6166799929727724,
      2.651499217199752,
      2.476721590222341,
      2.5777022364787947
    ]
  },
  "execution_memory": {
    "total_memory": 5280.732421875,
    "layer_memory_total_mb": [
      20.247560376298793,
      20.247560376298793,
      20.247560376298793,
      20.247560376298793,
      20.247560376298793,
      20.247560376298793,
      20.247560376298793,
      20.247560376298793,
      20.247560376298793,
      20.247560376298793,
      20.247560376298793,
      20.247560376298793
    ]
  }
}