{
  "model": {
    "model_name": "google-bert/bert-base-uncased",
    "num_layers": 12,
    "parameters": {
      "total_parameters_bytes": 433981440,
      "parameters_per_layer_bytes": [
        1575082.6666666665,
        1575082.6666666665,
        1575082.6666666665,
        1575082.6666666665,
        1575082.6666666665,
        1575082.6666666665,
        1575082.6666666665,
        1575082.6666666665,
        1575082.6666666665,
        1575082.6666666665,
        1575082.6666666665,
        1575082.6666666665
      ]
    }
  },
  "execution_time": {
    "total_time_ms": 171.01976924944512,
    "forward_backward_time_ms": 191.1075557116565,
    "batch_generator_time_ms": 9.80834050116957,
    "layernorm_grads_all_reduce_time_ms": 0.0011111111111111111,
    "embedding_grads_all_reduce_time_ms": 0.0022222222222222222,
    "optimizer_time_ms": 12.148809246877208,
    "layer_compute_total_ms": [
      12.32597884841703,
      12.3697545972795,
      12.772172972391772,
      12.785486208384908,
      12.216562984879904,
      12.59492072131252,
      12.41577591766448,
      12.417259389217683,
      12.261539485027443,
      12.417212000905742,
      12.080888444163266,
      12.401734598420767
    ]
  },
  "execution_memory": {
    "total_memory": 5280.732421875,
    "layer_memory_total_mb": [
      24.033854166666664,
      24.033854166666664,
      24.033854166666664,
      24.033854166666664,
      24.033854166666664,
      24.033854166666664,
      24.033854166666664,
      24.033854166666664,
      24.033854166666664,
      24.033854166666664,
      24.033854166666664,
      24.033854166666664
    ]
  }
}