{
  "model": {
    "model_name": "google-bert/bert-base-uncased",
    "num_layers": 12,
    "parameters": {
      "total_parameters_bytes": 433981440,
      "parameters_per_layer_bytes": [
        737191.176011732,
        737191.176011732,
        737191.176011732,
        737191.176011732,
        737191.176011732,
        737191.176011732,
        737191.176011732,
        737191.176011732,
        737191.176011732,
        737191.176011732,
        737191.176011732,
        737191.176011732
      ]
    }
  },
  "execution_time": {
    "total_time_ms": 47.36503511548689,
    "forward_backward_time_ms": 61.249430322059105,
    "batch_generator_time_ms": 7.2720514419456,
    "layernorm_grads_all_reduce_time_ms": 0.0005200370266362965,
    "embedding_grads_all_reduce_time_ms": 0.001040074053272593,
    "optimizer_time_ms": -3.66752304635232,
    "layer_compute_total_ms": [
      3.9055179192586063,
      3.881244591514926,
      3.61056927160668,
      3.7736134123788228,
      3.8023373715110864,
      3.5476542173918553,
      3.4210928259194913,
      3.574722839977947,
      3.5226579150018376,
      3.4377806770678636,
      3.589101863902545,
      3.692653703282038
    ]
  },
  "execution_memory": {
    "total_memory": 5280.732421875,
    "layer_memory_total_mb": [
      11.248644653499328,
      11.248644653499328,
      11.248644653499328,
      11.248644653499328,
      11.248644653499328,
      11.248644653499328,
      11.248644653499328,
      11.248644653499328,
      11.248644653499328,
      11.248644653499328,
      11.248644653499328,
      11.248644653499328
    ]
  }
}