{
  "model": {
    "model_name": "Qwen/Qwen3-0.6B",
    "num_layers": 28,
    "parameters": {
      "total_parameters_bytes": 3006529536,
      "parameters_per_layer_bytes": [
        1613430.1538461538,
        1613430.1538461538,
        1613430.1538461538,
        1613430.1538461538,
        1613430.1538461538,
        1613430.1538461538,
        1613430.1538461538,
        1613430.1538461538,
        1613430.1538461538,
        1613430.1538461538,
        1613430.1538461538,
        1613430.1538461538,
        1613430.1538461538,
        1613430.1538461538,
        1613430.1538461538,
        1613430.1538461538,
        1613430.1538461538,
        1613430.1538461538,
        1613430.1538461538,
        1613430.1538461538,
        1613430.1538461538,
        1613430.1538461538,
        1613430.1538461538,
        1613430.1538461538,
        1613430.1538461538,
        1613430.1538461538,
        1613430.1538461538,
        1613430.1538461538
      ]
    }
  },
  "execution_time": {
    "total_time_ms": 293.9123156284973,
    "forward_backward_time_ms": 313.3754626072088,
    "batch_generator_time_ms": 0.507250769983213,
    "layernorm_grads_all_reduce_time_ms": 0.0005128205128205128,
    "embedding_grads_all_reduce_time_ms": 0.0010256410256410256,
    "optimizer_time_ms": 30.710457877302183,
    "layer_compute_total_ms": [
      9.63988456425842,
      9.54108205153786,
      9.376662390423007,
      9.416814365510781,
      9.454728532895947,
      9.387897788352953,
      9.383049038334343,
      9.481158858994977,
      9.481482589856173,
      9.649151744013533,
      9.728339006333277,
      9.529214858701334,
      9.610195993445814,
      9.748561673451405,
      9.446964820455879,
      9.483571903845773,
      9.638156242614897,
      9.378759236707806,
      9.325661294263764,
      9.499016173485403,
      9.280374064707221,
      9.092574423098435,
      8.917116480939185,
      8.819692621517998,
      8.919429346301163,
      8.837026948757016,
      9.234425512915596,
      9.392075993953487
    ]
  },
  "execution_memory": {
    "total_memory": 28070.94140625,
    "layer_memory_total_mb": [
      24.618990384615383,
      24.618990384615383,
      24.618990384615383,
      24.618990384615383,
      24.618990384615383,
      24.618990384615383,
      24.618990384615383,
      24.618990384615383,
      24.618990384615383,
      24.618990384615383,
      24.618990384615383,
      24.618990384615383,
      24.618990384615383,
      24.618990384615383,
      24.618990384615383,
      24.618990384615383,
      24.618990384615383,
      24.618990384615383,
      24.618990384615383,
      24.618990384615383,
      24.618990384615383,
      24.618990384615383,
      24.618990384615383,
      24.618990384615383,
      24.618990384615383,
      24.618990384615383,
      24.618990384615383,
      24.618990384615383
    ]
  }
}