{
  "model": {
    "model_name": "Qwen/Qwen3-1.7B",
    "num_layers": 28,
    "parameters": {
      "total_parameters_bytes": 8126959616,
      "parameters_per_layer_bytes": [
        2237155.5555555555,
        2237155.5555555555,
        2237155.5555555555,
        2237155.5555555555,
        2237155.5555555555,
        2237155.5555555555,
        2237155.5555555555,
        2237155.5555555555,
        2237155.5555555555,
        2237155.5555555555,
        2237155.5555555555,
        2237155.5555555555,
        2237155.5555555555,
        2237155.5555555555,
        2237155.5555555555,
        2237155.5555555555,
        2237155.5555555555,
        2237155.5555555555,
        2237155.5555555555,
        2237155.5555555555,
        2237155.5555555555,
        2237155.5555555555,
        2237155.5555555555,
        2237155.5555555555,
        2237155.5555555555,
        2237155.5555555555,
        2237155.5555555555,
        2237155.5555555555
      ]
    }
  },
  "execution_time": {
    "total_time_ms": 109.14260843322458,
    "forward_backward_time_ms": 120.31948773028034,
    "batch_generator_time_ms": 0.12287147821755046,
    "layernorm_grads_all_reduce_time_ms": 0.00022222222222222223,
    "embedding_grads_all_reduce_time_ms": 0.00044444444444444447,
    "optimizer_time_ms": 16.332252782885245,
    "layer_compute_total_ms": [
      3.6164125304720884,
      3.690188691931932,
      3.714457272306188,
      3.687410475201129,
      3.5476638083410865,
      3.5289764777796035,
      3.4989018720807508,
      3.490691258371549,
      3.5322104554830327,
      3.3664005418864287,
      3.2450573640138223,
      3.1827394278176753,
      3.2238620467574544,
      3.268038660947544,
      3.2727211026617122,
      3.2889619974109037,
      3.2623046362358665,
      3.187719371958843,
      3.211053788901255,
      3.1671027306907087,
      3.155380263989274,
      3.138587013947674,
      3.120060205724763,
      3.0898591695909596,
      3.041529997103175,
      3.047004616301921,
      3.0384869136873425,
      3.0730348138604313
    ]
  },
  "execution_memory": {
    "total_memory": 88397.4453125,
    "layer_memory_total_mb": [
      34.13628472222222,
      34.13628472222222,
      34.13628472222222,
      34.13628472222222,
      34.13628472222222,
      34.13628472222222,
      34.13628472222222,
      34.13628472222222,
      34.13628472222222,
      34.13628472222222,
      34.13628472222222,
      34.13628472222222,
      34.13628472222222,
      34.13628472222222,
      34.13628472222222,
      34.13628472222222,
      34.13628472222222,
      34.13628472222222,
      34.13628472222222,
      34.13628472222222,
      34.13628472222222,
      34.13628472222222,
      34.13628472222222,
      34.13628472222222,
      34.13628472222222,
      34.13628472222222,
      34.13628472222222,
      34.13628472222222
    ]
  }
}