{
  "model": {
    "model_name": "Qwen/Qwen3-0.6B",
    "num_layers": 28,
    "parameters": {
      "total_parameters_bytes": 3006529536,
      "parameters_per_layer_bytes": [
        27537757.549234137,
        27537757.549234137,
        27537757.549234137,
        27537757.549234137,
        27537757.549234137,
        27537757.549234137,
        27537757.549234137,
        27537757.549234137,
        27537757.549234137,
        27537757.549234137,
        27537757.549234137,
        27537757.549234137,
        27537757.549234137,
        27537757.549234137,
        27537757.549234137,
        27537757.549234137,
        27537757.549234137,
        27537757.549234137,
        27537757.549234137,
        27537757.549234137,
        27537757.549234137,
        27537757.549234137,
        27537757.549234137,
        27537757.549234137,
        27537757.549234137,
        27537757.549234137,
        27537757.549234137,
        27537757.549234137
      ]
    }
  },
  "execution_time": {
    "total_time_ms": 3180.9544002258217,
    "forward_backward_time_ms": 3807.408386399607,
    "batch_generator_time_ms": 4.924038074568273,
    "layernorm_grads_all_reduce_time_ms": 0.0087527352297593,
    "embedding_grads_all_reduce_time_ms": 0.0175054704595186,
    "optimizer_time_ms": 211.58738190807907,
    "layer_compute_total_ms": [
      111.29604025995583,
      112.84130306239902,
      111.6691817057215,
      116.01638413417506,
      113.86673533738768,
      115.66831433281499,
      116.43727647657231,
      115.98863468262931,
      118.0254179396905,
      116.70325885407618,
      107.14857352243358,
      103.21697789418594,
      100.50101597621197,
      103.64958599308623,
      103.37343414495464,
      100.40125393622536,
      101.63014091951752,
      102.88095131518494,
      102.23470240932251,
      101.2538560180613,
      101.64481433209325,
      100.31406652142601,
      101.29375821025329,
      98.33295185488794,
      97.81679353030721,
      95.75107602832566,
      95.8328374128593,
      98.62738523272597
    ]
  },
  "execution_memory": {
    "total_memory": 28070.94140625,
    "layer_memory_total_mb": [
      420.19283369803065,
      420.19283369803065,
      420.19283369803065,
      420.19283369803065,
      420.19283369803065,
      420.19283369803065,
      420.19283369803065,
      420.19283369803065,
      420.19283369803065,
      420.19283369803065,
      420.19283369803065,
      420.19283369803065,
      420.19283369803065,
      420.19283369803065,
      420.19283369803065,
      420.19283369803065,
      420.19283369803065,
      420.19283369803065,
      420.19283369803065,
      420.19283369803065,
      420.19283369803065,
      420.19283369803065,
      420.19283369803065,
      420.19283369803065,
      420.19283369803065,
      420.19283369803065,
      420.19283369803065,
      420.19283369803065
    ]
  }
}