{
  "model": {
    "model_name": "Qwen/Qwen3-1.7B",
    "num_layers": 28,
    "parameters": {
      "total_parameters_bytes": 8126959616,
      "parameters_per_layer_bytes": [
        4806722.689075631,
        4806722.689075631,
        4806722.689075631,
        4806722.689075631,
        4806722.689075631,
        4806722.689075631,
        4806722.689075631,
        4806722.689075631,
        4806722.689075631,
        4806722.689075631,
        4806722.689075631,
        4806722.689075631,
        4806722.689075631,
        4806722.689075631,
        4806722.689075631,
        4806722.689075631,
        4806722.689075631,
        4806722.689075631,
        4806722.689075631,
        4806722.689075631,
        4806722.689075631,
        4806722.689075631,
        4806722.689075631,
        4806722.689075631,
        4806722.689075631,
        4806722.689075631,
        4806722.689075631,
        4806722.689075631
      ]
    }
  },
  "execution_time": {
    "total_time_ms": 318.68822229525205,
    "forward_backward_time_ms": 349.5949965975734,
    "batch_generator_time_ms": 0.20977735975510006,
    "layernorm_grads_all_reduce_time_ms": 0.0004774637127578305,
    "embedding_grads_all_reduce_time_ms": 0.000954927425515661,
    "optimizer_time_ms": 46.26758726528077,
    "layer_compute_total_ms": [
      10.859288579598106,
      10.924793288467182,
      10.605804335056463,
      10.589077265629246,
      10.358658762770943,
      9.98142552165688,
      10.053516125884096,
      9.781328298237783,
      9.611223482641254,
      9.766324866136463,
      9.473609876472956,
      9.604882633573137,
      9.613569960559598,
      9.494277197946385,
      9.51034853107344,
      9.491754118251633,
      9.491972760708459,
      9.652940585827636,
      9.526376055945958,
      9.648526899058881,
      9.529724258207366,
      9.521780206212414,
      9.541641878658341,
      9.287753438065483,
      9.037761406176841,
      9.003727785448154,
      8.999027281291804,
      9.248309879521017
    ]
  },
  "execution_memory": {
    "total_memory": 88397.4453125,
    "layer_memory_total_mb": [
      73.34476759453783,
      73.34476759453783,
      73.34476759453783,
      73.34476759453783,
      73.34476759453783,
      73.34476759453783,
      73.34476759453783,
      73.34476759453783,
      73.34476759453783,
      73.34476759453783,
      73.34476759453783,
      73.34476759453783,
      73.34476759453783,
      73.34476759453783,
      73.34476759453783,
      73.34476759453783,
      73.34476759453783,
      73.34476759453783,
      73.34476759453783,
      73.34476759453783,
      73.34476759453783,
      73.34476759453783,
      73.34476759453783,
      73.34476759453783,
      73.34476759453783,
      73.34476759453783,
      73.34476759453783,
      73.34476759453783
    ]
  }
}