{
  "model": {
    "model_name": "Qwen/Qwen3-1.7B",
    "num_layers": 28,
    "parameters": {
      "total_parameters_bytes": 8126959616,
      "parameters_per_layer_bytes": [
        12337254.901960785,
        12337254.901960785,
        12337254.901960785,
        12337254.901960785,
        12337254.901960785,
        12337254.901960785,
        12337254.901960785,
        12337254.901960785,
        12337254.901960785,
        12337254.901960785,
        12337254.901960785,
        12337254.901960785,
        12337254.901960785,
        12337254.901960785,
        12337254.901960785,
        12337254.901960785,
        12337254.901960785,
        12337254.901960785,
        12337254.901960785,
        12337254.901960785,
        12337254.901960785,
        12337254.901960785,
        12337254.901960785,
        12337254.901960785,
        12337254.901960785,
        12337254.901960785,
        12337254.901960785,
        12337254.901960785
      ]
    }
  },
  "execution_time": {
    "total_time_ms": 1142.2543959876443,
    "forward_backward_time_ms": 1249.2705711621184,
    "batch_generator_time_ms": 0.5680196694561791,
    "layernorm_grads_all_reduce_time_ms": 0.0012254901960784314,
    "embedding_grads_all_reduce_time_ms": 0.0024509803921568627,
    "optimizer_time_ms": 96.15577369396273,
    "layer_compute_total_ms": [
      41.86551234709565,
      41.33130229699115,
      39.86780062743991,
      40.144440427135194,
      39.31780592674662,
      38.43521148886722,
      39.50675637123127,
      39.14493432942026,
      38.03683227809361,
      37.21279811489855,
      38.5536162536714,
      38.57858569330453,
      38.23119741176853,
      37.57382158469494,
      37.93480340052566,
      37.216191728529175,
      36.50082519961157,
      36.205188984704186,
      35.077091081570956,
      35.896322655318336,
      35.76641090826431,
      35.44840476523877,
      35.15950527121187,
      34.73646354138384,
      34.47240493169731,
      34.892635311752755,
      33.99774284701504,
      34.42232037545467
    ]
  },
  "execution_memory": {
    "total_memory": 88397.4453125,
    "layer_memory_total_mb": [
      188.25157015931373,
      188.25157015931373,
      188.25157015931373,
      188.25157015931373,
      188.25157015931373,
      188.25157015931373,
      188.25157015931373,
      188.25157015931373,
      188.25157015931373,
      188.25157015931373,
      188.25157015931373,
      188.25157015931373,
      188.25157015931373,
      188.25157015931373,
      188.25157015931373,
      188.25157015931373,
      188.25157015931373,
      188.25157015931373,
      188.25157015931373,
      188.25157015931373,
      188.25157015931373,
      188.25157015931373,
      188.25157015931373,
      188.25157015931373,
      188.25157015931373,
      188.25157015931373,
      188.25157015931373,
      188.25157015931373
    ]
  }
}