{
  "model": {
    "model_name": "google-bert/bert-base-uncased",
    "num_layers": 12,
    "parameters": {
      "total_parameters_bytes": 433981440,
      "parameters_per_layer_bytes": [
        715946.6666666666,
        715946.6666666666,
        715946.6666666666,
        715946.6666666666,
        715946.6666666666,
        715946.6666666666,
        715946.6666666666,
        715946.6666666666,
        715946.6666666666,
        715946.6666666666,
        715946.6666666666,
        715946.6666666666
      ]
    }
  },
  "execution_time": {
    "total_time_ms": 60.57340689453254,
    "forward_backward_time_ms": 65.98001340838516,
    "batch_generator_time_ms": 7.398226868709305,
    "layernorm_grads_all_reduce_time_ms": 0.000505050505050505,
    "embedding_grads_all_reduce_time_ms": 0.00101010101010101,
    "optimizer_time_ms": 1.7108450847429768,
    "layer_compute_total_ms": [
      4.239020561340801,
      4.463884135034415,
      4.8046521021545905,
      4.206181338396172,
      4.2593952207655565,
      4.116384065348415,
      4.127537891194647,
      4.463755087474257,
      4.194546111308466,
      4.155812247049515,
      4.045047083704361,
      4.386603945793908
    ]
  },
  "execution_memory": {
    "total_memory": 5280.732421875,
    "layer_memory_total_mb": [
      10.924479166666666,
      10.924479166666666,
      10.924479166666666,
      10.924479166666666,
      10.924479166666666,
      10.924479166666666,
      10.924479166666666,
      10.924479166666666,
      10.924479166666666,
      10.924479166666666,
      10.924479166666666,
      10.924479166666666
    ]
  }
}