{
  "model": {
    "model_name": "Qwen/Qwen3-0.6B",
    "num_layers": 28,
    "parameters": {
      "total_parameters_bytes": 3006529536,
      "parameters_per_layer_bytes": [
        9179252.516411379,
        9179252.516411379,
        9179252.516411379,
        9179252.516411379,
        9179252.516411379,
        9179252.516411379,
        9179252.516411379,
        9179252.516411379,
        9179252.516411379,
        9179252.516411379,
        9179252.516411379,
        9179252.516411379,
        9179252.516411379,
        9179252.516411379,
        9179252.516411379,
        9179252.516411379,
        9179252.516411379,
        9179252.516411379,
        9179252.516411379,
        9179252.516411379,
        9179252.516411379,
        9179252.516411379,
        9179252.516411379,
        9179252.516411379,
        9179252.516411379,
        9179252.516411379,
        9179252.516411379,
        9179252.516411379
      ]
    }
  },
  "execution_time": {
    "total_time_ms": 1029.335802625953,
    "forward_backward_time_ms": 1125.2184578458075,
    "batch_generator_time_ms": 1.7847218063342731,
    "layernorm_grads_all_reduce_time_ms": 0.0029175784099197666,
    "embedding_grads_all_reduce_time_ms": 0.005835156819839533,
    "optimizer_time_ms": 151.4565306431546,
    "layer_compute_total_ms": [
      34.00912213742625,
      32.90702531009438,
      32.32513719867884,
      31.285452114534987,
      31.69157414409766,
      30.94888442612194,
      30.89637888065097,
      31.46431280179785,
      32.26800474173842,
      29.954705287793747,
      31.55839215967645,
      32.481481402884505,
      32.60641750580014,
      34.38121465970181,
      30.29210481399203,
      30.363419328697017,
      30.940225528146225,
      29.93298632398969,
      30.128545038905443,
      30.248935663760832,
      31.082055981139863,
      30.972749672175937,
      29.946964771696045,
      31.166355324768816,
      31.0787512411915,
      30.893983660878195,
      29.078450837122638,
      31.182166483772228
    ]
  },
  "execution_memory": {
    "total_memory": 28070.94140625,
    "layer_memory_total_mb": [
      140.06427789934355,
      140.06427789934355,
      140.06427789934355,
      140.06427789934355,
      140.06427789934355,
      140.06427789934355,
      140.06427789934355,
      140.06427789934355,
      140.06427789934355,
      140.06427789934355,
      140.06427789934355,
      140.06427789934355,
      140.06427789934355,
      140.06427789934355,
      140.06427789934355,
      140.06427789934355,
      140.06427789934355,
      140.06427789934355,
      140.06427789934355,
      140.06427789934355,
      140.06427789934355,
      140.06427789934355,
      140.06427789934355,
      140.06427789934355,
      140.06427789934355,
      140.06427789934355,
      140.06427789934355,
      140.06427789934355
    ]
  }
}