{
  "model": {
    "model_name": "Qwen/Qwen3-0.6B",
    "num_layers": 28,
    "parameters": {
      "total_parameters_bytes": 3006529536,
      "parameters_per_layer_bytes": [
        27537757.549234137,
        27537757.549234137,
        27537757.549234137,
        27537757.549234137,
        27537757.549234137,
        27537757.549234137,
        27537757.549234137,
        27537757.549234137,
        27537757.549234137,
        27537757.549234137,
        27537757.549234137,
        27537757.549234137,
        27537757.549234137,
        27537757.549234137,
        27537757.549234137,
        27537757.549234137,
        27537757.549234137,
        27537757.549234137,
        27537757.549234137,
        27537757.549234137,
        27537757.549234137,
        27537757.549234137,
        27537757.549234137,
        27537757.549234137,
        27537757.549234137,
        27537757.549234137,
        27537757.549234137,
        27537757.549234137
      ]
    }
  },
  "execution_time": {
    "total_time_ms": 860.4743199130517,
    "forward_backward_time_ms": 1005.2491626145854,
    "batch_generator_time_ms": 3.069081838921332,
    "layernorm_grads_all_reduce_time_ms": 0.0087527352297593,
    "embedding_grads_all_reduce_time_ms": 0.0175054704595186,
    "optimizer_time_ms": 74.70028479764323,
    "layer_compute_total_ms": [
      41.47990820768923,
      35.87313468480907,
      32.95130722331193,
      26.295649230885736,
      25.672985674381355,
      24.16960307380645,
      24.063740702192106,
      23.948542009636604,
      24.726277901113434,
      25.28384769668077,
      33.07417352379176,
      31.222022317871613,
      30.490400102009886,
      30.26134934540251,
      30.128969037772872,
      29.3537212244828,
      28.10417308168449,
      27.8351578780723,
      28.371491458743844,
      26.724472096423195,
      27.30659868199321,
      25.761860066920892,
      26.924067401175368,
      25.171313561698835,
      24.291948578116653,
      24.7106587509696,
      24.00972341333518,
      24.47159814582608
    ]
  },
  "execution_memory": {
    "total_memory": 28070.94140625,
    "layer_memory_total_mb": [
      420.19283369803065,
      420.19283369803065,
      420.19283369803065,
      420.19283369803065,
      420.19283369803065,
      420.19283369803065,
      420.19283369803065,
      420.19283369803065,
      420.19283369803065,
      420.19283369803065,
      420.19283369803065,
      420.19283369803065,
      420.19283369803065,
      420.19283369803065,
      420.19283369803065,
      420.19283369803065,
      420.19283369803065,
      420.19283369803065,
      420.19283369803065,
      420.19283369803065,
      420.19283369803065,
      420.19283369803065,
      420.19283369803065,
      420.19283369803065,
      420.19283369803065,
      420.19283369803065,
      420.19283369803065,
      420.19283369803065
    ]
  }
}