{
  "model": {
    "model_name": "google-bert/bert-base-uncased",
    "num_layers": 12,
    "parameters": {
      "total_parameters_bytes": 433981440,
      "parameters_per_layer_bytes": [
        12407653.391684901,
        12407653.391684901,
        12407653.391684901,
        12407653.391684901,
        12407653.391684901,
        12407653.391684901,
        12407653.391684901,
        12407653.391684901,
        12407653.391684901,
        12407653.391684901,
        12407653.391684901,
        12407653.391684901
      ]
    }
  },
  "execution_time": {
    "total_time_ms": 268.6465118173102,
    "forward_backward_time_ms": 251.62237160545706,
    "batch_generator_time_ms": 11.398429326158775,
    "layernorm_grads_all_reduce_time_ms": 0.0087527352297593,
    "embedding_grads_all_reduce_time_ms": 0.0175054704595186,
    "optimizer_time_ms": 61.310724049822895,
    "layer_compute_total_ms": [
      15.956268925270722,
      15.803893649272002,
      16.248766962067922,
      16.51047944464197,
      16.162271345955375,
      16.36432362536959,
      16.277527029797255,
      15.709737306348654,
      17.084575280357615,
      15.636248574174402,
      16.719490590024357,
      17.43751750235941
    ]
  },
  "execution_memory": {
    "total_memory": 5280.732421875,
    "layer_memory_total_mb": [
      189.3257658643326,
      189.3257658643326,
      189.3257658643326,
      189.3257658643326,
      189.3257658643326,
      189.3257658643326,
      189.3257658643326,
      189.3257658643326,
      189.3257658643326,
      189.3257658643326,
      189.3257658643326,
      189.3257658643326
    ]
  }
}