{
  "model": {
    "model_name": "Qwen/Qwen3-0.6B",
    "num_layers": 28,
    "parameters": {
      "total_parameters_bytes": 3006529536,
      "parameters_per_layer_bytes": [
        3495765.333333333,
        3495765.333333333,
        3495765.333333333,
        3495765.333333333,
        3495765.333333333,
        3495765.333333333,
        3495765.333333333,
        3495765.333333333,
        3495765.333333333,
        3495765.333333333,
        3495765.333333333,
        3495765.333333333,
        3495765.333333333,
        3495765.333333333,
        3495765.333333333,
        3495765.333333333,
        3495765.333333333,
        3495765.333333333,
        3495765.333333333,
        3495765.333333333,
        3495765.333333333,
        3495765.333333333,
        3495765.333333333,
        3495765.333333333,
        3495765.333333333,
        3495765.333333333,
        3495765.333333333,
        3495765.333333333
      ]
    }
  },
  "execution_time": {
    "total_time_ms": 518.0523976677149,
    "forward_backward_time_ms": 581.3436568336647,
    "batch_generator_time_ms": 0.8508457233094506,
    "layernorm_grads_all_reduce_time_ms": 0.0011111111111111111,
    "embedding_grads_all_reduce_time_ms": 0.0022222222222222222,
    "optimizer_time_ms": 63.76418151468763,
    "layer_compute_total_ms": [
      16.844401416569276,
      16.601082013544833,
      17.380952113146325,
      17.190016777830248,
      17.145798096963617,
      17.542440042436485,
      17.55493294412089,
      17.514493709313683,
      17.33270976304387,
      17.62720065340141,
      15.698067030623658,
      15.755837181738267,
      16.208286625947544,
      15.780649473728973,
      15.934711595441007,
      15.895272027086724,
      15.531992737022746,
      15.36972102621803,
      15.54910613857727,
      15.805923679888817,
      15.84584732012849,
      15.62159067947909,
      15.372216136408193,
      15.35465162467315,
      15.714275251310836,
      15.569076345450917,
      14.949836429473685,
      14.74294826281645
    ]
  },
  "execution_memory": {
    "total_memory": 28070.94140625,
    "layer_memory_total_mb": [
      53.34114583333333,
      53.34114583333333,
      53.34114583333333,
      53.34114583333333,
      53.34114583333333,
      53.34114583333333,
      53.34114583333333,
      53.34114583333333,
      53.34114583333333,
      53.34114583333333,
      53.34114583333333,
      53.34114583333333,
      53.34114583333333,
      53.34114583333333,
      53.34114583333333,
      53.34114583333333,
      53.34114583333333,
      53.34114583333333,
      53.34114583333333,
      53.34114583333333,
      53.34114583333333,
      53.34114583333333,
      53.34114583333333,
      53.34114583333333,
      53.34114583333333,
      53.34114583333333,
      53.34114583333333,
      53.34114583333333
    ]
  }
}