{
  "model": {
    "model_name": "google-bert/bert-base-uncased",
    "num_layers": 12,
    "parameters": {
      "total_parameters_bytes": 433981440,
      "parameters_per_layer_bytes": [
        1737223.5294117646,
        1737223.5294117646,
        1737223.5294117646,
        1737223.5294117646,
        1737223.5294117646,
        1737223.5294117646,
        1737223.5294117646,
        1737223.5294117646,
        1737223.5294117646,
        1737223.5294117646,
        1737223.5294117646,
        1737223.5294117646
      ]
    }
  },
  "execution_time": {
    "total_time_ms": 48.06968872620856,
    "forward_backward_time_ms": 49.875833334586275,
    "batch_generator_time_ms": 1.1980737112667958,
    "layernorm_grads_all_reduce_time_ms": 0.0012254901960784314,
    "embedding_grads_all_reduce_time_ms": 0.0024509803921568627,
    "optimizer_time_ms": 5.12635916243273,
    "layer_compute_total_ms": [
      3.6226553496746026,
      3.5362303918316003,
      3.4646094816565105,
      3.508058959293218,
      3.5631471817788563,
      3.472496723143016,
      3.539493995869598,
      3.520626484589907,
      3.425734358447074,
      3.471319379576587,
      3.242502052493293,
      3.3747050235665395
    ]
  },
  "execution_memory": {
    "total_memory": 5280.732421875,
    "layer_memory_total_mb": [
      26.50792738970588,
      26.50792738970588,
      26.50792738970588,
      26.50792738970588,
      26.50792738970588,
      26.50792738970588,
      26.50792738970588,
      26.50792738970588,
      26.50792738970588,
      26.50792738970588,
      26.50792738970588,
      26.50792738970588
    ]
  }
}