{
  "model": {
    "model_name": "Qwen/Qwen3-1.7B",
    "num_layers": 28,
    "parameters": {
      "total_parameters_bytes": 8126959616,
      "parameters_per_layer_bytes": [
        11185777.777777778,
        11185777.777777778,
        11185777.777777778,
        11185777.777777778,
        11185777.777777778,
        11185777.777777778,
        11185777.777777778,
        11185777.777777778,
        11185777.777777778,
        11185777.777777778,
        11185777.777777778,
        11185777.777777778,
        11185777.777777778,
        11185777.777777778,
        11185777.777777778,
        11185777.777777778,
        11185777.777777778,
        11185777.777777778,
        11185777.777777778,
        11185777.777777778,
        11185777.777777778,
        11185777.777777778,
        11185777.777777778,
        11185777.777777778,
        11185777.777777778,
        11185777.777777778,
        11185777.777777778,
        11185777.777777778
      ]
    }
  },
  "execution_time": {
    "total_time_ms": 545.7130421661228,
    "forward_backward_time_ms": 594.1646305815607,
    "batch_generator_time_ms": 0.6143573910877522,
    "layernorm_grads_all_reduce_time_ms": 0.0011111111111111111,
    "embedding_grads_all_reduce_time_ms": 0.0022222222222222222,
    "optimizer_time_ms": 81.66126391442621,
    "layer_compute_total_ms": [
      18.082062652360438,
      18.45094345965966,
      18.57228636153094,
      18.437052376005642,
      17.73831904170543,
      17.644882388898015,
      17.494509360403754,
      17.453456291857744,
      17.661052277415163,
      16.832002709432142,
      16.22528682006911,
      15.913697139088374,
      16.11931023378727,
      16.340193304737717,
      16.36360551330856,
      16.444809987054516,
      16.311523181179332,
      15.938596859794213,
      16.055268944506274,
      15.835513653453543,
      15.776901319946369,
      15.692935069738368,
      15.600301028623814,
      15.449295847954797,
      15.207649985515873,
      15.235023081509603,
      15.192434568436711,
      15.365174069302157
    ]
  },
  "execution_memory": {
    "total_memory": 88397.4453125,
    "layer_memory_total_mb": [
      170.68142361111111,
      170.68142361111111,
      170.68142361111111,
      170.68142361111111,
      170.68142361111111,
      170.68142361111111,
      170.68142361111111,
      170.68142361111111,
      170.68142361111111,
      170.68142361111111,
      170.68142361111111,
      170.68142361111111,
      170.68142361111111,
      170.68142361111111,
      170.68142361111111,
      170.68142361111111,
      170.68142361111111,
      170.68142361111111,
      170.68142361111111,
      170.68142361111111,
      170.68142361111111,
      170.68142361111111,
      170.68142361111111,
      170.68142361111111,
      170.68142361111111,
      170.68142361111111,
      170.68142361111111,
      170.68142361111111
    ]
  }
}