{
  "model": {
    "model_name": "Qwen/Qwen3-1.7B",
    "num_layers": 28,
    "parameters": {
      "total_parameters_bytes": 8126959616,
      "parameters_per_layer_bytes": [
        6144156.240463838,
        6144156.240463838,
        6144156.240463838,
        6144156.240463838,
        6144156.240463838,
        6144156.240463838,
        6144156.240463838,
        6144156.240463838,
        6144156.240463838,
        6144156.240463838,
        6144156.240463838,
        6144156.240463838,
        6144156.240463838,
        6144156.240463838,
        6144156.240463838,
        6144156.240463838,
        6144156.240463838,
        6144156.240463838,
        6144156.240463838,
        6144156.240463838,
        6144156.240463838,
        6144156.240463838,
        6144156.240463838,
        6144156.240463838,
        6144156.240463838,
        6144156.240463838,
        6144156.240463838,
        6144156.240463838
      ]
    }
  },
  "execution_time": {
    "total_time_ms": 481.3550398377391,
    "forward_backward_time_ms": 582.6697510876581,
    "batch_generator_time_ms": 0.2541400668821458,
    "layernorm_grads_all_reduce_time_ms": 0.0006103143118706132,
    "embedding_grads_all_reduce_time_ms": 0.0012206286237412265,
    "optimizer_time_ms": 26.587292674447042,
    "layer_compute_total_ms": [
      17.086353997170164,
      16.84188648176541,
      17.66111341885626,
      17.531208841960424,
      18.129176678063377,
      17.907328402577633,
      17.49388143068309,
      17.342037060863582,
      17.922022352402934,
      17.378640151337535,
      16.189199961180638,
      16.20126613574574,
      15.846064693492977,
      15.608297742227972,
      15.816755645506555,
      15.629660634974487,
      15.693084048230181,
      15.502604942963202,
      15.675081881450224,
      15.525575595870777,
      15.366555081164877,
      15.343896506668536,
      15.360313320217262,
      15.201695056062054,
      14.964431515804026,
      14.691191387430559,
      15.346713830726996,
      15.25573935807686
    ]
  },
  "execution_memory": {
    "total_memory": 88397.4453125,
    "layer_memory_total_mb": [
      93.75238404028073,
      93.75238404028073,
      93.75238404028073,
      93.75238404028073,
      93.75238404028073,
      93.75238404028073,
      93.75238404028073,
      93.75238404028073,
      93.75238404028073,
      93.75238404028073,
      93.75238404028073,
      93.75238404028073,
      93.75238404028073,
      93.75238404028073,
      93.75238404028073,
      93.75238404028073,
      93.75238404028073,
      93.75238404028073,
      93.75238404028073,
      93.75238404028073,
      93.75238404028073,
      93.75238404028073,
      93.75238404028073,
      93.75238404028073,
      93.75238404028073,
      93.75238404028073,
      93.75238404028073,
      93.75238404028073
    ]
  }
}