{
  "model": {
    "model_name": "Qwen/Qwen3-1.7B",
    "num_layers": 28,
    "parameters": {
      "total_parameters_bytes": 8126959616,
      "parameters_per_layer_bytes": [
        4686944.274443084,
        4686944.274443084,
        4686944.274443084,
        4686944.274443084,
        4686944.274443084,
        4686944.274443084,
        4686944.274443084,
        4686944.274443084,
        4686944.274443084,
        4686944.274443084,
        4686944.274443084,
        4686944.274443084,
        4686944.274443084,
        4686944.274443084,
        4686944.274443084,
        4686944.274443084,
        4686944.274443084,
        4686944.274443084,
        4686944.274443084,
        4686944.274443084,
        4686944.274443084,
        4686944.274443084,
        4686944.274443084,
        4686944.274443084,
        4686944.274443084,
        4686944.274443084,
        4686944.274443084,
        4686944.274443084
      ]
    }
  },
  "execution_time": {
    "total_time_ms": 367.1918746277677,
    "forward_backward_time_ms": 485.2972987797264,
    "batch_generator_time_ms": 0.19386556668844304,
    "layernorm_grads_all_reduce_time_ms": 0.0004655658250996388,
    "embedding_grads_all_reduce_time_ms": 0.0009311316501992776,
    "optimizer_time_ms": 20.281573953600297,
    "layer_compute_total_ms": [
      13.033976660739793,
      12.847489602668634,
      13.472420163024571,
      13.373325106018028,
      13.829472673891768,
      13.660240241660443,
      13.3448506516391,
      13.229019271075407,
      13.671449221593129,
      13.256941192102412,
      12.349601002356927,
      12.358805437527357,
      12.087847261842223,
      11.906471592463221,
      12.065489452360644,
      11.922767839486433,
      11.971149096731606,
      11.825845996209425,
      11.957416510968045,
      11.843368690280311,
      11.722063133951629,
      11.704778502531735,
      11.71730173391704,
      11.596303026216823,
      11.415311373657136,
      11.20687571461676,
      11.706927640728788,
      11.637529619744244
    ]
  },
  "execution_memory": {
    "total_memory": 88397.4453125,
    "layer_memory_total_mb": [
      71.51709403141913,
      71.51709403141913,
      71.51709403141913,
      71.51709403141913,
      71.51709403141913,
      71.51709403141913,
      71.51709403141913,
      71.51709403141913,
      71.51709403141913,
      71.51709403141913,
      71.51709403141913,
      71.51709403141913,
      71.51709403141913,
      71.51709403141913,
      71.51709403141913,
      71.51709403141913,
      71.51709403141913,
      71.51709403141913,
      71.51709403141913,
      71.51709403141913,
      71.51709403141913,
      71.51709403141913,
      71.51709403141913,
      71.51709403141913,
      71.51709403141913,
      71.51709403141913,
      71.51709403141913,
      71.51709403141913
    ]
  }
}