{
  "model": {
    "model_name": "Qwen/Qwen3-0.6B",
    "num_layers": 28,
    "parameters": {
      "total_parameters_bytes": 3006529536,
      "parameters_per_layer_bytes": [
        27537757.549234137,
        27537757.549234137,
        27537757.549234137,
        27537757.549234137,
        27537757.549234137,
        27537757.549234137,
        27537757.549234137,
        27537757.549234137,
        27537757.549234137,
        27537757.549234137,
        27537757.549234137,
        27537757.549234137,
        27537757.549234137,
        27537757.549234137,
        27537757.549234137,
        27537757.549234137,
        27537757.549234137,
        27537757.549234137,
        27537757.549234137,
        27537757.549234137,
        27537757.549234137,
        27537757.549234137,
        27537757.549234137,
        27537757.549234137,
        27537757.549234137,
        27537757.549234137,
        27537757.549234137,
        27537757.549234137
      ]
    }
  },
  "execution_time": {
    "total_time_ms": 2142.1005842451686,
    "forward_backward_time_ms": 2748.9938399779207,
    "batch_generator_time_ms": 5.781918591401933,
    "layernorm_grads_all_reduce_time_ms": 0.0087527352297593,
    "embedding_grads_all_reduce_time_ms": 0.0175054704595186,
    "optimizer_time_ms": -4.05149081040834,
    "layer_compute_total_ms": [
      90.34372374127034,
      83.36828457137072,
      81.65943216931389,
      82.78101215154825,
      83.34041018032875,
      81.74507133357015,
      81.41223632710674,
      80.91367909805014,
      79.80742779444736,
      79.10206925411275,
      76.8691498895239,
      76.46073720275773,
      72.29063347724819,
      71.6447765815135,
      72.96716619557569,
      70.98269573320111,
      71.70004059058253,
      74.9685555838886,
      76.1409318378996,
      72.82561979893926,
      72.69491083131332,
      69.2561916828398,
      69.36446028209802,
      69.38072286889617,
      75.08097330673294,
      79.69923490017482,
      70.88748303586434,
      72.65626783831722
    ]
  },
  "execution_memory": {
    "total_memory": 28070.94140625,
    "layer_memory_total_mb": [
      420.19283369803065,
      420.19283369803065,
      420.19283369803065,
      420.19283369803065,
      420.19283369803065,
      420.19283369803065,
      420.19283369803065,
      420.19283369803065,
      420.19283369803065,
      420.19283369803065,
      420.19283369803065,
      420.19283369803065,
      420.19283369803065,
      420.19283369803065,
      420.19283369803065,
      420.19283369803065,
      420.19283369803065,
      420.19283369803065,
      420.19283369803065,
      420.19283369803065,
      420.19283369803065,
      420.19283369803065,
      420.19283369803065,
      420.19283369803065,
      420.19283369803065,
      420.19283369803065,
      420.19283369803065,
      420.19283369803065
    ]
  }
}