{
  "model": {
    "model_name": "google-bert/bert-base-uncased",
    "num_layers": 12,
    "parameters": {
      "total_parameters_bytes": 433981440,
      "parameters_per_layer_bytes": [
        1737223.5294117646,
        1737223.5294117646,
        1737223.5294117646,
        1737223.5294117646,
        1737223.5294117646,
        1737223.5294117646,
        1737223.5294117646,
        1737223.5294117646,
        1737223.5294117646,
        1737223.5294117646,
        1737223.5294117646,
        1737223.5294117646
      ]
    }
  },
  "execution_time": {
    "total_time_ms": 130.16765434954056,
    "forward_backward_time_ms": 148.07979530575204,
    "batch_generator_time_ms": 8.361735108694262,
    "layernorm_grads_all_reduce_time_ms": 0.0012254901960784314,
    "embedding_grads_all_reduce_time_ms": 0.0024509803921568627,
    "optimizer_time_ms": -2.127205969947253,
    "layer_compute_total_ms": [
      10.299499922885111,
      10.27622205868943,
      10.395700383014628,
      10.238145343428899,
      10.184167890389183,
      10.202041160785786,
      10.713929426250008,
      10.262039229785966,
      10.412583179797865,
      10.11220268118646,
      10.175020128479124,
      10.657897335512839
    ]
  },
  "execution_memory": {
    "total_memory": 5280.732421875,
    "layer_memory_total_mb": [
      26.50792738970588,
      26.50792738970588,
      26.50792738970588,
      26.50792738970588,
      26.50792738970588,
      26.50792738970588,
      26.50792738970588,
      26.50792738970588,
      26.50792738970588,
      26.50792738970588,
      26.50792738970588,
      26.50792738970588
    ]
  }
}