{
  "model": {
    "model_name": "Qwen/Qwen3-0.6B",
    "num_layers": 28,
    "parameters": {
      "total_parameters_bytes": 3006529536,
      "parameters_per_layer_bytes": [
        9179252.516411379,
        9179252.516411379,
        9179252.516411379,
        9179252.516411379,
        9179252.516411379,
        9179252.516411379,
        9179252.516411379,
        9179252.516411379,
        9179252.516411379,
        9179252.516411379,
        9179252.516411379,
        9179252.516411379,
        9179252.516411379,
        9179252.516411379,
        9179252.516411379,
        9179252.516411379,
        9179252.516411379,
        9179252.516411379,
        9179252.516411379,
        9179252.516411379,
        9179252.516411379,
        9179252.516411379,
        9179252.516411379,
        9179252.516411379,
        9179252.516411379,
        9179252.516411379,
        9179252.516411379,
        9179252.516411379
      ]
    }
  },
  "execution_time": {
    "total_time_ms": 883.4877683439569,
    "forward_backward_time_ms": 1125.8214815377928,
    "batch_generator_time_ms": 2.1547718436533976,
    "layernorm_grads_all_reduce_time_ms": 0.0029175784099197666,
    "embedding_grads_all_reduce_time_ms": 0.005835156819839533,
    "optimizer_time_ms": 4.768937057984978,
    "layer_compute_total_ms": [
      33.56457078814293,
      32.97284919825294,
      33.008456053545146,
      32.85204241303442,
      32.94026958393572,
      33.26288508495858,
      32.87371145241217,
      32.14634409025556,
      30.134228044743143,
      29.002595478468415,
      33.49754431102911,
      34.155350837275385,
      33.39741834473133,
      33.726170971119444,
      34.01035116501438,
      33.54986119532399,
      32.20207370435724,
      30.31358599568018,
      29.382442488166266,
      31.207143142700527,
      28.854242303014008,
      30.296119585508286,
      29.944857255281253,
      28.32078176714788,
      27.485791868312837,
      26.66193136340279,
      27.541300185039344,
      29.25038803623545
    ]
  },
  "execution_memory": {
    "total_memory": 28070.94140625,
    "layer_memory_total_mb": [
      140.06427789934355,
      140.06427789934355,
      140.06427789934355,
      140.06427789934355,
      140.06427789934355,
      140.06427789934355,
      140.06427789934355,
      140.06427789934355,
      140.06427789934355,
      140.06427789934355,
      140.06427789934355,
      140.06427789934355,
      140.06427789934355,
      140.06427789934355,
      140.06427789934355,
      140.06427789934355,
      140.06427789934355,
      140.06427789934355,
      140.06427789934355,
      140.06427789934355,
      140.06427789934355,
      140.06427789934355,
      140.06427789934355,
      140.06427789934355,
      140.06427789934355,
      140.06427789934355,
      140.06427789934355,
      140.06427789934355
    ]
  }
}