{
  "model": {
    "model_name": "google-bert/bert-base-uncased",
    "num_layers": 12,
    "parameters": {
      "total_parameters_bytes": 433981440,
      "parameters_per_layer_bytes": [
        567029.76,
        567029.76,
        567029.76,
        567029.76,
        567029.76,
        567029.76,
        567029.76,
        567029.76,
        567029.76,
        567029.76,
        567029.76,
        567029.76
      ]
    }
  },
  "execution_time": {
    "total_time_ms": 36.43204824998975,
    "forward_backward_time_ms": 43.692871488620014,
    "batch_generator_time_ms": 5.59348743990995,
    "layernorm_grads_all_reduce_time_ms": 0.0004,
    "embedding_grads_all_reduce_time_ms": 0.0008,
    "optimizer_time_ms": -2.8209707067010927,
    "layer_compute_total_ms": [
      3.0040306510636583,
      2.9853601899230853,
      2.77716323005734,
      2.9025728700798936,
      2.924666650069412,
      2.728770480316598,
      2.631422495469451,
      2.7495910151628777,
      2.709543924429454,
      2.6442583900643513,
      2.7606510152691044,
      2.840300604875665
    ]
  },
  "execution_memory": {
    "total_memory": 5280.732421875,
    "layer_memory_total_mb": [
      8.6521875,
      8.6521875,
      8.6521875,
      8.6521875,
      8.6521875,
      8.6521875,
      8.6521875,
      8.6521875,
      8.6521875,
      8.6521875,
      8.6521875,
      8.6521875
    ]
  }
}