{
  "model": {
    "model_name": "Qwen/Qwen3-1.7B",
    "num_layers": 28,
    "parameters": {
      "total_parameters_bytes": 8126959616,
      "parameters_per_layer_bytes": [
        5162666.666666666,
        5162666.666666666,
        5162666.666666666,
        5162666.666666666,
        5162666.666666666,
        5162666.666666666,
        5162666.666666666,
        5162666.666666666,
        5162666.666666666,
        5162666.666666666,
        5162666.666666666,
        5162666.666666666,
        5162666.666666666,
        5162666.666666666,
        5162666.666666666,
        5162666.666666666,
        5162666.666666666,
        5162666.666666666,
        5162666.666666666,
        5162666.666666666,
        5162666.666666666,
        5162666.666666666,
        5162666.666666666,
        5162666.666666666,
        5162666.666666666,
        5162666.666666666,
        5162666.666666666,
        5162666.666666666
      ]
    }
  },
  "execution_time": {
    "total_time_ms": 705.8109506287086,
    "forward_backward_time_ms": 752.0943559418581,
    "batch_generator_time_ms": 0.3939962047391022,
    "layernorm_grads_all_reduce_time_ms": 0.0005128205128205128,
    "embedding_grads_all_reduce_time_ms": 0.0010256410256410256,
    "optimizer_time_ms": 74.95771345133045,
    "layer_compute_total_ms": [
      23.60694529563308,
      24.23345478279934,
      23.51965285943618,
      23.399133423644784,
      23.081480576925408,
      23.28309423636454,
      22.94427657034248,
      22.81010383963943,
      22.196406385121055,
      22.133347519392817,
      23.05263591719827,
      23.25553512827565,
      22.783349724471545,
      22.898257058188438,
      22.980303738269214,
      22.647805602247946,
      22.560596307485888,
      22.04885748767246,
      22.24671666044742,
      22.419718583711447,
      22.272646621926327,
      21.931873244167758,
      21.252088172985122,
      21.39941326944002,
      21.29795498666891,
      21.437744936123728,
      21.48114884524451,
      21.283160737276866
    ]
  },
  "execution_memory": {
    "total_memory": 88397.4453125,
    "layer_memory_total_mb": [
      78.77604166666666,
      78.77604166666666,
      78.77604166666666,
      78.77604166666666,
      78.77604166666666,
      78.77604166666666,
      78.77604166666666,
      78.77604166666666,
      78.77604166666666,
      78.77604166666666,
      78.77604166666666,
      78.77604166666666,
      78.77604166666666,
      78.77604166666666,
      78.77604166666666,
      78.77604166666666,
      78.77604166666666,
      78.77604166666666,
      78.77604166666666,
      78.77604166666666,
      78.77604166666666,
      78.77604166666666,
      78.77604166666666,
      78.77604166666666,
      78.77604166666666,
      78.77604166666666,
      78.77604166666666,
      78.77604166666666
    ]
  }
}