{
  "model": {
    "model_name": "Qwen/Qwen3-1.7B",
    "num_layers": 28,
    "parameters": {
      "total_parameters_bytes": 8126959616,
      "parameters_per_layer_bytes": [
        5235316.754552923,
        5235316.754552923,
        5235316.754552923,
        5235316.754552923,
        5235316.754552923,
        5235316.754552923,
        5235316.754552923,
        5235316.754552923,
        5235316.754552923,
        5235316.754552923,
        5235316.754552923,
        5235316.754552923,
        5235316.754552923,
        5235316.754552923,
        5235316.754552923,
        5235316.754552923,
        5235316.754552923,
        5235316.754552923,
        5235316.754552923,
        5235316.754552923,
        5235316.754552923,
        5235316.754552923,
        5235316.754552923,
        5235316.754552923,
        5235316.754552923,
        5235316.754552923,
        5235316.754552923,
        5235316.754552923
      ]
    }
  },
  "execution_time": {
    "total_time_ms": 255.41188906024655,
    "forward_backward_time_ms": 303.5987265719974,
    "batch_generator_time_ms": 0.2875397318579763,
    "layernorm_grads_all_reduce_time_ms": 0.0005200370266362965,
    "embedding_grads_all_reduce_time_ms": 0.001040074053272593,
    "optimizer_time_ms": 38.220192789678094,
    "layer_compute_total_ms": [
      8.463007887466272,
      8.635656397856247,
      8.692448919559551,
      8.629154907800075,
      8.302124422777043,
      8.258392955582709,
      8.188013367220702,
      8.168799163089835,
      8.265961002253656,
      7.877938177212459,
      7.593974922806846,
      7.44814056870185,
      7.544374348866081,
      7.64775498677231,
      7.658712680571261,
      7.696719080340033,
      7.63433641354457,
      7.459794467749795,
      7.514400891372401,
      7.411548092040411,
      7.384115566763254,
      7.344816563576883,
      7.301460745401017,
      7.230785288755404,
      7.117686972533873,
      7.130498493639241,
      7.110565650302682,
      7.191413493074115
    ]
  },
  "execution_memory": {
    "total_memory": 88397.4453125,
    "layer_memory_total_mb": [
      79.88459403309514,
      79.88459403309514,
      79.88459403309514,
      79.88459403309514,
      79.88459403309514,
      79.88459403309514,
      79.88459403309514,
      79.88459403309514,
      79.88459403309514,
      79.88459403309514,
      79.88459403309514,
      79.88459403309514,
      79.88459403309514,
      79.88459403309514,
      79.88459403309514,
      79.88459403309514,
      79.88459403309514,
      79.88459403309514,
      79.88459403309514,
      79.88459403309514,
      79.88459403309514,
      79.88459403309514,
      79.88459403309514,
      79.88459403309514,
      79.88459403309514,
      79.88459403309514,
      79.88459403309514,
      79.88459403309514
    ]
  }
}