{
  "model": {
    "model_name": "Qwen/Qwen3-1.7B",
    "num_layers": 28,
    "parameters": {
      "total_parameters_bytes": 8126959616,
      "parameters_per_layer_bytes": [
        5084444.444444444,
        5084444.444444444,
        5084444.444444444,
        5084444.444444444,
        5084444.444444444,
        5084444.444444444,
        5084444.444444444,
        5084444.444444444,
        5084444.444444444,
        5084444.444444444,
        5084444.444444444,
        5084444.444444444,
        5084444.444444444,
        5084444.444444444,
        5084444.444444444,
        5084444.444444444,
        5084444.444444444,
        5084444.444444444,
        5084444.444444444,
        5084444.444444444,
        5084444.444444444,
        5084444.444444444,
        5084444.444444444,
        5084444.444444444,
        5084444.444444444,
        5084444.444444444,
        5084444.444444444,
        5084444.444444444
      ]
    }
  },
  "execution_time": {
    "total_time_ms": 695.1168453161524,
    "forward_backward_time_ms": 796.0570573049772,
    "batch_generator_time_ms": 0.3880265652733582,
    "layernorm_grads_all_reduce_time_ms": 0.000505050505050505,
    "embedding_grads_all_reduce_time_ms": 0.00101010101010101,
    "optimizer_time_ms": 73.82199052024968,
    "layer_compute_total_ms": [
      23.249264306305307,
      23.866281225484197,
      23.163294482778056,
      23.044601099044108,
      22.73176117424472,
      22.930320081268107,
      22.596636016246382,
      22.4644962057055,
      21.860097197467706,
      21.797993769098987,
      22.703353554816477,
      22.903178535422988,
      22.438147455918944,
      22.551313769428006,
      22.632117317992407,
      22.304657032516918,
      22.2187690907058,
      21.714783889374395,
      21.909645195895184,
      22.080025877897636,
      21.93518227916987,
      21.59957213440764,
      20.9300868370308,
      21.07517973505457,
      20.975258698992107,
      21.112930618909733,
      21.155676893043836,
      20.960688604893882
    ]
  },
  "execution_memory": {
    "total_memory": 88397.4453125,
    "layer_memory_total_mb": [
      77.58246527777777,
      77.58246527777777,
      77.58246527777777,
      77.58246527777777,
      77.58246527777777,
      77.58246527777777,
      77.58246527777777,
      77.58246527777777,
      77.58246527777777,
      77.58246527777777,
      77.58246527777777,
      77.58246527777777,
      77.58246527777777,
      77.58246527777777,
      77.58246527777777,
      77.58246527777777,
      77.58246527777777,
      77.58246527777777,
      77.58246527777777,
      77.58246527777777,
      77.58246527777777,
      77.58246527777777,
      77.58246527777777,
      77.58246527777777,
      77.58246527777777,
      77.58246527777777,
      77.58246527777777,
      77.58246527777777
    ]
  }
}