{
  "model": {
    "model_name": "Qwen/Qwen3-1.7B",
    "num_layers": 28,
    "parameters": {
      "total_parameters_bytes": 8126959616,
      "parameters_per_layer_bytes": [
        2237155.5555555555,
        2237155.5555555555,
        2237155.5555555555,
        2237155.5555555555,
        2237155.5555555555,
        2237155.5555555555,
        2237155.5555555555,
        2237155.5555555555,
        2237155.5555555555,
        2237155.5555555555,
        2237155.5555555555,
        2237155.5555555555,
        2237155.5555555555,
        2237155.5555555555,
        2237155.5555555555,
        2237155.5555555555,
        2237155.5555555555,
        2237155.5555555555,
        2237155.5555555555,
        2237155.5555555555,
        2237155.5555555555,
        2237155.5555555555,
        2237155.5555555555,
        2237155.5555555555,
        2237155.5555555555,
        2237155.5555555555,
        2237155.5555555555,
        2237155.5555555555
      ]
    }
  },
  "execution_time": {
    "total_time_ms": 305.8514119391071,
    "forward_backward_time_ms": 354.6468088138666,
    "batch_generator_time_ms": 0.1707316887202776,
    "layernorm_grads_all_reduce_time_ms": 0.00022222222222222223,
    "embedding_grads_all_reduce_time_ms": 0.00044444444444444447,
    "optimizer_time_ms": 32.481675828909864,
    "layer_compute_total_ms": [
      10.229676294774334,
      10.501163739213048,
      10.191849572422345,
      10.139624483579407,
      10.001974916667677,
      10.089340835757968,
      9.942519847148409,
      9.88437833051042,
      9.61844276688579,
      9.591117258403553,
      9.989475564119251,
      10.077398555586115,
      9.872784880604337,
      9.922578058548323,
      9.95813161991666,
      9.814049094307444,
      9.776258399910553,
      9.554504911324734,
      9.640243886193883,
      9.71521138627496,
      9.651480202834744,
      9.503811739139362,
      9.209238208293552,
      9.27307908342401,
      9.229113827556528,
      9.289689472320283,
      9.308497832939288,
      9.222702986153308
    ]
  },
  "execution_memory": {
    "total_memory": 88397.4453125,
    "layer_memory_total_mb": [
      34.13628472222222,
      34.13628472222222,
      34.13628472222222,
      34.13628472222222,
      34.13628472222222,
      34.13628472222222,
      34.13628472222222,
      34.13628472222222,
      34.13628472222222,
      34.13628472222222,
      34.13628472222222,
      34.13628472222222,
      34.13628472222222,
      34.13628472222222,
      34.13628472222222,
      34.13628472222222,
      34.13628472222222,
      34.13628472222222,
      34.13628472222222,
      34.13628472222222,
      34.13628472222222,
      34.13628472222222,
      34.13628472222222,
      34.13628472222222,
      34.13628472222222,
      34.13628472222222,
      34.13628472222222,
      34.13628472222222
    ]
  }
}