{
  "model": {
    "model_name": "Qwen/Qwen3-0.6B",
    "num_layers": 28,
    "parameters": {
      "total_parameters_bytes": 3006529536,
      "parameters_per_layer_bytes": [
        62923776,
        62923776,
        62923776,
        62923776,
        62923776,
        62923776,
        62923776,
        62923776,
        62923776,
        62923776,
        62923776,
        62923776,
        62923776,
        62923776,
        62923776,
        62923776,
        62923776,
        62923776,
        62923776,
        62923776,
        62923776,
        62923776,
        62923776,
        62923776,
        62923776,
        62923776,
        62923776,
        62923776
      ]
    }
  },
  "execution_time": {
    "total_time_ms": 8143.8458134944085,
    "forward_backward_time_ms": 6687.856621778337,
    "batch_generator_time_ms": 20.106743002543226,
    "layernorm_grads_all_reduce_time_ms": 0.02,
    "embedding_grads_all_reduce_time_ms": 0.04,
    "optimizer_time_ms": 1435.822448713528,
    "layer_compute_total_ms": [
      275.56808598455973,
      277.0610652369214,
      250.74282476271037,
      244.30910826049512,
      250.9236802434316,
      247.52147174876882,
      248.62852723890683,
      253.667290249723,
      260.1649990028818,
      266.72990875522373,
      257.155129504099,
      243.1976847437909,
      241.89840649341932,
      258.5275127494242,
      253.30431899783434,
      237.6531737318146,
      228.55826025624992,
      235.41355726047186,
      213.4879780060146,
      205.62265400076285,
      216.94981924520107,
      220.0437295177835,
      227.64225575519959,
      212.8949985053623,
      216.50192325614626,
      206.264026252029,
      208.22231176134665,
      229.20192025776487
    ]
  },
  "execution_memory": {
    "total_memory": 28070.94140625,
    "layer_memory_total_mb": [
      960.140625,
      960.140625,
      960.140625,
      960.140625,
      960.140625,
      960.140625,
      960.140625,
      960.140625,
      960.140625,
      960.140625,
      960.140625,
      960.140625,
      960.140625,
      960.140625,
      960.140625,
      960.140625,
      960.140625,
      960.140625,
      960.140625,
      960.140625,
      960.140625,
      960.140625,
      960.140625,
      960.140625,
      960.140625,
      960.140625,
      960.140625,
      960.140625
    ]
  }
}