{
  "model": {
    "model_name": "Qwen/Qwen3-0.6B",
    "num_layers": 28,
    "parameters": {
      "total_parameters_bytes": 3006529536,
      "parameters_per_layer_bytes": [
        1613430.1538461538,
        1613430.1538461538,
        1613430.1538461538,
        1613430.1538461538,
        1613430.1538461538,
        1613430.1538461538,
        1613430.1538461538,
        1613430.1538461538,
        1613430.1538461538,
        1613430.1538461538,
        1613430.1538461538,
        1613430.1538461538,
        1613430.1538461538,
        1613430.1538461538,
        1613430.1538461538,
        1613430.1538461538,
        1613430.1538461538,
        1613430.1538461538,
        1613430.1538461538,
        1613430.1538461538,
        1613430.1538461538,
        1613430.1538461538,
        1613430.1538461538,
        1613430.1538461538,
        1613430.1538461538,
        1613430.1538461538,
        1613430.1538461538,
        1613430.1538461538
      ]
    }
  },
  "execution_time": {
    "total_time_ms": 101.57539393567743,
    "forward_backward_time_ms": 123.25082071283397,
    "batch_generator_time_ms": 0.17580946083538807,
    "layernorm_grads_all_reduce_time_ms": 0.0005128205128205128,
    "embedding_grads_all_reduce_time_ms": 0.0010256410256410256,
    "optimizer_time_ms": -1.9193484669548866,
    "layer_compute_total_ms": [
      4.0365227689154635,
      3.818802737768214,
      3.803339070425584,
      3.857915781853267,
      3.7490156985138756,
      3.5641272123216483,
      3.535858249867884,
      3.4297396606491066,
      3.464114351514488,
      3.3957249550626445,
      3.8164748391584276,
      3.7923436537265585,
      3.795223968410984,
      3.7343549681678176,
      3.791565788560547,
      3.7420047372460172,
      3.747259724127033,
      3.7292400766790914,
      3.7602336151161206,
      3.7307864747559414,
      3.5985690572908005,
      3.5636695452595655,
      3.6393865638484173,
      3.6499085448061424,
      3.783405506953549,
      3.607486513105985,
      3.4032578457696125,
      3.7770625703836767
    ]
  },
  "execution_memory": {
    "total_memory": 28070.94140625,
    "layer_memory_total_mb": [
      24.618990384615383,
      24.618990384615383,
      24.618990384615383,
      24.618990384615383,
      24.618990384615383,
      24.618990384615383,
      24.618990384615383,
      24.618990384615383,
      24.618990384615383,
      24.618990384615383,
      24.618990384615383,
      24.618990384615383,
      24.618990384615383,
      24.618990384615383,
      24.618990384615383,
      24.618990384615383,
      24.618990384615383,
      24.618990384615383,
      24.618990384615383,
      24.618990384615383,
      24.618990384615383,
      24.618990384615383,
      24.618990384615383,
      24.618990384615383,
      24.618990384615383,
      24.618990384615383,
      24.618990384615383,
      24.618990384615383
    ]
  }
}