{
  "model": {
    "model_name": "Qwen/Qwen3-1.7B",
    "num_layers": 28,
    "parameters": {
      "total_parameters_bytes": 8126959616,
      "parameters_per_layer_bytes": [
        5162666.666666666,
        5162666.666666666,
        5162666.666666666,
        5162666.666666666,
        5162666.666666666,
        5162666.666666666,
        5162666.666666666,
        5162666.666666666,
        5162666.666666666,
        5162666.666666666,
        5162666.666666666,
        5162666.666666666,
        5162666.666666666,
        5162666.666666666,
        5162666.666666666,
        5162666.666666666,
        5162666.666666666,
        5162666.666666666,
        5162666.666666666,
        5162666.666666666,
        5162666.666666666,
        5162666.666666666,
        5162666.666666666,
        5162666.666666666,
        5162666.666666666,
        5162666.666666666,
        5162666.666666666,
        5162666.666666666
      ]
    }
  },
  "execution_time": {
    "total_time_ms": 251.86755792282594,
    "forward_backward_time_ms": 255.15979668451848,
    "batch_generator_time_ms": 0.28354956511742413,
    "layernorm_grads_all_reduce_time_ms": 0.0005128205128205128,
    "embedding_grads_all_reduce_time_ms": 0.0010256410256410256,
    "optimizer_time_ms": 37.68981411435056,
    "layer_compute_total_ms": [
      8.345567378012511,
      8.515820058304458,
      8.571824474552741,
      8.50940878892568,
      8.186916480787122,
      8.143791871799085,
      8.074388935570964,
      8.055441365472804,
      8.151254897268537,
      7.768616635122528,
      7.488593916954974,
      7.344783294963865,
      7.439681646363356,
      7.541627679109716,
      7.55243331383472,
      7.589912301717469,
      7.52839531439046,
      7.356275473751175,
      7.410124128233665,
      7.3086986092862505,
      7.28164676305217,
      7.242893109110017,
      7.200138936287915,
      7.130444237517598,
      7.018915377930403,
      7.031549114542893,
      7.011892877740021,
      7.09161880121638
    ]
  },
  "execution_memory": {
    "total_memory": 88397.4453125,
    "layer_memory_total_mb": [
      78.77604166666666,
      78.77604166666666,
      78.77604166666666,
      78.77604166666666,
      78.77604166666666,
      78.77604166666666,
      78.77604166666666,
      78.77604166666666,
      78.77604166666666,
      78.77604166666666,
      78.77604166666666,
      78.77604166666666,
      78.77604166666666,
      78.77604166666666,
      78.77604166666666,
      78.77604166666666,
      78.77604166666666,
      78.77604166666666,
      78.77604166666666,
      78.77604166666666,
      78.77604166666666,
      78.77604166666666,
      78.77604166666666,
      78.77604166666666,
      78.77604166666666,
      78.77604166666666,
      78.77604166666666,
      78.77604166666666
    ]
  }
}