{
  "model": {
    "model_name": "Qwen/Qwen3-1.7B",
    "num_layers": 28,
    "parameters": {
      "total_parameters_bytes": 8126959616,
      "parameters_per_layer_bytes": [
        5162666.666666666,
        5162666.666666666,
        5162666.666666666,
        5162666.666666666,
        5162666.666666666,
        5162666.666666666,
        5162666.666666666,
        5162666.666666666,
        5162666.666666666,
        5162666.666666666,
        5162666.666666666,
        5162666.666666666,
        5162666.666666666,
        5162666.666666666,
        5162666.666666666,
        5162666.666666666,
        5162666.666666666,
        5162666.666666666,
        5162666.666666666,
        5162666.666666666,
        5162666.666666666,
        5162666.666666666,
        5162666.666666666,
        5162666.666666666,
        5162666.666666666,
        5162666.666666666,
        5162666.666666666,
        5162666.666666666
      ]
    }
  },
  "execution_time": {
    "total_time_ms": 342.2874937308594,
    "forward_backward_time_ms": 348.7743604316727,
    "batch_generator_time_ms": 0.2253116421902982,
    "layernorm_grads_all_reduce_time_ms": 0.0005128205128205128,
    "embedding_grads_all_reduce_time_ms": 0.0010256410256410256,
    "optimizer_time_ms": 49.69376141969437,
    "layer_compute_total_ms": [
      11.66343282108219,
      11.733788237623417,
      11.391177743252438,
      11.373212012889173,
      11.125730724485877,
      10.720562878234956,
      10.79799188412905,
      10.505648198886774,
      10.322946903612225,
      10.489533743403182,
      10.175142833479464,
      10.316136506541321,
      10.325467141228728,
      10.197340596604567,
      10.214602032553953,
      10.194630679623701,
      10.194865512834767,
      10.367753211773024,
      10.231816416191391,
      10.363012685840472,
      10.235412557122823,
      10.226880237892962,
      10.248212692647193,
      9.975523487530433,
      9.707019225177833,
      9.67046537120134,
      9.665416788685924,
      9.933159082907084
    ]
  },
  "execution_memory": {
    "total_memory": 88397.4453125,
    "layer_memory_total_mb": [
      78.77604166666666,
      78.77604166666666,
      78.77604166666666,
      78.77604166666666,
      78.77604166666666,
      78.77604166666666,
      78.77604166666666,
      78.77604166666666,
      78.77604166666666,
      78.77604166666666,
      78.77604166666666,
      78.77604166666666,
      78.77604166666666,
      78.77604166666666,
      78.77604166666666,
      78.77604166666666,
      78.77604166666666,
      78.77604166666666,
      78.77604166666666,
      78.77604166666666,
      78.77604166666666,
      78.77604166666666,
      78.77604166666666,
      78.77604166666666,
      78.77604166666666,
      78.77604166666666,
      78.77604166666666,
      78.77604166666666
    ]
  }
}