{
  "model": {
    "model_name": "Qwen/Qwen3-1.7B",
    "num_layers": 28,
    "parameters": {
      "total_parameters_bytes": 8126959616,
      "parameters_per_layer_bytes": [
        9423570.158195265,
        9423570.158195265,
        9423570.158195265,
        9423570.158195265,
        9423570.158195265,
        9423570.158195265,
        9423570.158195265,
        9423570.158195265,
        9423570.158195265,
        9423570.158195265,
        9423570.158195265,
        9423570.158195265,
        9423570.158195265,
        9423570.158195265,
        9423570.158195265,
        9423570.158195265,
        9423570.158195265,
        9423570.158195265,
        9423570.158195265,
        9423570.158195265,
        9423570.158195265,
        9423570.158195265,
        9423570.158195265,
        9423570.158195265,
        9423570.158195265,
        9423570.158195265,
        9423570.158195265,
        9423570.158195265
      ]
    }
  },
  "execution_time": {
    "total_time_ms": 459.7414003084439,
    "forward_backward_time_ms": 546.4777078295954,
    "batch_generator_time_ms": 0.5175715173443575,
    "layernorm_grads_all_reduce_time_ms": 0.0009360666479453338,
    "embedding_grads_all_reduce_time_ms": 0.0018721332958906677,
    "optimizer_time_ms": 68.79634702142057,
    "layer_compute_total_ms": [
      15.233414197439293,
      15.544181516141247,
      15.646408055207196,
      15.532478834040138,
      14.94382396099868,
      14.865107320048876,
      14.738424060997266,
      14.703838493561706,
      14.878729804056583,
      14.18028871898243,
      13.669154861052327,
      13.406653023663333,
      13.579873827958949,
      13.765958976190161,
      13.785682825028273,
      13.854094344612061,
      13.74180554438023,
      13.427630041949634,
      13.525921604470325,
      13.340786565672742,
      13.291408020173858,
      13.220669814438391,
      13.142629341721833,
      13.01541351975973,
      12.811836550560974,
      12.834897288550636,
      12.79901817054483,
      12.94454428753341
    ]
  },
  "execution_memory": {
    "total_memory": 88397.4453125,
    "layer_memory_total_mb": [
      143.7922692595713,
      143.7922692595713,
      143.7922692595713,
      143.7922692595713,
      143.7922692595713,
      143.7922692595713,
      143.7922692595713,
      143.7922692595713,
      143.7922692595713,
      143.7922692595713,
      143.7922692595713,
      143.7922692595713,
      143.7922692595713,
      143.7922692595713,
      143.7922692595713,
      143.7922692595713,
      143.7922692595713,
      143.7922692595713,
      143.7922692595713,
      143.7922692595713,
      143.7922692595713,
      143.7922692595713,
      143.7922692595713,
      143.7922692595713,
      143.7922692595713,
      143.7922692595713,
      143.7922692595713,
      143.7922692595713
    ]
  }
}