{
  "model": {
    "model_name": "google-bert/bert-base-uncased",
    "num_layers": 12,
    "parameters": {
      "total_parameters_bytes": 433981440,
      "parameters_per_layer_bytes": [
        567029.76,
        567029.76,
        567029.76,
        567029.76,
        567029.76,
        567029.76,
        567029.76,
        567029.76,
        567029.76,
        567029.76,
        567029.76,
        567029.76
      ]
    }
  },
  "execution_time": {
    "total_time_ms": 14.758427889901213,
    "forward_backward_time_ms": 16.816810268651995,
    "batch_generator_time_ms": 1.628667179029435,
    "layernorm_grads_all_reduce_time_ms": 0.0004,
    "embedding_grads_all_reduce_time_ms": 0.0008,
    "optimizer_time_ms": 0.17391260026367383,
    "layer_compute_total_ms": [
      1.1685652000596747,
      1.1176928953500465,
      1.1240055999951437,
      1.0928964451886714,
      1.026779985113535,
      1.0738436700194143,
      1.0295729199424386,
      1.0401127801742405,
      1.0529248250531964,
      1.0432681650854647,
      1.054107004601974,
      1.1308786200243048
    ]
  },
  "execution_memory": {
    "total_memory": 5280.732421875,
    "layer_memory_total_mb": [
      8.6521875,
      8.6521875,
      8.6521875,
      8.6521875,
      8.6521875,
      8.6521875,
      8.6521875,
      8.6521875,
      8.6521875,
      8.6521875,
      8.6521875,
      8.6521875
    ]
  }
}