{
  "model": {
    "model_name": "google-bert/bert-base-uncased",
    "num_layers": 12,
    "parameters": {
      "total_parameters_bytes": 433981440,
      "parameters_per_layer_bytes": [
        659974.1951761255,
        659974.1951761255,
        659974.1951761255,
        659974.1951761255,
        659974.1951761255,
        659974.1951761255,
        659974.1951761255,
        659974.1951761255,
        659974.1951761255,
        659974.1951761255,
        659974.1951761255,
        659974.1951761255
      ]
    }
  },
  "execution_time": {
    "total_time_ms": 14.289548541251305,
    "forward_backward_time_ms": 14.585843202586286,
    "batch_generator_time_ms": 0.6062926633528437,
    "layernorm_grads_all_reduce_time_ms": 0.0004655658250996388,
    "embedding_grads_all_reduce_time_ms": 0.0009311316501992776,
    "optimizer_time_ms": 3.2611723170446036,
    "layer_compute_total_ms": [
      0.8487282332553409,
      0.8406232558702224,
      0.8642864657697338,
      0.8782071870859905,
      0.8596856864903579,
      0.8704330281737791,
      0.8658162395274048,
      0.835614995671464,
      0.9087438587006501,
      0.8317060641966602,
      0.889324677082046,
      0.927517171554909
    ]
  },
  "execution_memory": {
    "total_memory": 5280.732421875,
    "layer_memory_total_mb": [
      10.070407030885704,
      10.070407030885704,
      10.070407030885704,
      10.070407030885704,
      10.070407030885704,
      10.070407030885704,
      10.070407030885704,
      10.070407030885704,
      10.070407030885704,
      10.070407030885704,
      10.070407030885704,
      10.070407030885704
    ]
  }
}