{
  "model": {
    "model_name": "Qwen/Qwen3-1.7B",
    "num_layers": 28,
    "parameters": {
      "total_parameters_bytes": 8126959616,
      "parameters_per_layer_bytes": [
        12337254.901960785,
        12337254.901960785,
        12337254.901960785,
        12337254.901960785,
        12337254.901960785,
        12337254.901960785,
        12337254.901960785,
        12337254.901960785,
        12337254.901960785,
        12337254.901960785,
        12337254.901960785,
        12337254.901960785,
        12337254.901960785,
        12337254.901960785,
        12337254.901960785,
        12337254.901960785,
        12337254.901960785,
        12337254.901960785,
        12337254.901960785,
        12337254.901960785,
        12337254.901960785,
        12337254.901960785,
        12337254.901960785,
        12337254.901960785,
        12337254.901960785,
        12337254.901960785,
        12337254.901960785,
        12337254.901960785
      ]
    }
  },
  "execution_time": {
    "total_time_ms": 1686.6805805465465,
    "forward_backward_time_ms": 1800.203887223839,
    "batch_generator_time_ms": 0.9415350480897662,
    "layernorm_grads_all_reduce_time_ms": 0.0012254901960784314,
    "embedding_grads_all_reduce_time_ms": 0.0024509803921568627,
    "optimizer_time_ms": 179.12688876237056,
    "layer_compute_total_ms": [
      56.41365603735846,
      57.910829444189595,
      56.20505278909381,
      55.91704678444526,
      55.157949908093805,
      55.639747256018204,
      54.83007268648019,
      54.50943932266775,
      53.04288290562017,
      52.89219076325489,
      55.08901965506939,
      55.57388909330577,
      54.445504856273914,
      54.720099587582666,
      54.91616702159922,
      54.12159427007781,
      53.91318970538907,
      52.690284437452576,
      53.16310966651037,
      53.57653338019279,
      53.225074647985714,
      52.41072650260678,
      50.78624011926591,
      51.1383037688824,
      50.895848313730845,
      51.22990517823685,
      51.33362775517989,
      50.86049440893368
    ]
  },
  "execution_memory": {
    "total_memory": 88397.4453125,
    "layer_memory_total_mb": [
      188.25157015931373,
      188.25157015931373,
      188.25157015931373,
      188.25157015931373,
      188.25157015931373,
      188.25157015931373,
      188.25157015931373,
      188.25157015931373,
      188.25157015931373,
      188.25157015931373,
      188.25157015931373,
      188.25157015931373,
      188.25157015931373,
      188.25157015931373,
      188.25157015931373,
      188.25157015931373,
      188.25157015931373,
      188.25157015931373,
      188.25157015931373,
      188.25157015931373,
      188.25157015931373,
      188.25157015931373,
      188.25157015931373,
      188.25157015931373,
      188.25157015931373,
      188.25157015931373,
      188.25157015931373,
      188.25157015931373
    ]
  }
}