{
  "model": {
    "model_name": "Qwen/Qwen3-1.7B",
    "num_layers": 28,
    "parameters": {
      "total_parameters_bytes": 8126959616,
      "parameters_per_layer_bytes": [
        9423570.158195265,
        9423570.158195265,
        9423570.158195265,
        9423570.158195265,
        9423570.158195265,
        9423570.158195265,
        9423570.158195265,
        9423570.158195265,
        9423570.158195265,
        9423570.158195265,
        9423570.158195265,
        9423570.158195265,
        9423570.158195265,
        9423570.158195265,
        9423570.158195265,
        9423570.158195265,
        9423570.158195265,
        9423570.158195265,
        9423570.158195265,
        9423570.158195265,
        9423570.158195265,
        9423570.158195265,
        9423570.158195265,
        9423570.158195265,
        9423570.158195265,
        9423570.158195265,
        9423570.158195265,
        9423570.158195265
      ]
    }
  },
  "execution_time": {
    "total_time_ms": 1040.6524552784742,
    "forward_backward_time_ms": 1330.764144951003,
    "batch_generator_time_ms": 0.5407681365497498,
    "layernorm_grads_all_reduce_time_ms": 0.0009360666479453338,
    "embedding_grads_all_reduce_time_ms": 0.0018721332958906677,
    "optimizer_time_ms": 89.35983749560005,
    "layer_compute_total_ms": [
      36.67762062356747,
      38.05757696842175,
      37.53665639378406,
      36.83092295073446,
      35.75715507039864,
      35.052503534935035,
      34.88647747649792,
      35.8578204149423,
      35.62154901499844,
      35.03019731027647,
      34.39438782363102,
      34.31363120249615,
      33.511613979142545,
      33.526317466264494,
      33.974777204696366,
      32.94343693158073,
      33.742148098189524,
      33.341621348945935,
      33.12081786527155,
      32.535086783660816,
      31.578960053399854,
      31.712981266564174,
      32.02189960663056,
      31.971967974612955,
      31.41786985191049,
      31.510963365561793,
      31.963095841622888,
      31.85898502364213
    ]
  },
  "execution_memory": {
    "total_memory": 88397.4453125,
    "layer_memory_total_mb": [
      143.7922692595713,
      143.7922692595713,
      143.7922692595713,
      143.7922692595713,
      143.7922692595713,
      143.7922692595713,
      143.7922692595713,
      143.7922692595713,
      143.7922692595713,
      143.7922692595713,
      143.7922692595713,
      143.7922692595713,
      143.7922692595713,
      143.7922692595713,
      143.7922692595713,
      143.7922692595713,
      143.7922692595713,
      143.7922692595713,
      143.7922692595713,
      143.7922692595713,
      143.7922692595713,
      143.7922692595713,
      143.7922692595713,
      143.7922692595713,
      143.7922692595713,
      143.7922692595713,
      143.7922692595713,
      143.7922692595713
    ]
  }
}