{
  "model": {
    "model_name": "Qwen/Qwen3-0.6B",
    "num_layers": 28,
    "parameters": {
      "total_parameters_bytes": 3006529536,
      "parameters_per_layer_bytes": [
        27537757.549234137,
        27537757.549234137,
        27537757.549234137,
        27537757.549234137,
        27537757.549234137,
        27537757.549234137,
        27537757.549234137,
        27537757.549234137,
        27537757.549234137,
        27537757.549234137,
        27537757.549234137,
        27537757.549234137,
        27537757.549234137,
        27537757.549234137,
        27537757.549234137,
        27537757.549234137,
        27537757.549234137,
        27537757.549234137,
        27537757.549234137,
        27537757.549234137,
        27537757.549234137,
        27537757.549234137,
        27537757.549234137,
        27537757.549234137,
        27537757.549234137,
        27537757.549234137,
        27537757.549234137,
        27537757.549234137
      ]
    }
  },
  "execution_time": {
    "total_time_ms": 3784.098813782295,
    "forward_backward_time_ms": 4111.322649389074,
    "batch_generator_time_ms": 8.02313698011428,
    "layernorm_grads_all_reduce_time_ms": 0.0087527352297593,
    "embedding_grads_all_reduce_time_ms": 0.0175054704595186,
    "optimizer_time_ms": 575.0075616010993,
    "layer_compute_total_ms": [
      124.89522681077351,
      126.7769585290457,
      118.73335666514839,
      119.68836695563631,
      116.74994069759894,
      117.33854158309694,
      115.21530666817041,
      117.94465602017915,
      110.65458150387434,
      111.10117187898268,
      109.8952857770853,
      111.50469255892976,
      113.85677199129573,
      114.75179737667641,
      110.12876520689406,
      114.65905941243302,
      117.39143106986563,
      113.80167199218242,
      110.10974660516804,
      113.90279967050502,
      113.72004978382182,
      111.95298381092708,
      109.85359639317588,
      114.75395569636403,
      114.20813183739875,
      110.34173621499046,
      106.50288938372488,
      110.60838490144779
    ]
  },
  "execution_memory": {
    "total_memory": 28070.94140625,
    "layer_memory_total_mb": [
      420.19283369803065,
      420.19283369803065,
      420.19283369803065,
      420.19283369803065,
      420.19283369803065,
      420.19283369803065,
      420.19283369803065,
      420.19283369803065,
      420.19283369803065,
      420.19283369803065,
      420.19283369803065,
      420.19283369803065,
      420.19283369803065,
      420.19283369803065,
      420.19283369803065,
      420.19283369803065,
      420.19283369803065,
      420.19283369803065,
      420.19283369803065,
      420.19283369803065,
      420.19283369803065,
      420.19283369803065,
      420.19283369803065,
      420.19283369803065,
      420.19283369803065,
      420.19283369803065,
      420.19283369803065,
      420.19283369803065
    ]
  }
}