{
  "model": {
    "model_name": "google-bert/bert-base-uncased",
    "num_layers": 12,
    "parameters": {
      "total_parameters_bytes": 433981440,
      "parameters_per_layer_bytes": [
        480647.74692299863,
        480647.74692299863,
        480647.74692299863,
        480647.74692299863,
        480647.74692299863,
        480647.74692299863,
        480647.74692299863,
        480647.74692299863,
        480647.74692299863,
        480647.74692299863,
        480647.74692299863,
        480647.74692299863
      ]
    }
  },
  "execution_time": {
    "total_time_ms": 12.510110780440453,
    "forward_backward_time_ms": 14.077450568730328,
    "batch_generator_time_ms": 1.3805540119938924,
    "layernorm_grads_all_reduce_time_ms": 0.0003390635065947852,
    "embedding_grads_all_reduce_time_ms": 0.0006781270131895704,
    "optimizer_time_ms": 0.14741854021604603,
    "layer_compute_total_ms": [
      0.9905445360421749,
      0.9474221809836625,
      0.9527732004163221,
      0.9264032526266158,
      0.8703590556348413,
      0.9102530007284899,
      0.8727265113267881,
      0.8816607162498222,
      0.8925209584080936,
      0.8843354059314622,
      0.8935230432661766,
      0.9585991760962811
    ]
  },
  "execution_memory": {
    "total_memory": 5280.732421875,
    "layer_memory_total_mb": [
      7.3341025836639195,
      7.3341025836639195,
      7.3341025836639195,
      7.3341025836639195,
      7.3341025836639195,
      7.3341025836639195,
      7.3341025836639195,
      7.3341025836639195,
      7.3341025836639195,
      7.3341025836639195,
      7.3341025836639195,
      7.3341025836639195
    ]
  }
}