{
  "model": {
    "model_name": "Qwen/Qwen3-0.6B",
    "num_layers": 28,
    "parameters": {
      "total_parameters_bytes": 3006529536,
      "parameters_per_layer_bytes": [
        27537757.549234137,
        27537757.549234137,
        27537757.549234137,
        27537757.549234137,
        27537757.549234137,
        27537757.549234137,
        27537757.549234137,
        27537757.549234137,
        27537757.549234137,
        27537757.549234137,
        27537757.549234137,
        27537757.549234137,
        27537757.549234137,
        27537757.549234137,
        27537757.549234137,
        27537757.549234137,
        27537757.549234137,
        27537757.549234137,
        27537757.549234137,
        27537757.549234137,
        27537757.549234137,
        27537757.549234137,
        27537757.549234137,
        27537757.549234137,
        27537757.549234137,
        27537757.549234137,
        27537757.549234137,
        27537757.549234137
      ]
    }
  },
  "execution_time": {
    "total_time_ms": 5975.986155579417,
    "forward_backward_time_ms": 6553.394570480694,
    "batch_generator_time_ms": 8.428170237714665,
    "layernorm_grads_all_reduce_time_ms": 0.0087527352297593,
    "embedding_grads_all_reduce_time_ms": 0.0175054704595186,
    "optimizer_time_ms": 865.1128428793274,
    "layer_compute_total_ms": [
      185.64364420075816,
      190.29369880266984,
      187.2093946223618,
      192.33735054461346,
      191.7849899398538,
      193.62019988885496,
      192.94347823444647,
      194.49517833292117,
      190.2069493336501,
      190.144621652981,
      185.459916304371,
      185.38288468713068,
      180.64625832151327,
      179.92224180902795,
      184.2457147763993,
      180.5214478055533,
      182.04196488191283,
      179.5896515390312,
      179.29141247554332,
      178.47625994815388,
      175.45555263026097,
      171.35713927175735,
      174.8447128965395,
      174.55239562828226,
      168.39887177025497,
      167.01555635354174,
      170.2865925569116,
      176.2508050473896
    ]
  },
  "execution_memory": {
    "total_memory": 28070.94140625,
    "layer_memory_total_mb": [
      420.19283369803065,
      420.19283369803065,
      420.19283369803065,
      420.19283369803065,
      420.19283369803065,
      420.19283369803065,
      420.19283369803065,
      420.19283369803065,
      420.19283369803065,
      420.19283369803065,
      420.19283369803065,
      420.19283369803065,
      420.19283369803065,
      420.19283369803065,
      420.19283369803065,
      420.19283369803065,
      420.19283369803065,
      420.19283369803065,
      420.19283369803065,
      420.19283369803065,
      420.19283369803065,
      420.19283369803065,
      420.19283369803065,
      420.19283369803065,
      420.19283369803065,
      420.19283369803065,
      420.19283369803065,
      420.19283369803065
    ]
  }
}