{
  "model": {
    "model_name": "Qwen/Qwen3-0.6B",
    "num_layers": 28,
    "parameters": {
      "total_parameters_bytes": 3006529536,
      "parameters_per_layer_bytes": [
        2945042.403819152,
        2945042.403819152,
        2945042.403819152,
        2945042.403819152,
        2945042.403819152,
        2945042.403819152,
        2945042.403819152,
        2945042.403819152,
        2945042.403819152,
        2945042.403819152,
        2945042.403819152,
        2945042.403819152,
        2945042.403819152,
        2945042.403819152,
        2945042.403819152,
        2945042.403819152,
        2945042.403819152,
        2945042.403819152,
        2945042.403819152,
        2945042.403819152,
        2945042.403819152,
        2945042.403819152,
        2945042.403819152,
        2945042.403819152,
        2945042.403819152,
        2945042.403819152,
        2945042.403819152,
        2945042.403819152
      ]
    }
  },
  "execution_time": {
    "total_time_ms": 129.40824583437734,
    "forward_backward_time_ms": 187.5721653379629,
    "batch_generator_time_ms": 0.29301057877595293,
    "layernorm_grads_all_reduce_time_ms": 0.0009360666479453338,
    "embedding_grads_all_reduce_time_ms": 0.0018721332958906677,
    "optimizer_time_ms": -4.896335559190548,
    "layer_compute_total_ms": [
      5.765210966154667,
      5.6596079168983,
      5.530435295503668,
      5.668786061014443,
      5.481490570889729,
      5.512182837631606,
      5.573466583131122,
      5.718643065939689,
      5.539386631068943,
      5.519456414877741,
      4.7513621986674,
      4.474274139463782,
      4.534951662091382,
      4.482662115808966,
      4.499566705768122,
      4.47771991870495,
      4.6538939894493305,
      4.380623714359001,
      4.36825405926042,
      4.319261969068246,
      4.6983366793626224,
      4.490013478987809,
      4.084338375740259,
      3.7475920157454494,
      4.130704648224823,
      3.8631882546296086,
      3.9339139278464894,
      4.149438418559516
    ]
  },
  "execution_memory": {
    "total_memory": 28070.94140625,
    "layer_memory_total_mb": [
      44.93778081999439,
      44.93778081999439,
      44.93778081999439,
      44.93778081999439,
      44.93778081999439,
      44.93778081999439,
      44.93778081999439,
      44.93778081999439,
      44.93778081999439,
      44.93778081999439,
      44.93778081999439,
      44.93778081999439,
      44.93778081999439,
      44.93778081999439,
      44.93778081999439,
      44.93778081999439,
      44.93778081999439,
      44.93778081999439,
      44.93778081999439,
      44.93778081999439,
      44.93778081999439,
      44.93778081999439,
      44.93778081999439,
      44.93778081999439,
      44.93778081999439,
      44.93778081999439,
      44.93778081999439,
      44.93778081999439
    ]
  }
}