{
  "model": {
    "model_name": "Qwen/Qwen3-1.7B",
    "num_layers": 28,
    "parameters": {
      "total_parameters_bytes": 8126959616,
      "parameters_per_layer_bytes": [
        3413420.133591021,
        3413420.133591021,
        3413420.133591021,
        3413420.133591021,
        3413420.133591021,
        3413420.133591021,
        3413420.133591021,
        3413420.133591021,
        3413420.133591021,
        3413420.133591021,
        3413420.133591021,
        3413420.133591021,
        3413420.133591021,
        3413420.133591021,
        3413420.133591021,
        3413420.133591021,
        3413420.133591021,
        3413420.133591021,
        3413420.133591021,
        3413420.133591021,
        3413420.133591021,
        3413420.133591021,
        3413420.133591021,
        3413420.133591021,
        3413420.133591021,
        3413420.133591021,
        3413420.133591021,
        3413420.133591021
      ]
    }
  },
  "execution_time": {
    "total_time_ms": 166.5282399042181,
    "forward_backward_time_ms": 181.29626873674337,
    "batch_generator_time_ms": 0.18747555419217338,
    "layernorm_grads_all_reduce_time_ms": 0.0003390635065947852,
    "embedding_grads_all_reduce_time_ms": 0.0006781270131895704,
    "optimizer_time_ms": 24.91951904620879,
    "layer_compute_total_ms": [
      5.517870812438339,
      5.630437430472889,
      5.667466085300866,
      5.62619846689217,
      5.412974989839923,
      5.3844621266090975,
      5.33857472090441,
      5.326047083264492,
      5.389396483800781,
      5.136406075505688,
      4.951262380246905,
      4.856178559380035,
      4.918922866581407,
      4.9863269163069015,
      4.993471319288544,
      5.018251445546083,
      4.97757802294151,
      4.863776887334211,
      4.899380208881987,
      4.8323203092626,
      4.814434336266819,
      4.788811434158794,
      4.760543493629482,
      4.714463182165027,
      4.640723218039631,
      4.649076314162222,
      4.636080124637385,
      4.688792819439168
    ]
  },
  "execution_memory": {
    "total_memory": 88397.4453125,
    "layer_memory_total_mb": [
      52.08465780015596,
      52.08465780015596,
      52.08465780015596,
      52.08465780015596,
      52.08465780015596,
      52.08465780015596,
      52.08465780015596,
      52.08465780015596,
      52.08465780015596,
      52.08465780015596,
      52.08465780015596,
      52.08465780015596,
      52.08465780015596,
      52.08465780015596,
      52.08465780015596,
      52.08465780015596,
      52.08465780015596,
      52.08465780015596,
      52.08465780015596,
      52.08465780015596,
      52.08465780015596,
      52.08465780015596,
      52.08465780015596,
      52.08465780015596,
      52.08465780015596,
      52.08465780015596,
      52.08465780015596,
      52.08465780015596
    ]
  }
}