{
  "model": {
    "model_name": "Qwen/Qwen3-0.6B",
    "num_layers": 28,
    "parameters": {
      "total_parameters_bytes": 3006529536,
      "parameters_per_layer_bytes": [
        3304820.168067227,
        3304820.168067227,
        3304820.168067227,
        3304820.168067227,
        3304820.168067227,
        3304820.168067227,
        3304820.168067227,
        3304820.168067227,
        3304820.168067227,
        3304820.168067227,
        3304820.168067227,
        3304820.168067227,
        3304820.168067227,
        3304820.168067227,
        3304820.168067227,
        3304820.168067227,
        3304820.168067227,
        3304820.168067227,
        3304820.168067227,
        3304820.168067227,
        3304820.168067227,
        3304820.168067227,
        3304820.168067227,
        3304820.168067227,
        3304820.168067227,
        3304820.168067227,
        3304820.168067227,
        3304820.168067227
      ]
    }
  },
  "execution_time": {
    "total_time_ms": 562.8518367914029,
    "forward_backward_time_ms": 623.0544857475935,
    "batch_generator_time_ms": 0.5715551464270582,
    "layernorm_grads_all_reduce_time_ms": 0.0010504201680672268,
    "embedding_grads_all_reduce_time_ms": 0.0021008403361344537,
    "optimizer_time_ms": 77.14060058986558,
    "layer_compute_total_ms": [
      18.094917779017734,
      18.567513248823513,
      17.957255462564365,
      18.22668812893739,
      18.46894703183872,
      18.15818270814885,
      18.423134638817086,
      18.426427494956105,
      17.910258639942583,
      17.86769820025539,
      18.091935675054156,
      17.99158411232697,
      17.271648543284464,
      17.441372308115074,
      17.21755888942456,
      17.116042883816505,
      17.307018607280348,
      16.906180042328856,
      17.40625866583256,
      16.87383579307049,
      16.426563391124706,
      16.45756979966233,
      16.38750796976202,
      16.27453806378537,
      15.914225236845581,
      15.993299723600142,
      15.643683864331281,
      16.314682891658908
    ]
  },
  "execution_memory": {
    "total_memory": 28070.94140625,
    "layer_memory_total_mb": [
      50.42755383403362,
      50.42755383403362,
      50.42755383403362,
      50.42755383403362,
      50.42755383403362,
      50.42755383403362,
      50.42755383403362,
      50.42755383403362,
      50.42755383403362,
      50.42755383403362,
      50.42755383403362,
      50.42755383403362,
      50.42755383403362,
      50.42755383403362,
      50.42755383403362,
      50.42755383403362,
      50.42755383403362,
      50.42755383403362,
      50.42755383403362,
      50.42755383403362,
      50.42755383403362,
      50.42755383403362,
      50.42755383403362,
      50.42755383403362,
      50.42755383403362,
      50.42755383403362,
      50.42755383403362,
      50.42755383403362
    ]
  }
}