{
  "model": {
    "model_name": "google-bert/bert-base-uncased",
    "num_layers": 12,
    "parameters": {
      "total_parameters_bytes": 433981440,
      "parameters_per_layer_bytes": [
        480647.74692299863,
        480647.74692299863,
        480647.74692299863,
        480647.74692299863,
        480647.74692299863,
        480647.74692299863,
        480647.74692299863,
        480647.74692299863,
        480647.74692299863,
        480647.74692299863,
        480647.74692299863,
        480647.74692299863
      ]
    }
  },
  "execution_time": {
    "total_time_ms": 40.66569886114482,
    "forward_backward_time_ms": 44.291169783955596,
    "batch_generator_time_ms": 4.9667681144829015,
    "layernorm_grads_all_reduce_time_ms": 0.0003390635065947852,
    "embedding_grads_all_reduce_time_ms": 0.0006781270131895704,
    "optimizer_time_ms": 1.1485685646733441,
    "layer_compute_total_ms": [
      2.845848408590101,
      2.9968096115580445,
      3.2255827356545916,
      2.823801936060903,
      2.8595268494611608,
      2.763516919062103,
      2.771004992562778,
      2.996722976027881,
      2.8159906758860616,
      2.789986861003641,
      2.7156251401127838,
      2.944927885488739
    ]
  },
  "execution_memory": {
    "total_memory": 5280.732421875,
    "layer_memory_total_mb": [
      7.3341025836639195,
      7.3341025836639195,
      7.3341025836639195,
      7.3341025836639195,
      7.3341025836639195,
      7.3341025836639195,
      7.3341025836639195,
      7.3341025836639195,
      7.3341025836639195,
      7.3341025836639195,
      7.3341025836639195,
      7.3341025836639195
    ]
  }
}