{
  "model": {
    "model_name": "Qwen/Qwen3-0.6B",
    "num_layers": 28,
    "parameters": {
      "total_parameters_bytes": 3006529536,
      "parameters_per_layer_bytes": [
        3304820.168067227,
        3304820.168067227,
        3304820.168067227,
        3304820.168067227,
        3304820.168067227,
        3304820.168067227,
        3304820.168067227,
        3304820.168067227,
        3304820.168067227,
        3304820.168067227,
        3304820.168067227,
        3304820.168067227,
        3304820.168067227,
        3304820.168067227,
        3304820.168067227,
        3304820.168067227,
        3304820.168067227,
        3304820.168067227,
        3304820.168067227,
        3304820.168067227,
        3304820.168067227,
        3304820.168067227,
        3304820.168067227,
        3304820.168067227,
        3304820.168067227,
        3304820.168067227,
        3304820.168067227,
        3304820.168067227
      ]
    }
  },
  "execution_time": {
    "total_time_ms": 145.2172573790602,
    "forward_backward_time_ms": 193.13079440431184,
    "batch_generator_time_ms": 0.3288058837251581,
    "layernorm_grads_all_reduce_time_ms": 0.0010504201680672268,
    "embedding_grads_all_reduce_time_ms": 0.0021008403361344537,
    "optimizer_time_ms": -5.49449083811267,
    "layer_compute_total_ms": [
      6.46951142346957,
      6.351007497502577,
      6.206054649355639,
      6.361306879182489,
      6.151130647984766,
      6.185572400674206,
      6.2543428054190935,
      6.41725460855396,
      6.21609951467537,
      6.193734546233078,
      5.331806971466789,
      5.020868763854158,
      5.088958887197713,
      5.030281447813779,
      5.04925116782782,
      5.024735492807245,
      5.222431669042773,
      4.91577764080853,
      4.901896860827633,
      4.846919707516395,
      5.272303649751144,
      5.038530881935584,
      4.583296939919452,
      4.205412342879058,
      4.635327495481699,
      4.33513026514791,
      4.414496059998324,
      4.6563498556167335
    ]
  },
  "execution_memory": {
    "total_memory": 28070.94140625,
    "layer_memory_total_mb": [
      50.42755383403362,
      50.42755383403362,
      50.42755383403362,
      50.42755383403362,
      50.42755383403362,
      50.42755383403362,
      50.42755383403362,
      50.42755383403362,
      50.42755383403362,
      50.42755383403362,
      50.42755383403362,
      50.42755383403362,
      50.42755383403362,
      50.42755383403362,
      50.42755383403362,
      50.42755383403362,
      50.42755383403362,
      50.42755383403362,
      50.42755383403362,
      50.42755383403362,
      50.42755383403362,
      50.42755383403362,
      50.42755383403362,
      50.42755383403362,
      50.42755383403362,
      50.42755383403362,
      50.42755383403362,
      50.42755383403362
    ]
  }
}