{
  "model": {
    "model_name": "google-bert/bert-base-uncased",
    "num_layers": 12,
    "parameters": {
      "total_parameters_bytes": 433981440,
      "parameters_per_layer_bytes": [
        659974.1951761255,
        659974.1951761255,
        659974.1951761255,
        659974.1951761255,
        659974.1951761255,
        659974.1951761255,
        659974.1951761255,
        659974.1951761255,
        659974.1951761255,
        659974.1951761255,
        659974.1951761255,
        659974.1951761255
      ]
    }
  },
  "execution_time": {
    "total_time_ms": 48.01407000928706,
    "forward_backward_time_ms": 60.029126279828574,
    "batch_generator_time_ms": 7.839833582807465,
    "layernorm_grads_all_reduce_time_ms": 0.0004655658250996388,
    "embedding_grads_all_reduce_time_ms": 0.0009311316501992776,
    "optimizer_time_ms": -2.714274780315532,
    "layer_compute_total_ms": [
      3.4644685839928084,
      3.6306115979487297,
      3.6237709804860265,
      3.683781082714965,
      3.6643022042904083,
      3.63674566070947,
      3.6555207021729372,
      3.4942062059162535,
      3.4366747050436484,
      3.4853936501456473,
      3.4889415407714996,
      3.6226975951274327
    ]
  },
  "execution_memory": {
    "total_memory": 5280.732421875,
    "layer_memory_total_mb": [
      10.070407030885704,
      10.070407030885704,
      10.070407030885704,
      10.070407030885704,
      10.070407030885704,
      10.070407030885704,
      10.070407030885704,
      10.070407030885704,
      10.070407030885704,
      10.070407030885704,
      10.070407030885704,
      10.070407030885704
    ]
  }
}