{
  "model": {
    "model_name": "Qwen/Qwen3-0.6B",
    "num_layers": 28,
    "parameters": {
      "total_parameters_bytes": 3006529536,
      "parameters_per_layer_bytes": [
        3304820.168067227,
        3304820.168067227,
        3304820.168067227,
        3304820.168067227,
        3304820.168067227,
        3304820.168067227,
        3304820.168067227,
        3304820.168067227,
        3304820.168067227,
        3304820.168067227,
        3304820.168067227,
        3304820.168067227,
        3304820.168067227,
        3304820.168067227,
        3304820.168067227,
        3304820.168067227,
        3304820.168067227,
        3304820.168067227,
        3304820.168067227,
        3304820.168067227,
        3304820.168067227,
        3304820.168067227,
        3304820.168067227,
        3304820.168067227,
        3304820.168067227,
        3304820.168067227,
        3304820.168067227,
        3304820.168067227
      ]
    }
  },
  "execution_time": {
    "total_time_ms": 489.7554179631759,
    "forward_backward_time_ms": 550.53093587806,
    "batch_generator_time_ms": 0.804370956910195,
    "layernorm_grads_all_reduce_time_ms": 0.0010504201680672268,
    "embedding_grads_all_reduce_time_ms": 0.0021008403361344537,
    "optimizer_time_ms": 60.281264036994614,
    "layer_compute_total_ms": [
      15.92432907028608,
      15.694300222889023,
      16.431572375873625,
      16.25106628156221,
      16.209262906793338,
      16.584239535916847,
      16.59605005221513,
      16.5578196831747,
      16.385965112121305,
      16.664370365610576,
      14.840609587774468,
      14.895224226433236,
      15.322960045538645,
      14.918681225163946,
      15.06432818896734,
      15.027042882750056,
      14.683606579118143,
      14.530198449155701,
      14.699785215041537,
      14.942574907457916,
      14.980317844659288,
      14.768310516314266,
      14.532557271814468,
      14.5159521661826,
      14.855932485482933,
      14.718664612296037,
      14.13324872534277,
      13.937661172830678
    ]
  },
  "execution_memory": {
    "total_memory": 28070.94140625,
    "layer_memory_total_mb": [
      50.42755383403362,
      50.42755383403362,
      50.42755383403362,
      50.42755383403362,
      50.42755383403362,
      50.42755383403362,
      50.42755383403362,
      50.42755383403362,
      50.42755383403362,
      50.42755383403362,
      50.42755383403362,
      50.42755383403362,
      50.42755383403362,
      50.42755383403362,
      50.42755383403362,
      50.42755383403362,
      50.42755383403362,
      50.42755383403362,
      50.42755383403362,
      50.42755383403362,
      50.42755383403362,
      50.42755383403362,
      50.42755383403362,
      50.42755383403362,
      50.42755383403362,
      50.42755383403362,
      50.42755383403362,
      50.42755383403362
    ]
  }
}