{
  "model": {
    "model_name": "Qwen/Qwen3-0.6B",
    "num_layers": 28,
    "parameters": {
      "total_parameters_bytes": 3006529536,
      "parameters_per_layer_bytes": [
        27537757.549234137,
        27537757.549234137,
        27537757.549234137,
        27537757.549234137,
        27537757.549234137,
        27537757.549234137,
        27537757.549234137,
        27537757.549234137,
        27537757.549234137,
        27537757.549234137,
        27537757.549234137,
        27537757.549234137,
        27537757.549234137,
        27537757.549234137,
        27537757.549234137,
        27537757.549234137,
        27537757.549234137,
        27537757.549234137,
        27537757.549234137,
        27537757.549234137,
        27537757.549234137,
        27537757.549234137,
        27537757.549234137,
        27537757.549234137,
        27537757.549234137,
        27537757.549234137,
        27537757.549234137,
        27537757.549234137
      ]
    }
  },
  "execution_time": {
    "total_time_ms": 1001.5854553594121,
    "forward_backward_time_ms": 1151.5603224028862,
    "batch_generator_time_ms": 3.350852070074667,
    "layernorm_grads_all_reduce_time_ms": 0.0087527352297593,
    "embedding_grads_all_reduce_time_ms": 0.0175054704595186,
    "optimizer_time_ms": 101.61298947114216,
    "layer_compute_total_ms": [
      36.77656083671922,
      40.28379627698584,
      43.180695288744296,
      33.43114933927281,
      33.220960947132674,
      33.68615722910377,
      34.02301980448985,
      33.79446258070457,
      34.482269148577686,
      34.25067123046035,
      42.054603066467585,
      42.0951960638677,
      42.36647921053415,
      40.208458314808716,
      29.072252297580356,
      27.49178905859773,
      27.50468501045228,
      27.74747986630771,
      27.972956452823368,
      27.565581518219258,
      26.04303687606598,
      26.578507993061553,
      26.981227467482586,
      26.89561127423649,
      26.71340120629218,
      25.456199883299938,
      23.162847809458896,
      23.5552995607585
    ]
  },
  "execution_memory": {
    "total_memory": 28070.94140625,
    "layer_memory_total_mb": [
      420.19283369803065,
      420.19283369803065,
      420.19283369803065,
      420.19283369803065,
      420.19283369803065,
      420.19283369803065,
      420.19283369803065,
      420.19283369803065,
      420.19283369803065,
      420.19283369803065,
      420.19283369803065,
      420.19283369803065,
      420.19283369803065,
      420.19283369803065,
      420.19283369803065,
      420.19283369803065,
      420.19283369803065,
      420.19283369803065,
      420.19283369803065,
      420.19283369803065,
      420.19283369803065,
      420.19283369803065,
      420.19283369803065,
      420.19283369803065,
      420.19283369803065,
      420.19283369803065,
      420.19283369803065,
      420.19283369803065
    ]
  }
}