{
  "model": {
    "model_name": "Qwen/Qwen3-0.6B",
    "num_layers": 28,
    "parameters": {
      "total_parameters_bytes": 3006529536,
      "parameters_per_layer_bytes": [
        62923776,
        62923776,
        62923776,
        62923776,
        62923776,
        62923776,
        62923776,
        62923776,
        62923776,
        62923776,
        62923776,
        62923776,
        62923776,
        62923776,
        62923776,
        62923776,
        62923776,
        62923776,
        62923776,
        62923776,
        62923776,
        62923776,
        62923776,
        62923776,
        62923776,
        62923776,
        62923776,
        62923776
      ]
    }
  },
  "execution_time": {
    "total_time_ms": 3961.4403634914197,
    "forward_backward_time_ms": 4029.37838473008,
    "batch_generator_time_ms": 6.856568972580135,
    "layernorm_grads_all_reduce_time_ms": 0.02,
    "embedding_grads_all_reduce_time_ms": 0.04,
    "optimizer_time_ms": -74.85459021124058,
    "layer_compute_total_ms": [
      157.42438798770308,
      148.93330677296035,
      148.33022374659777,
      150.4587154922774,
      146.21161224204116,
      139.0009612805443,
      137.89847174484748,
      133.75984676531516,
      135.10045970906503,
      132.43327324744314,
      148.84251872717869,
      147.9014024953358,
      148.01373476802837,
      145.63984375854488,
      147.87106575386133,
      145.93818475259468,
      146.1431292409543,
      145.44036299048457,
      146.6491109895287,
      145.5006725154817,
      140.34419323434122,
      138.98311226512305,
      141.93607599008828,
      142.34643324743956,
      147.55281477118842,
      140.69197401113342,
      132.72705598501489,
      147.3054402449634
    ]
  },
  "execution_memory": {
    "total_memory": 28070.94140625,
    "layer_memory_total_mb": [
      960.140625,
      960.140625,
      960.140625,
      960.140625,
      960.140625,
      960.140625,
      960.140625,
      960.140625,
      960.140625,
      960.140625,
      960.140625,
      960.140625,
      960.140625,
      960.140625,
      960.140625,
      960.140625,
      960.140625,
      960.140625,
      960.140625,
      960.140625,
      960.140625,
      960.140625,
      960.140625,
      960.140625,
      960.140625,
      960.140625,
      960.140625,
      960.140625
    ]
  }
}