{
  "model": {
    "model_name": "Qwen/Qwen3-0.6B",
    "num_layers": 28,
    "parameters": {
      "total_parameters_bytes": 3006529536,
      "parameters_per_layer_bytes": [
        62923776,
        62923776,
        62923776,
        62923776,
        62923776,
        62923776,
        62923776,
        62923776,
        62923776,
        62923776,
        62923776,
        62923776,
        62923776,
        62923776,
        62923776,
        62923776,
        62923776,
        62923776,
        62923776,
        62923776,
        62923776,
        62923776,
        62923776,
        62923776,
        62923776,
        62923776,
        62923776,
        62923776
      ]
    }
  },
  "execution_time": {
    "total_time_ms": 6590.742901025806,
    "forward_backward_time_ms": 5995.555671383045,
    "batch_generator_time_ms": 9.56165901152417,
    "layernorm_grads_all_reduce_time_ms": 0.02,
    "embedding_grads_all_reduce_time_ms": 0.04,
    "optimizer_time_ms": 585.5655706312368,
    "layer_compute_total_ms": [
      223.45340249012224,
      225.4888834868325,
      226.2890297861304,
      224.9611459847074,
      221.706151496619,
      224.76094021112658,
      224.55924222595058,
      225.98309452587273,
      223.58315548626706,
      222.45513153029606,
      221.73030325211585,
      226.40835397760384,
      214.72100625396706,
      212.11490548739675,
      219.88143025373574,
      207.64661199063994,
      212.18138198310044,
      209.2603024939308,
      205.636485494324,
      203.91103923611809,
      199.61089550633915,
      200.96530848240945,
      202.29702796495985,
      203.1882877490716,
      206.11321949400008,
      198.31473850354087,
      199.99323649972212,
      208.3409595361445
    ]
  },
  "execution_memory": {
    "total_memory": 28070.94140625,
    "layer_memory_total_mb": [
      960.140625,
      960.140625,
      960.140625,
      960.140625,
      960.140625,
      960.140625,
      960.140625,
      960.140625,
      960.140625,
      960.140625,
      960.140625,
      960.140625,
      960.140625,
      960.140625,
      960.140625,
      960.140625,
      960.140625,
      960.140625,
      960.140625,
      960.140625,
      960.140625,
      960.140625,
      960.140625,
      960.140625,
      960.140625,
      960.140625,
      960.140625,
      960.140625
    ]
  }
}