{
  "model": {
    "model_name": "Qwen/Qwen3-0.6B",
    "num_layers": 28,
    "parameters": {
      "total_parameters_bytes": 3006529536,
      "parameters_per_layer_bytes": [
        62923776,
        62923776,
        62923776,
        62923776,
        62923776,
        62923776,
        62923776,
        62923776,
        62923776,
        62923776,
        62923776,
        62923776,
        62923776,
        62923776,
        62923776,
        62923776,
        62923776,
        62923776,
        62923776,
        62923776,
        62923776,
        62923776,
        62923776,
        62923776,
        62923776,
        62923776,
        62923776,
        62923776
      ]
    }
  },
  "execution_time": {
    "total_time_ms": 9324.943158018868,
    "forward_backward_time_ms": 8161.812667734921,
    "batch_generator_time_ms": 15.315223019570112,
    "layernorm_grads_all_reduce_time_ms": 0.02,
    "embedding_grads_all_reduce_time_ms": 0.04,
    "optimizer_time_ms": 1147.7552672643774,
    "layer_compute_total_ms": [
      303.19922549824696,
      298.819476243807,
      312.85713803663384,
      309.4203020009445,
      308.62436574534513,
      315.76392076385673,
      315.98879299417604,
      315.2608867676463,
      311.98877573478967,
      317.2896117612254,
      282.56520655122586,
      283.6050692712888,
      291.7491592670558,
      284.05169052712154,
      286.82480871793814,
      286.11489648756105,
      279.5758692664094,
      276.65497847192455,
      279.8839104943909,
      284.5066262379987,
      285.22525176231284,
      281.1886322306236,
      276.6998904553475,
      276.3837292441167,
      282.85695452359505,
      280.2433742181165,
      269.09705573052634,
      265.3730687306961
    ]
  },
  "execution_memory": {
    "total_memory": 28070.94140625,
    "layer_memory_total_mb": [
      960.140625,
      960.140625,
      960.140625,
      960.140625,
      960.140625,
      960.140625,
      960.140625,
      960.140625,
      960.140625,
      960.140625,
      960.140625,
      960.140625,
      960.140625,
      960.140625,
      960.140625,
      960.140625,
      960.140625,
      960.140625,
      960.140625,
      960.140625,
      960.140625,
      960.140625,
      960.140625,
      960.140625,
      960.140625,
      960.140625,
      960.140625,
      960.140625
    ]
  }
}