{
  "model": {
    "model_name": "Qwen/Qwen3-0.6B",
    "num_layers": 28,
    "parameters": {
      "total_parameters_bytes": 3006529536,
      "parameters_per_layer_bytes": [
        62923776,
        62923776,
        62923776,
        62923776,
        62923776,
        62923776,
        62923776,
        62923776,
        62923776,
        62923776,
        62923776,
        62923776,
        62923776,
        62923776,
        62923776,
        62923776,
        62923776,
        62923776,
        62923776,
        62923776,
        62923776,
        62923776,
        62923776,
        62923776,
        62923776,
        62923776,
        62923776,
        62923776
      ]
    }
  },
  "execution_time": {
    "total_time_ms": 6898.085467983037,
    "forward_backward_time_ms": 5822.032165990095,
    "batch_generator_time_ms": 8.432090980932117,
    "layernorm_grads_all_reduce_time_ms": 0.02,
    "embedding_grads_all_reduce_time_ms": 0.04,
    "optimizer_time_ms": 1067.5612110120105,
    "layer_compute_total_ms": [
      232.2129210224375,
      227.67722349090036,
      226.21594999509398,
      226.18158397381194,
      225.70347700093407,
      226.58764051448088,
      222.81812949222513,
      224.2319769866299,
      229.34001550311223,
      236.1761204956565,
      231.2095375091303,
      229.91977049969137,
      227.40794249693863,
      215.06281399342697,
      203.76404748822097,
      210.03897601622157,
      208.6618500034092,
      214.69496600911953,
      198.66928899136838,
      193.70175201038364,
      187.7911864867201,
      186.99465598911047,
      191.01781300560106,
      192.6109595078742,
      189.12942499446217,
      160.77788549591787,
      147.63395101181231,
      155.8003060054034
    ]
  },
  "execution_memory": {
    "total_memory": 28070.94140625,
    "layer_memory_total_mb": [
      960.140625,
      960.140625,
      960.140625,
      960.140625,
      960.140625,
      960.140625,
      960.140625,
      960.140625,
      960.140625,
      960.140625,
      960.140625,
      960.140625,
      960.140625,
      960.140625,
      960.140625,
      960.140625,
      960.140625,
      960.140625,
      960.140625,
      960.140625,
      960.140625,
      960.140625,
      960.140625,
      960.140625,
      960.140625,
      960.140625,
      960.140625,
      960.140625
    ]
  }
}